"cliente_id","tipo_cliente","antiguedad_meses","tiene_movil","tiene_hogar","oferta_hogar_id","tiene_internet_hogar","es_movistar_total","elegible_mt","plan_actual_id","monto_facturado_prom","edad_rango","ubicacion_departamento","es_usuario_app","consumo_datos_gb_prom","consumo_voz_min_prom","consumo_sms_prom","uso_app_movistar_prom","monto_facturado_prom_6m","dias_mora_prom","meses_moroso","n_reclamos","n_actividad_canal","canal_mas_usado"
"CLI000001","postpago","17","True","False","","False","False","False","OF002","58.39","56-65","Junin","True","20.103333333333335","200.0","8.166666666666666","3.3333333333333335","58.251666666666665","24.833333333333332","3","0","7","Call In"
"CLI000002","","140","False","True","OF009","True","False","False","OF009","111.41","26-35","Cusco","True","2.598333333333333","219.0","8.5","2.5","112.18666666666667","18.0","2","0","3","Digital"
"CLI000003","postpago","118","True","True","OF007","False","False","False","OF004","100.71","36-45","Arequipa","False","64.24333333333334","149.16666666666666","8.5","0.0","99.63","1.1666666666666667","0","1","3","Tienda"
"CLI000004","prepago","79","True","False","","False","False","False","OF003","70.44","18-25","La Libertad","True","30.84166666666667","183.16666666666666","5.833333333333333","2.0","71.75833333333334","15.333333333333334","2","0","6","Call In"
"CLI000005","prepago","78","True","False","","False","False","False","OF003","76.87","36-45","Lambayeque","True","37.77333333333333","271.8333333333333","5.166666666666667","2.1666666666666665","77.00666666666666","17.333333333333332","2","0","1","Digital"
"CLI000006","prepago","155","True","False","","False","False","False","OF001","36.57","26-35","Lima","True","9.668333333333333","155.5","7.166666666666667","3.1666666666666665","35.986666666666665","10.0","1","1","4","Tienda"
"CLI000007","postpago","16","True","False","","False","False","False","OF001","36.15","36-45","Lima","True","9.963333333333333","105.66666666666667","8.333333333333334","2.6666666666666665","36.425000000000004","15.333333333333334","3","0","4","Call Out"
"CLI000008","prepago","126","True","True","OF006","True","False","False","OF003","87.75","26-35","Lima","True","36.295","154.33333333333334","9.5","2.5","87.95833333333333","15.333333333333334","2","2","11","Digital"
"CLI000009","prepago","37","True","True","OF008","True","False","False","OF004","102.87","56-65","Lima","True","55.73","157.16666666666666","6.5","3.3333333333333335","102.71666666666665","5.333333333333333","1","0","8","Digital"
"CLI000010","postpago","17","True","False","","False","False","False","OF004","92.99","18-25","Lima","True","50.91833333333333","237.83333333333334","8.666666666666666","3.3333333333333335","91.425","13.833333333333334","2","0","5","Tienda"
"CLI000011","","95","False","True","OF005","True","False","False","OF005","83.53","46-55","Junin","True","2.4966666666666666","116.0","6.5","3.3333333333333335","83.71833333333333","0.0","0","0","7","Call In"
"CLI000012","postpago","176","True","False","","False","False","False","OF004","100.54","56-65","Piura","True","53.251666666666665","182.66666666666666","8.166666666666666","2.0","100.37333333333333","0.0","0","0","5","Call In"
"CLI000013","postpago","133","True","True","OF006","True","False","True","OF004","89.49","18-25","Lima","True","52.49166666666667","194.83333333333334","5.5","2.8333333333333335","89.08833333333332","6.166666666666667","1","0","5","Digital"
"CLI000014","prepago","138","True","True","OF005","True","False","False","OF004","91.01","36-45","Lima","True","58.065","203.0","7.0","1.8333333333333333","90.35166666666667","4.333333333333333","1","0","5","Digital"
"CLI000015","","130","False","True","OF007","False","False","False","OF007","79.78","36-45","Lima","True","2.0166666666666666","176.16666666666666","6.0","4.666666666666667","78.35333333333334","6.833333333333333","1","0","3","Call In"
"CLI000016","prepago","142","True","True","OF006","True","False","False","OF002","56.64","65+","Arequipa","True","19.391666666666666","188.16666666666666","8.333333333333334","2.8333333333333335","57.09833333333333","1.6666666666666667","0","0","5","Tienda"
"CLI000017","prepago","93","True","True","OF005","True","False","False","OF003","82.41","56-65","Lima","False","35.83833333333333","131.5","8.333333333333334","0.0","84.53","0.0","0","0","6","Call In"
"CLI000018","postpago","24","True","True","OF005","True","True","False","OF021","198.36","26-35","Otro","True","35.60666666666666","182.33333333333334","10.333333333333334","3.0","196.62166666666667","9.333333333333334","1","0","3","Tienda"
"CLI000019","prepago","152","True","True","OF005","True","False","False","OF002","54.74","65+","Lima","True","20.570000000000004","179.5","9.5","2.6666666666666665","53.78","15.5","2","0","3","Digital"
"CLI000020","postpago","82","True","False","","False","False","False","OF004","92.48","26-35","Piura","True","65.44","207.16666666666666","7.166666666666667","1.8333333333333333","91.57333333333334","10.333333333333334","2","2","7","Tienda"
"CLI000021","postpago","91","True","False","","False","False","False","OF002","54.06","26-35","La Libertad","True","17.55666666666667","194.0","7.833333333333333","2.6666666666666665","54.416666666666664","17.333333333333332","2","0","4","Digital"
"CLI000022","postpago","67","True","False","","False","False","False","OF003","62.28","36-45","Lima","True","39.58166666666667","174.16666666666666","7.833333333333333","3.0","62.550000000000004","3.6666666666666665","1","0","5","Digital"
"CLI000023","prepago","33","True","True","OF005","True","False","False","OF001","42.18","46-55","Lima","True","9.913333333333332","281.1666666666667","11.0","3.3333333333333335","42.07833333333333","8.333333333333334","2","0","7","Tienda"
"CLI000024","postpago","167","True","False","","False","False","False","OF004","103.26","26-35","Lambayeque","True","63.965","211.0","8.333333333333334","2.1666666666666665","103.00166666666667","4.166666666666667","1","2","5","Digital"
"CLI000025","postpago","141","True","False","","False","False","False","OF003","83.45","46-55","Lima","True","36.52","187.0","7.0","2.5","84.91833333333334","0.0","0","0","4","Call In"
"CLI000026","","116","False","True","OF005","True","False","False","OF005","86.41","18-25","Lambayeque","True","2.605","212.5","7.833333333333333","3.6666666666666665","86.04833333333333","0.0","0","0","5","Digital"
"CLI000027","postpago","73","True","False","","False","False","False","OF001","38.42","26-35","Piura","True","9.31","207.66666666666666","7.833333333333333","2.6666666666666665","38.138333333333335","16.666666666666668","2","0","3","Digital"
"CLI000028","prepago","149","True","True","OF010","True","False","False","OF004","100.87","65+","Lima","True","58.43833333333333","168.0","7.666666666666667","3.0","100.17166666666667","0.0","0","0","2","Call Out"
"CLI000029","postpago","99","True","True","OF005","True","True","False","OF020","146.65","36-45","Lima","False","30.506666666666664","171.83333333333334","9.0","0.0","145.12333333333333","0.0","0","0","4","Call Out"
"CLI000030","","80","False","True","OF005","True","False","False","OF005","87.46","36-45","Arequipa","True","1.3583333333333334","203.66666666666666","9.333333333333334","2.0","87.03333333333332","14.833333333333334","2","0","2","Call Out"
"CLI000031","prepago","82","True","False","","False","False","False","OF004","96.71","46-55","Lima","False","56.865","211.66666666666666","9.333333333333334","0.0","94.76333333333334","0.0","0","0","11","Call In"
"CLI000032","prepago","41","True","False","","False","False","False","OF004","106.73","36-45","Cusco","True","45.92666666666667","182.5","7.666666666666667","3.0","105.72166666666668","3.3333333333333335","1","0","5","Digital"
"CLI000033","postpago","17","True","True","OF008","True","True","False","OF020","149.18","18-25","Lima","True","22.794999999999998","131.66666666666666","6.5","2.8333333333333335","150.11333333333334","20.5","3","0","3","Tienda"
"CLI000034","postpago","100","True","True","OF007","False","False","False","OF001","39.68","36-45","Otro","True","7.075","229.0","7.333333333333333","1.8333333333333333","39.67333333333333","0.0","0","0","5","Digital"
"CLI000035","postpago","160","True","False","","False","False","False","OF004","108.02","65+","Lima","False","55.32666666666666","165.16666666666666","7.833333333333333","0.0","107.205","0.0","0","0","5","Digital"
"CLI000036","prepago","12","True","False","","False","False","False","OF003","78.11","26-35","Lima","True","32.483333333333334","244.83333333333334","6.666666666666667","1.8333333333333333","79.00833333333334","31.5","4","0","4","Digital"
"CLI000037","postpago","155","True","False","","False","False","False","OF001","37.08","18-25","Arequipa","False","8.448333333333332","232.66666666666666","6.666666666666667","0.0","37.46","9.5","1","0","5","Call Out"
"CLI000038","postpago","149","True","False","","False","False","False","OF004","107.9","46-55","Arequipa","True","67.19833333333334","162.0","8.5","2.1666666666666665","109.60166666666667","4.333333333333333","1","0","7","Call In"
"CLI000039","prepago","50","True","False","","False","False","False","OF002","56.34","36-45","Ica","True","20.37","205.0","9.5","3.0","56.42333333333334","5.333333333333333","1","0","7","Digital"
"CLI000040","prepago","114","True","True","OF006","True","False","False","OF003","78.74","26-35","Lima","True","37.596666666666664","134.83333333333334","7.5","2.3333333333333335","80.97","10.666666666666666","1","0","7","Tienda"
"CLI000041","postpago","30","True","True","OF005","True","False","True","OF003","86.1","36-45","Cusco","True","38.531666666666666","129.16666666666666","7.166666666666667","2.6666666666666665","86.77","9.333333333333334","1","0","3","Call In"
"CLI000042","postpago","137","True","False","","False","False","False","OF001","39.6","56-65","Lima","False","10.926666666666668","212.33333333333334","8.666666666666666","0.0","40.36333333333334","6.166666666666667","1","0","5","Digital"
"CLI000043","prepago","127","True","False","","False","False","False","OF002","61.01","26-35","Lima","True","17.136666666666667","193.0","9.5","2.6666666666666665","60.105","20.333333333333332","3","0","5","Digital"
"CLI000044","prepago","64","True","False","","False","False","False","OF003","89.88","26-35","Lima","True","36.660000000000004","204.0","9.666666666666666","4.666666666666667","89.31333333333333","2.1666666666666665","0","3","2","Call Out"
"CLI000045","","13","False","True","OF005","True","False","False","OF005","88.91","36-45","Piura","True","1.8783333333333332","174.16666666666666","7.833333333333333","3.1666666666666665","87.21166666666666","12.5","3","2","3","Tienda"
"CLI000046","postpago","175","True","False","","False","False","False","OF002","57.39","36-45","Lima","True","24.3","180.0","9.0","2.8333333333333335","58.785","1.0","0","0","2","Call In"
"CLI000047","postpago","81","True","False","","False","False","False","OF001","40.46","18-25","Lima","True","10.013333333333334","217.83333333333334","7.833333333333333","1.6666666666666667","40.376666666666665","9.666666666666666","1","0","9","Call In"
"CLI000048","postpago","161","True","True","OF006","True","False","True","OF004","105.5","36-45","Junin","True","52.115","172.66666666666666","8.166666666666666","4.166666666666667","105.22833333333334","5.833333333333333","1","0","10","Call In"
"CLI000049","postpago","123","True","False","","False","False","False","OF003","84.65","36-45","Otro","False","38.471666666666664","173.83333333333334","8.666666666666666","0.0","84.83","0.0","0","0","10","Tienda"
"CLI000050","postpago","141","True","False","","False","False","False","OF004","94.23","36-45","Arequipa","False","49.75","191.5","8.0","0.0","93.49666666666667","9.666666666666666","1","3","5","Call Out"
"CLI000051","prepago","137","True","False","","False","False","False","OF003","77.2","26-35","Cusco","False","34.93666666666666","130.33333333333334","10.166666666666666","0.0","75.80166666666666","7.166666666666667","1","0","8","Tienda"
"CLI000052","prepago","36","True","False","","False","False","False","OF004","98.89","26-35","Lima","True","49.01499999999999","192.0","7.333333333333333","3.3333333333333335","98.11666666666667","0.0","0","0","4","Digital"
"CLI000053","postpago","66","True","True","OF006","True","False","True","OF002","60.34","26-35","Piura","True","18.98","307.6666666666667","9.333333333333334","3.6666666666666665","60.15833333333333","9.0","2","0","6","Call In"
"CLI000054","prepago","85","True","False","","False","False","False","OF001","39.59","46-55","Arequipa","True","9.936666666666666","184.16666666666666","8.666666666666666","2.0","39.38666666666666","8.833333333333334","1","0","14","Digital"
"CLI000055","postpago","90","True","False","","False","False","False","OF003","71.39","36-45","Lambayeque","True","50.275","163.0","7.333333333333333","1.5","69.86","5.833333333333333","1","0","4","Call Out"
"CLI000056","postpago","8","True","True","OF006","True","True","False","OF021","170.56","26-35","Lima","True","41.68666666666667","172.5","7.166666666666667","2.8333333333333335","173.58166666666668","28.833333333333332","4","0","6","Digital"
"CLI000057","prepago","99","True","True","OF007","False","False","False","OF001","37.84","36-45","Otro","True","9.208333333333334","192.0","8.0","4.166666666666667","37.315","0.0","0","0","6","Tienda"
"CLI000058","prepago","28","True","True","OF005","True","False","False","OF004","76.17","26-35","Ica","False","58.68833333333333","148.5","7.333333333333333","0.0","74.22666666666667","13.166666666666666","2","0","6","Tienda"
"CLI000059","prepago","134","True","True","OF010","True","False","False","OF001","35.51","56-65","Lima","True","10.683333333333332","273.8333333333333","8.0","3.0","35.086666666666666","8.833333333333334","1","3","4","Digital"
"CLI000060","postpago","123","True","True","OF010","True","False","True","OF001","37.48","46-55","Lima","True","7.171666666666667","164.16666666666666","7.5","3.0","37.915","17.666666666666668","3","0","8","Tienda"
"CLI000061","prepago","167","True","True","OF007","False","False","False","OF003","76.45","18-25","Lima","True","34.93666666666667","226.33333333333334","8.166666666666666","2.8333333333333335","76.34166666666667","1.3333333333333333","0","0","7","Digital"
"CLI000062","prepago","135","True","False","","False","False","False","OF002","52.38","18-25","Cusco","True","20.038333333333334","133.33333333333334","7.166666666666667","3.8333333333333335","52.57333333333333","2.5","0","0","5","Digital"
"CLI000063","","66","False","True","OF006","True","False","False","OF006","123.36","18-25","Lima","True","2.1300000000000003","96.16666666666667","7.833333333333333","2.6666666666666665","124.92166666666667","8.833333333333334","1","0","4","Digital"
"CLI000064","postpago","175","True","False","","False","False","False","OF002","60.46","18-25","Arequipa","True","19.73","171.5","7.5","4.0","60.925000000000004","7.833333333333333","2","0","7","Call In"
"CLI000065","prepago","74","True","False","","False","False","False","OF004","86.5","36-45","Lima","True","57.07","158.66666666666666","8.5","3.0","87.83333333333333","7.0","1","3","4","Tienda"
"CLI000066","postpago","59","True","False","","False","False","False","OF003","81.07","26-35","Cusco","True","35.20333333333333","159.0","10.166666666666666","2.3333333333333335","81.47","0.0","0","0","2","Tienda"
"CLI000067","prepago","163","True","True","OF008","True","False","False","OF004","103.17","46-55","Lima","False","62.51666666666667","179.16666666666666","5.666666666666667","0.0","103.52","6.333333333333333","1","2","6","Call Out"
"CLI000068","postpago","67","True","True","OF005","True","True","False","OF022","208.96","36-45","Piura","False","61.04","155.0","6.5","0.0","206.45666666666668","0.0","0","0","5","Call In"
"CLI000069","postpago","14","True","True","OF007","False","False","False","OF002","68.11","18-25","Lima","True","19.208333333333332","148.83333333333334","8.5","2.5","69.76333333333334","29.5","3","1","6","Tienda"
"CLI000070","prepago","85","True","False","","False","False","False","OF002","59.32","18-25","Otro","True","19.07","174.66666666666666","9.666666666666666","2.6666666666666665","57.56166666666667","10.0","1","0","6","Tienda"
"CLI000071","","144","False","True","OF009","True","False","False","OF009","133.8","18-25","Lima","True","1.3283333333333334","211.5","7.833333333333333","3.0","134.54333333333332","10.5","2","0","6","Call In"
"CLI000072","postpago","35","True","False","","False","False","False","OF004","118.16","36-45","Arequipa","False","38.263333333333335","213.16666666666666","8.166666666666666","0.0","114.485","6.333333333333333","1","0","6","Call In"
"CLI000073","postpago","84","True","True","OF008","True","False","True","OF004","105.81","36-45","La Libertad","True","76.34166666666667","228.16666666666666","7.5","3.5","105.375","5.333333333333333","1","0","5","Call Out"
"CLI000074","prepago","24","True","True","OF010","True","False","False","OF002","60.68","26-35","Junin","True","18.483333333333334","198.66666666666666","7.5","3.1666666666666665","60.24166666666667","20.333333333333332","3","0","6","Tienda"
"CLI000075","postpago","124","True","True","OF007","False","False","False","OF004","107.45","18-25","Junin","False","54.20333333333334","130.33333333333334","8.666666666666666","0.0","107.89333333333333","10.666666666666666","2","0","6","Call In"
"CLI000076","postpago","86","True","False","","False","False","False","OF001","37.62","56-65","Lima","True","11.203333333333333","191.33333333333334","7.666666666666667","3.0","37.818333333333335","5.833333333333333","1","0","8","Digital"
"CLI000077","postpago","60","True","False","","False","False","False","OF003","74.88","26-35","Lima","True","25.313333333333333","151.83333333333334","7.666666666666667","3.0","73.415","8.166666666666666","1","0","4","Digital"
"CLI000078","postpago","41","True","True","OF006","True","True","False","OF022","237.59","26-35","Lambayeque","True","68.405","201.66666666666666","6.333333333333333","1.8333333333333333","234.96333333333334","13.666666666666666","2","0","6","Digital"
"CLI000079","postpago","102","True","False","","False","False","False","OF003","85.96","26-35","Cusco","True","33.87833333333333","201.66666666666666","7.166666666666667","2.0","87.54833333333333","8.666666666666666","1","0","5","Call Out"
"CLI000080","prepago","121","True","False","","False","False","False","OF004","103.84","18-25","Piura","True","49.37833333333333","154.5","9.0","2.5","101.935","0.8333333333333334","0","2","3","Digital"
"CLI000081","prepago","170","True","True","OF010","True","False","False","OF002","62.16","46-55","Lima","True","19.146666666666665","153.5","8.833333333333334","3.3333333333333335","61.428333333333335","2.8333333333333335","1","0","3","Digital"
"CLI000082","postpago","79","True","False","","False","False","False","OF004","93.95","36-45","Ica","True","60.504999999999995","179.16666666666666","7.666666666666667","2.1666666666666665","94.16166666666668","9.666666666666666","1","0","4","Digital"
"CLI000083","postpago","29","True","False","","False","False","False","OF004","90.61","26-35","Otro","False","57.781666666666666","212.83333333333334","9.833333333333334","0.0","88.80499999999999","5.333333333333333","1","3","4","Call In"
"CLI000084","postpago","150","True","True","OF009","True","False","True","OF003","80.07","26-35","Lima","True","29.98","142.83333333333334","8.0","3.0","79.55","9.333333333333334","1","0","9","Tienda"
"CLI000085","postpago","114","True","False","","False","False","False","OF002","62.87","36-45","Lambayeque","True","18.371666666666666","249.5","6.833333333333333","1.8333333333333333","62.68666666666667","6.5","1","0","10","Digital"
"CLI000086","postpago","127","True","False","","False","False","False","OF004","103.52","26-35","Piura","True","54.504999999999995","233.16666666666666","8.5","2.3333333333333335","105.10666666666667","13.833333333333334","2","0","5","Call Out"
"CLI000087","postpago","18","True","False","","False","False","False","OF004","93.44","65+","Lima","False","59.665","232.5","8.833333333333334","0.0","93.82666666666667","31.0","4","1","5","Digital"
"CLI000088","prepago","57","True","True","OF008","True","False","False","OF001","39.88","36-45","Lima","True","10.555","163.66666666666666","8.833333333333334","2.6666666666666665","40.571666666666665","0.0","0","0","14","Digital"
"CLI000089","prepago","139","True","True","OF009","True","False","False","OF004","87.94","56-65","Junin","True","71.53666666666668","165.66666666666666","7.5","2.6666666666666665","87.16000000000001","7.833333333333333","1","0","5","Tienda"
"CLI000090","prepago","150","True","False","","False","False","False","OF004","111.27","26-35","Lambayeque","True","60.775","152.16666666666666","7.333333333333333","2.6666666666666665","113.35333333333334","0.0","0","1","5","Call Out"
"CLI000091","postpago","79","True","False","","False","False","False","OF003","82.3","36-45","Ica","True","38.574999999999996","237.16666666666666","8.666666666666666","1.3333333333333333","81.53","5.833333333333333","1","0","8","Tienda"
"CLI000092","prepago","145","True","True","OF005","True","False","False","OF004","101.79","26-35","Otro","True","51.71666666666667","111.33333333333333","6.833333333333333","3.3333333333333335","101.73333333333333","11.666666666666666","1","0","7","Call In"
"CLI000093","prepago","152","True","True","OF010","True","False","False","OF002","67.53","56-65","Lima","False","17.673333333333332","155.83333333333334","8.833333333333334","0.0","67.385","0.0","0","0","4","Call Out"
"CLI000094","postpago","70","True","True","OF010","True","False","True","OF004","106.48","36-45","Lambayeque","False","62.88999999999999","129.0","8.333333333333334","0.0","107.14166666666667","8.0","1","0","7","Call In"
"CLI000095","prepago","162","True","False","","False","False","False","OF002","66.02","36-45","Ica","False","16.535","159.83333333333334","10.166666666666666","0.0","66.13333333333334","11.0","2","0","3","Tienda"
"CLI000096","prepago","52","True","False","","False","False","False","OF002","63.4","18-25","Ica","True","16.95","206.33333333333334","8.0","4.0","63.40333333333333","8.666666666666666","1","0","4","Call In"
"CLI000097","prepago","44","True","False","","False","False","False","OF002","57.69","36-45","Arequipa","True","18.713333333333335","201.16666666666666","7.5","3.5","57.93333333333334","2.3333333333333335","0","0","12","Call In"
"CLI000098","prepago","123","True","False","","False","False","False","OF001","34.68","36-45","Lima","True","8.945","147.0","7.0","2.6666666666666665","34.538333333333334","6.166666666666667","1","0","4","Digital"
"CLI000099","postpago","115","True","False","","False","False","False","OF002","61.14","26-35","Otro","True","21.436666666666667","235.0","7.166666666666667","3.3333333333333335","61.94","0.0","0","0","4","Call Out"
"CLI000100","postpago","26","True","False","","False","False","False","OF002","55.5","46-55","Otro","True","14.436666666666667","207.33333333333334","8.166666666666666","3.1666666666666665","55.81","18.666666666666668","2","0","7","Call In"
"CLI000101","prepago","150","True","False","","False","False","False","OF001","39.54","36-45","Ica","True","8.593333333333334","222.0","8.166666666666666","2.5","39.99","1.8333333333333333","0","0","8","Digital"
"CLI000102","prepago","36","True","False","","False","False","False","OF004","92.97","36-45","La Libertad","True","49.718333333333334","218.0","6.666666666666667","2.0","91.45666666666666","11.333333333333334","2","0","8","Call In"
"CLI000103","postpago","145","True","False","","False","False","False","OF004","91.2","26-35","Arequipa","False","61.48833333333334","201.0","6.833333333333333","0.0","90.31","0.0","0","0","5","Call In"
"CLI000104","prepago","2","True","False","","False","False","False","OF002","56.61","46-55","Lambayeque","True","18.53833333333333","143.16666666666666","7.833333333333333","3.5","57.57333333333333","6.666666666666667","2","0","3","Digital"
"CLI000105","postpago","144","True","False","","False","False","False","OF001","46.64","18-25","Arequipa","False","8.095","139.16666666666666","9.333333333333334","0.0","46.90833333333333","0.0","0","0","5","Digital"
"CLI000106","postpago","142","True","False","","False","False","False","OF003","72.02","36-45","Lima","True","35.30833333333333","198.66666666666666","6.833333333333333","2.0","72.69500000000001","0.0","0","0","7","Tienda"
"CLI000107","prepago","141","True","True","OF005","True","False","False","OF004","103.94","56-65","Arequipa","True","68.705","223.33333333333334","7.833333333333333","3.1666666666666665","104.18166666666667","11.5","2","2","5","Call Out"
"CLI000108","","120","False","True","OF005","True","False","False","OF005","85.18","26-35","La Libertad","True","2.418333333333333","138.83333333333334","6.5","2.8333333333333335","84.13666666666667","10.0","1","0","2","Tienda"
"CLI000109","prepago","85","True","False","","False","False","False","OF001","40.8","56-65","Lima","False","9.923333333333334","187.0","7.833333333333333","0.0","40.49","3.8333333333333335","1","0","3","Call Out"
"CLI000110","postpago","127","True","False","","False","False","False","OF001","43.18","56-65","Lima","True","10.315","146.66666666666666","7.666666666666667","4.833333333333333","44.05666666666667","0.0","0","0","3","Call Out"
"CLI000111","postpago","50","True","True","OF007","False","False","False","OF001","41.71","26-35","Cusco","True","6.785","167.33333333333334","8.166666666666666","5.0","42.568333333333335","16.5","2","0","9","Call In"
"CLI000112","postpago","141","True","False","","False","False","False","OF002","66.39","18-25","La Libertad","True","20.775000000000002","167.5","9.5","4.0","64.84166666666667","12.833333333333334","2","0","8","Digital"
"CLI000113","postpago","101","True","False","","False","False","False","OF001","36.7","46-55","Lima","True","10.578333333333333","203.16666666666666","7.666666666666667","3.0","36.876666666666665","11.333333333333334","1","0","9","Digital"
"CLI000114","","83","False","True","OF005","True","False","False","OF005","89.49","65+","Arequipa","False","2.865","216.0","8.166666666666666","0.0","88.75833333333333","1.1666666666666667","0","0","4","Call In"
"CLI000115","postpago","92","True","True","OF008","True","False","True","OF002","63.09","26-35","Lima","True","17.525000000000002","141.83333333333334","6.333333333333333","4.0","61.928333333333335","2.0","0","2","7","Digital"
"CLI000116","prepago","103","True","False","","False","False","False","OF001","40.02","56-65","Arequipa","True","10.243333333333334","221.66666666666666","7.166666666666667","3.3333333333333335","40.805","9.5","1","0","8","Digital"
"CLI000117","prepago","7","True","False","","False","False","False","OF001","40.45","26-35","Arequipa","True","9.993333333333334","152.33333333333334","8.166666666666666","3.6666666666666665","41.11666666666667","17.166666666666668","2","0","6","Tienda"
"CLI000118","prepago","26","True","True","OF008","True","False","False","OF002","61.91","26-35","Otro","True","20.080000000000002","216.66666666666666","8.333333333333334","3.3333333333333335","60.75333333333333","9.5","1","0","4","Call In"
"CLI000119","postpago","45","True","False","","False","False","False","OF003","81.27","56-65","Lima","True","37.574999999999996","202.0","6.5","2.1666666666666665","80.39666666666666","0.0","0","0","9","Call In"
"CLI000120","prepago","21","True","False","","False","False","False","OF004","98.45","26-35","Lima","True","68.655","194.0","5.333333333333333","3.6666666666666665","98.10166666666667","8.833333333333334","1","0","5","Digital"
"CLI000121","postpago","80","True","True","OF008","True","True","False","OF022","231.86","46-55","La Libertad","True","47.343333333333334","162.66666666666666","8.0","2.3333333333333335","226.73833333333334","0.0","0","0","0",""
"CLI000122","postpago","121","True","True","OF007","False","False","False","OF001","41.1","18-25","Lima","False","8.535","198.66666666666666","8.833333333333334","0.0","41.705","8.5","1","0","2","Digital"
"CLI000123","prepago","118","True","False","","False","False","False","OF001","41.77","26-35","Cusco","True","9.48","146.66666666666666","9.0","2.5","42.321666666666665","11.166666666666666","2","0","12","Call In"
"CLI000124","postpago","85","True","False","","False","False","False","OF001","46.4","56-65","Junin","True","8.895000000000001","161.83333333333334","7.166666666666667","3.5","46.376666666666665","13.5","2","0","5","Call In"
"CLI000125","postpago","154","True","False","","False","False","False","OF004","101.2","26-35","Lima","True","62.401666666666664","178.16666666666666","6.833333333333333","2.5","100.66666666666667","14.666666666666666","2","2","5","Tienda"
"CLI000126","prepago","102","True","True","OF005","True","False","False","OF002","68.17","46-55","Lambayeque","False","22.33","193.5","9.666666666666666","0.0","68.56833333333334","9.5","1","0","4","Tienda"
"CLI000127","prepago","15","True","False","","False","False","False","OF003","74.32","56-65","Ica","False","36.90833333333333","182.66666666666666","8.5","0.0","74.53833333333334","20.5","3","0","9","Tienda"
"CLI000128","postpago","138","True","False","","False","False","False","OF004","94.19","46-55","Otro","True","61.953333333333326","123.83333333333333","8.833333333333334","3.1666666666666665","94.72833333333334","13.0","2","0","3","Call In"
"CLI000129","prepago","104","True","False","","False","False","False","OF001","43.72","56-65","Piura","False","9.715","150.33333333333334","5.666666666666667","0.0","43.826666666666675","9.5","1","0","4","Digital"
"CLI000130","prepago","115","True","False","","False","False","False","OF004","98.5","56-65","Otro","True","59.48333333333333","163.83333333333334","8.166666666666666","2.5","99.26333333333334","5.666666666666667","1","0","8","Call In"
"CLI000131","postpago","102","True","True","OF009","True","True","False","OF021","214.08","18-25","Lima","True","41.79","148.0","5.333333333333333","3.1666666666666665","213.13833333333332","1.0","0","0","3","Digital"
"CLI000132","postpago","100","True","True","OF007","False","False","False","OF004","87.68","36-45","Lima","True","49.37","155.83333333333334","7.5","2.8333333333333335","89.96833333333332","9.166666666666666","1","0","7","Call Out"
"CLI000133","postpago","17","True","False","","False","False","False","OF001","41.12","26-35","Lima","False","8.833333333333334","209.0","7.666666666666667","0.0","41.071666666666665","21.5","3","0","5","Digital"
"CLI000134","prepago","101","True","False","","False","False","False","OF001","45.74","46-55","Piura","True","9.178333333333333","169.66666666666666","6.0","3.6666666666666665","44.57333333333333","0.0","0","0","5","Digital"
"CLI000135","postpago","144","True","True","OF005","True","False","True","OF002","62.09","46-55","Lambayeque","True","15.275","240.5","7.833333333333333","2.3333333333333335","60.99","8.833333333333334","1","0","13","Digital"
"CLI000136","prepago","55","True","False","","False","False","False","OF004","107.58","26-35","Otro","True","52.468333333333334","256.8333333333333","7.5","2.8333333333333335","107.41000000000001","2.3333333333333335","0","3","4","Call In"
"CLI000137","prepago","109","True","True","OF007","False","False","False","OF004","106.86","46-55","Piura","True","58.82833333333334","212.33333333333334","9.833333333333334","3.1666666666666665","105.13166666666666","0.0","0","0","6","Call In"
"CLI000138","postpago","6","True","True","OF008","True","True","False","OF022","233.9","26-35","Lima","False","51.93166666666667","216.5","8.5","0.0","232.35333333333332","26.166666666666668","4","3","9","Digital"
"CLI000139","prepago","63","True","False","","False","False","False","OF002","64.29","36-45","Junin","True","17.243333333333336","183.0","7.0","3.5","63.50666666666667","0.0","0","1","3","Tienda"
"CLI000140","postpago","79","True","False","","False","False","False","OF002","56.64","26-35","Lima","True","18.901666666666667","156.83333333333334","7.333333333333333","5.166666666666667","57.318333333333335","0.0","0","0","5","Call Out"
"CLI000141","prepago","177","True","True","OF007","False","False","False","OF002","50.06","26-35","Piura","False","19.66","234.83333333333334","8.666666666666666","0.0","48.75333333333333","7.333333333333333","1","0","3","Digital"
"CLI000142","prepago","39","True","True","OF005","True","False","False","OF002","57.16","46-55","Otro","True","21.771666666666665","160.66666666666666","8.666666666666666","2.3333333333333335","56.65","0.0","0","0","7","Digital"
"CLI000143","postpago","50","True","False","","False","False","False","OF001","48.31","36-45","Piura","True","9.988333333333333","191.0","7.5","2.8333333333333335","47.85666666666666","16.0","2","0","3","Call In"
"CLI000144","postpago","74","True","False","","False","False","False","OF003","75.98","56-65","Lima","True","38.03","147.66666666666666","9.5","4.166666666666667","75.78666666666666","7.166666666666667","1","3","3","Tienda"
"CLI000145","postpago","179","True","True","OF005","True","True","False","OF020","138.9","46-55","Lima","True","17.036666666666665","85.5","8.166666666666666","3.0","140.32333333333332","13.5","2","0","7","Digital"
"CLI000146","postpago","154","True","False","","False","False","False","OF003","85.93","56-65","Lima","True","42.531666666666666","219.33333333333334","6.666666666666667","3.3333333333333335","85.54666666666667","12.333333333333334","1","3","9","Digital"
"CLI000147","postpago","7","True","False","","False","False","False","OF003","86.75","46-55","Cusco","True","43.99","131.16666666666666","10.833333333333334","3.1666666666666665","84.32000000000001","13.166666666666666","2","0","3","Tienda"
"CLI000148","prepago","43","True","False","","False","False","False","OF001","35.92","56-65","Lima","True","8.071666666666667","237.33333333333334","8.0","2.1666666666666665","35.373333333333335","2.6666666666666665","1","0","8","Call Out"
"CLI000149","postpago","148","True","True","OF006","True","False","True","OF004","87.16","26-35","Otro","True","53.31666666666666","181.0","9.0","3.3333333333333335","86.77666666666666","5.0","1","0","1","Tienda"
"CLI000150","postpago","11","True","True","OF007","False","False","False","OF003","62.38","36-45","Arequipa","False","34.348333333333336","162.66666666666666","6.666666666666667","0.0","62.48","39.166666666666664","5","2","10","Digital"
"CLI000151","postpago","155","True","False","","False","False","False","OF002","59.55","18-25","Lima","True","18.923333333333332","203.0","9.166666666666666","3.8333333333333335","60.11666666666667","0.0","0","0","6","Tienda"
"CLI000152","postpago","51","True","False","","False","False","False","OF002","62.81","36-45","La Libertad","True","11.826666666666668","189.5","9.166666666666666","4.0","63.23499999999999","0.0","0","0","7","Digital"
"CLI000153","postpago","166","True","True","OF008","True","True","False","OF021","195.92","56-65","Lima","True","47.335","198.66666666666666","8.833333333333334","3.6666666666666665","192.14166666666665","0.0","0","0","5","Digital"
"CLI000154","postpago","53","True","False","","False","False","False","OF004","104.21","46-55","La Libertad","True","57.065","204.83333333333334","6.5","3.3333333333333335","104.93833333333333","12.5","2","2","4","Digital"
"CLI000155","prepago","79","True","True","OF005","True","False","False","OF001","39.25","36-45","Lima","False","7.825","185.66666666666666","9.0","0.0","39.08","0.0","0","0","5","Digital"
"CLI000156","postpago","120","True","False","","False","False","False","OF004","101.57","46-55","Piura","False","43.11833333333334","192.0","7.333333333333333","0.0","101.57666666666667","0.0","0","3","1","Call In"
"CLI000157","postpago","23","True","True","OF006","True","False","True","OF004","103.2","26-35","Arequipa","False","41.71666666666667","191.66666666666666","5.666666666666667","0.0","103.00166666666667","31.166666666666668","5","0","4","Tienda"
"CLI000158","postpago","101","True","True","OF010","True","False","True","OF001","42.66","56-65","Piura","True","11.771666666666667","143.0","7.0","2.3333333333333335","43.17666666666667","8.833333333333334","1","0","6","Digital"
"CLI000159","postpago","91","True","True","OF006","True","False","True","OF001","42.7","26-35","Lima","True","6.84","140.0","8.0","4.166666666666667","42.695","3.6666666666666665","1","0","9","Call Out"
"CLI000160","postpago","142","True","False","","False","False","False","OF002","65.6","26-35","Otro","True","24.415000000000003","222.5","7.833333333333333","2.5","65.495","0.0","0","0","3","Call In"
"CLI000161","postpago","180","True","False","","False","False","False","OF004","96.83","18-25","Lima","True","48.90166666666667","191.16666666666666","7.833333333333333","4.0","96.645","0.0","0","0","5","Digital"
"CLI000162","postpago","120","True","True","OF007","False","False","False","OF001","40.14","56-65","Piura","True","9.674999999999999","170.83333333333334","6.666666666666667","3.5","40.223333333333336","6.333333333333333","2","0","3","Digital"
"CLI000163","postpago","74","True","True","OF008","True","True","False","OF020","129.13","36-45","Lima","False","20.915","192.66666666666666","8.833333333333334","0.0","128.035","0.0","0","0","1","Tienda"
"CLI000164","postpago","74","True","False","","False","False","False","OF001","40.55","36-45","Arequipa","True","9.105","203.16666666666666","8.0","2.5","41.87","4.333333333333333","1","0","3","Tienda"
"CLI000165","","76","False","True","OF005","True","False","False","OF005","100.95","26-35","Lima","True","1.2683333333333333","214.16666666666666","9.0","2.3333333333333335","99.44","5.833333333333333","1","0","5","Tienda"
"CLI000166","prepago","147","True","False","","False","False","False","OF002","59.94","18-25","Arequipa","True","14.838333333333333","200.0","9.333333333333334","2.8333333333333335","59.645","13.333333333333334","2","0","7","Tienda"
"CLI000167","prepago","58","True","True","OF008","True","False","False","OF003","75.15","18-25","La Libertad","False","38.72666666666667","184.5","8.666666666666666","0.0","75.94500000000001","0.8333333333333334","0","0","2","Digital"
"CLI000168","postpago","31","True","True","OF010","True","False","True","OF003","84.99","18-25","Ica","True","38.27166666666667","217.5","7.833333333333333","2.8333333333333335","86.66666666666667","9.833333333333334","2","0","2","Tienda"
"CLI000169","postpago","61","True","False","","False","False","False","OF001","42.06","36-45","Piura","True","8.051666666666668","204.83333333333334","9.166666666666666","3.6666666666666665","42.71","2.1666666666666665","0","0","4","Call In"
"CLI000170","","5","False","True","OF008","True","False","False","OF008","140.2","26-35","Lima","True","2.276666666666667","228.83333333333334","8.0","3.0","142.1783333333333","18.833333333333332","3","0","5","Digital"
"CLI000171","prepago","20","True","True","OF006","True","False","False","OF002","58.44","26-35","Junin","True","20.148333333333333","126.16666666666667","6.666666666666667","2.0","59.31166666666667","28.333333333333332","4","0","4","Tienda"
"CLI000172","prepago","17","True","False","","False","False","False","OF003","71.75","36-45","Lima","True","42.665","125.66666666666667","6.833333333333333","2.5","73.30833333333334","11.333333333333334","2","0","7","Digital"
"CLI000173","postpago","139","True","False","","False","False","False","OF002","58.06","36-45","Arequipa","True","17.676666666666666","138.83333333333334","6.666666666666667","3.0","57.18333333333334","11.0","1","0","8","Digital"
"CLI000174","prepago","131","True","True","OF008","True","False","False","OF001","38.77","56-65","Lima","True","8.565","176.83333333333334","9.0","2.5","38.62","5.666666666666667","1","0","6","Tienda"
"CLI000175","postpago","126","True","True","OF005","True","False","True","OF003","71.11","18-25","Arequipa","False","32.818333333333335","147.0","8.0","0.0","70.99166666666666","0.0","0","0","10","Digital"
"CLI000176","prepago","84","True","False","","False","False","False","OF002","62.81","36-45","Lambayeque","True","22.375","193.16666666666666","6.5","3.3333333333333335","62.218333333333334","9.833333333333334","2","0","4","Digital"
"CLI000177","prepago","130","True","False","","False","False","False","OF002","55.48","18-25","Lima","True","15.725","182.0","10.666666666666666","2.0","55.225","0.0","0","0","4","Digital"
"CLI000178","postpago","30","True","False","","False","False","False","OF004","111.36","56-65","Lima","True","51.61666666666667","170.33333333333334","7.666666666666667","2.3333333333333335","111.02499999999999","13.166666666666666","2","0","8","Digital"
"CLI000179","postpago","163","True","False","","False","False","False","OF003","90.61","56-65","Ica","True","40.16166666666667","182.33333333333334","8.833333333333334","2.0","90.69166666666666","8.833333333333334","1","1","4","Call In"
"CLI000180","postpago","91","True","False","","False","False","False","OF001","40.75","18-25","Lambayeque","True","8.085","199.16666666666666","8.166666666666666","3.1666666666666665","40.276666666666664","0.0","0","0","6","Digital"
"CLI000181","","169","False","True","OF008","True","False","False","OF008","138.45","18-25","Lima","True","1.7433333333333334","177.66666666666666","7.833333333333333","1.0","136.32833333333335","7.833333333333333","1","0","5","Call In"
"CLI000182","prepago","28","True","True","OF009","True","False","False","OF001","41.71","18-25","Arequipa","False","9.196666666666667","161.33333333333334","9.166666666666666","0.0","41.76166666666666","9.333333333333334","2","0","2","Digital"
"CLI000183","postpago","90","True","False","","False","False","False","OF003","81.69","18-25","Lambayeque","True","38.44166666666667","183.66666666666666","7.333333333333333","2.5","81.14166666666667","10.833333333333334","2","0","9","Tienda"
"CLI000184","prepago","126","True","False","","False","False","False","OF004","93.27","26-35","Piura","False","65.13333333333334","207.83333333333334","8.5","0.0","96.055","0.0","0","0","7","Tienda"
"CLI000185","postpago","90","True","False","","False","False","False","OF003","72.76","26-35","Arequipa","False","37.97","151.83333333333334","6.666666666666667","0.0","72.62666666666667","0.0","0","3","5","Digital"
"CLI000186","prepago","81","True","False","","False","False","False","OF004","89.26","26-35","Lima","True","54.00833333333333","140.66666666666666","6.333333333333333","2.0","87.47166666666668","0.0","0","0","2","Call In"
"CLI000187","prepago","30","True","True","OF008","True","False","False","OF002","62.49","18-25","Otro","True","14.281666666666666","148.0","7.5","2.8333333333333335","64.75500000000001","8.0","2","0","5","Digital"
"CLI000188","","69","False","True","OF005","True","False","False","OF005","85.81","26-35","Lambayeque","True","1.8716666666666668","177.83333333333334","7.333333333333333","1.6666666666666667","84.02333333333333","11.666666666666666","2","3","7","Tienda"
"CLI000189","postpago","43","True","False","","False","False","False","OF002","54.36","26-35","Cusco","True","17.858333333333334","209.66666666666666","10.166666666666666","3.1666666666666665","54.96666666666667","11.666666666666666","2","0","5","Call In"
"CLI000190","postpago","55","True","False","","False","False","False","OF001","42.24","26-35","Otro","True","7.901666666666666","239.5","10.0","3.5","42.36833333333333","12.833333333333334","2","0","4","Digital"
"CLI000191","postpago","124","True","True","OF005","True","True","False","OF021","195.82","56-65","Lima","True","51.81666666666667","220.0","9.0","2.6666666666666665","192.79999999999998","6.333333333333333","1","2","6","Tienda"
"CLI000192","","114","False","True","OF005","True","False","False","OF005","92.65","26-35","Lima","True","2.1166666666666667","183.5","7.333333333333333","3.0","90.38","0.0","0","2","4","Digital"
"CLI000193","prepago","110","True","False","","False","False","False","OF003","82.86","26-35","Lima","False","32.63","148.66666666666666","9.0","0.0","83.81666666666666","11.5","2","0","8","Digital"
"CLI000194","prepago","66","True","True","OF006","True","False","False","OF004","85.57","56-65","La Libertad","True","52.78333333333333","156.83333333333334","7.333333333333333","2.8333333333333335","85.64833333333333","3.0","1","0","9","Digital"
"CLI000195","prepago","173","True","False","","False","False","False","OF002","60.04","26-35","Arequipa","True","21.758333333333336","173.83333333333334","10.666666666666666","2.1666666666666665","60.224999999999994","15.333333333333334","3","2","15","Tienda"
"CLI000196","postpago","16","True","False","","False","False","False","OF004","104.03","18-25","Lima","True","54.36666666666667","139.5","8.833333333333334","3.1666666666666665","103.605","18.166666666666668","2","3","4","Tienda"
"CLI000197","prepago","62","True","True","OF010","True","False","False","OF003","79.14","36-45","Lima","True","42.195","137.5","6.666666666666667","2.8333333333333335","78.415","9.166666666666666","1","0","5","Digital"
"CLI000198","postpago","22","True","True","OF005","True","True","False","OF020","147.09","26-35","Ica","True","27.301666666666666","180.16666666666666","8.166666666666666","2.6666666666666665","147.805","10.833333333333334","2","0","6","Digital"
"CLI000199","postpago","62","True","False","","False","False","False","OF001","37.18","36-45","Junin","False","8.486666666666666","194.16666666666666","7.666666666666667","0.0","36.64666666666667","0.0","0","0","4","Tienda"
"CLI000200","postpago","174","True","True","OF009","True","True","False","OF020","138.8","46-55","Lima","False","21.43166666666667","112.5","7.833333333333333","0.0","140.25166666666667","0.0","0","0","8","Digital"
"CLI000201","postpago","66","True","True","OF009","True","False","True","OF002","63.11","36-45","La Libertad","True","19.13","250.0","7.833333333333333","1.8333333333333333","61.70666666666667","6.5","1","1","9","Tienda"
"CLI000202","postpago","164","True","True","OF006","True","True","False","OF021","155.1","46-55","Lima","True","34.428333333333335","117.83333333333333","8.5","3.1666666666666665","155.39166666666668","7.666666666666667","1","2","2","Call Out"
"CLI000203","prepago","90","True","True","OF010","True","False","False","OF004","97.82","26-35","Lima","True","69.70833333333333","225.83333333333334","6.666666666666667","3.1666666666666665","98.13333333333333","0.0","0","0","8","Digital"
"CLI000204","postpago","126","True","False","","False","False","False","OF001","29.9","26-35","Junin","False","9.628333333333332","190.16666666666666","6.333333333333333","0.0","30.061666666666667","0.0","0","0","1","Call In"
"CLI000205","postpago","83","True","True","OF008","True","True","False","OF020","174.78","26-35","Lima","True","21.044999999999998","242.5","10.166666666666666","2.6666666666666665","174.0716666666667","5.333333333333333","1","0","5","Digital"
"CLI000206","prepago","48","True","True","OF008","True","False","False","OF001","39.49","26-35","Cusco","False","7.316666666666666","237.0","7.333333333333333","0.0","40.025","9.666666666666666","1","0","4","Digital"
"CLI000207","prepago","138","True","True","OF006","True","False","False","OF003","79.72","46-55","Cusco","True","35.068333333333335","195.5","7.333333333333333","3.8333333333333335","79.115","2.3333333333333335","0","0","10","Digital"
"CLI000208","postpago","175","True","True","OF008","True","False","True","OF002","68.0","46-55","Lima","False","21.62166666666667","202.5","9.666666666666666","0.0","68.79166666666667","20.5","2","0","5","Digital"
"CLI000209","postpago","48","True","True","OF006","True","False","True","OF004","87.79","26-35","Lima","True","53.81333333333333","207.83333333333334","7.666666666666667","3.6666666666666665","89.14666666666666","20.5","4","2","4","Tienda"
"CLI000210","postpago","141","True","False","","False","False","False","OF002","62.46","56-65","Lima","False","16.895","156.83333333333334","6.666666666666667","0.0","60.85833333333333","11.0","2","0","6","Call In"
"CLI000211","prepago","48","True","False","","False","False","False","OF003","84.4","26-35","Lima","True","41.38166666666667","155.0","7.666666666666667","2.1666666666666665","83.08833333333332","1.5","0","0","5","Tienda"
"CLI000212","postpago","130","True","True","OF005","True","False","True","OF003","79.68","65+","La Libertad","True","32.71333333333333","143.5","8.166666666666666","3.8333333333333335","79.22333333333333","0.0","0","2","5","Digital"
"CLI000213","prepago","143","True","False","","False","False","False","OF002","55.23","18-25","Lima","True","20.688333333333333","212.16666666666666","7.5","2.3333333333333335","55.074999999999996","2.6666666666666665","1","0","2","Call In"
"CLI000214","prepago","81","True","False","","False","False","False","OF004","96.35","46-55","Lima","True","66.17","181.16666666666666","7.0","2.8333333333333335","96.60333333333334","1.3333333333333333","0","0","7","Call In"
"CLI000215","postpago","133","True","False","","False","False","False","OF003","76.22","36-45","Junin","True","32.28666666666667","220.16666666666666","6.5","2.5","74.23","12.833333333333334","2","3","6","Call In"
"CLI000216","prepago","50","True","True","OF006","True","False","False","OF001","39.21","36-45","Cusco","True","8.496666666666666","193.16666666666666","7.833333333333333","3.3333333333333335","39.303333333333335","8.666666666666666","1","0","2","Call In"
"CLI000217","prepago","15","True","False","","False","False","False","OF003","87.88","46-55","Piura","True","42.43666666666667","126.16666666666667","9.5","3.5","90.57333333333334","24.666666666666668","3","0","6","Call Out"
"CLI000218","postpago","18","True","True","OF008","True","False","True","OF003","86.51","36-45","Lima","False","38.85666666666666","201.33333333333334","9.5","0.0","87.66166666666668","7.0","1","1","2","Digital"
"CLI000219","prepago","81","True","True","OF008","True","False","False","OF003","68.05","36-45","Lima","True","28.183333333333334","154.83333333333334","7.0","3.6666666666666665","68.22666666666667","13.666666666666666","2","2","7","Tienda"
"CLI000220","postpago","163","True","True","OF008","True","True","False","OF020","164.79","56-65","Lima","True","20.611666666666668","149.66666666666666","9.666666666666666","2.3333333333333335","163.18666666666667","14.333333333333334","2","0","4","Call In"
"CLI000221","postpago","23","True","False","","False","False","False","OF004","112.32","26-35","Junin","True","49.333333333333336","74.5","8.333333333333334","4.166666666666667","112.28833333333334","19.166666666666668","3","1","8","Digital"
"CLI000222","prepago","83","True","True","OF005","True","False","False","OF004","101.37","36-45","Lima","True","53.99666666666667","189.83333333333334","7.833333333333333","2.0","100.49","7.0","1","0","3","Call In"
"CLI000223","prepago","127","True","False","","False","False","False","OF004","111.29","46-55","Ica","True","57.27","94.0","6.666666666666667","2.8333333333333335","110.56833333333333","0.0","0","1","4","Tienda"
"CLI000224","","37","False","True","OF009","True","False","False","OF009","122.83","26-35","Piura","False","1.0233333333333332","200.33333333333334","6.5","0.0","123.55","10.833333333333334","2","0","5","Digital"
"CLI000225","prepago","130","True","True","OF005","True","False","False","OF001","39.48","26-35","Lima","True","8.941666666666666","218.83333333333334","7.0","3.1666666666666665","39.843333333333334","3.1666666666666665","1","0","4","Call In"
"CLI000226","prepago","56","True","False","","False","False","False","OF002","56.24","18-25","Otro","True","19.54","273.8333333333333","4.5","3.3333333333333335","57.50833333333333","10.5","2","0","14","Digital"
"CLI000227","postpago","146","True","False","","False","False","False","OF001","34.46","26-35","Lambayeque","True","9.506666666666666","174.5","7.666666666666667","2.3333333333333335","34.473333333333336","1.6666666666666667","0","0","15","Tienda"
"CLI000228","postpago","105","True","True","OF006","True","False","True","OF001","37.49","36-45","Ica","True","7.405","204.0","7.833333333333333","3.0","38.115","5.5","1","0","3","Tienda"
"CLI000229","postpago","99","True","True","OF006","True","True","False","OF022","218.34","36-45","Otro","True","66.7","262.6666666666667","8.5","2.3333333333333335","215.81499999999997","0.0","0","0","7","Call In"
"CLI000230","prepago","32","True","False","","False","False","False","OF004","99.21","26-35","La Libertad","True","57.08833333333334","180.0","8.833333333333334","3.1666666666666665","99.60666666666667","2.8333333333333335","0","0","6","Tienda"
"CLI000231","prepago","84","True","True","OF010","True","False","False","OF003","78.93","36-45","Junin","True","49.345","181.0","8.5","2.6666666666666665","77.26333333333334","5.833333333333333","1","0","6","Digital"
"CLI000232","prepago","155","True","False","","False","False","False","OF004","112.66","26-35","Lima","True","44.28666666666667","287.0","7.666666666666667","4.166666666666667","113.425","0.0","0","0","4","Tienda"
"CLI000233","prepago","4","True","True","OF006","True","False","False","OF004","85.29","56-65","Junin","True","58.778333333333336","188.16666666666666","7.166666666666667","3.3333333333333335","85.58333333333333","26.333333333333332","5","1","3","Digital"
"CLI000234","prepago","137","True","False","","False","False","False","OF002","63.04","46-55","Junin","True","19.71","270.5","8.833333333333334","3.0","62.60999999999999","2.6666666666666665","1","3","8","Tienda"
"CLI000235","postpago","89","True","True","OF009","True","False","True","OF001","36.76","26-35","Lima","True","9.225","175.5","8.833333333333334","3.1666666666666665","37.15833333333333","9.0","1","0","1","Call Out"
"CLI000236","postpago","130","True","False","","False","False","False","OF002","54.78","26-35","Otro","False","21.21","93.16666666666667","7.166666666666667","0.0","55.445","5.5","1","0","5","Call In"
"CLI000237","prepago","120","True","True","OF010","True","False","False","OF003","78.73","56-65","Arequipa","True","35.99333333333333","188.66666666666666","6.666666666666667","3.0","79.63166666666667","2.8333333333333335","1","0","4","Call Out"
"CLI000238","prepago","78","True","True","OF006","True","False","False","OF003","91.54","36-45","Lima","True","40.665","227.0","8.166666666666666","3.5","91.98333333333333","10.0","2","0","4","Call In"
"CLI000239","prepago","56","True","False","","False","False","False","OF001","34.05","26-35","Piura","True","9.826666666666666","139.16666666666666","6.666666666666667","3.1666666666666665","33.419999999999995","3.1666666666666665","1","0","2","Digital"
"CLI000240","prepago","113","True","False","","False","False","False","OF004","94.0","36-45","Otro","True","68.75","135.33333333333334","6.833333333333333","4.0","95.87666666666667","15.166666666666666","2","0","2","Digital"
"CLI000241","prepago","26","True","True","OF005","True","False","False","OF001","42.22","26-35","Ica","True","6.141666666666667","233.66666666666666","9.166666666666666","4.0","42.16166666666667","2.3333333333333335","0","0","4","Tienda"
"CLI000242","prepago","106","True","True","OF008","True","False","False","OF001","40.03","56-65","Ica","True","9.061666666666666","257.3333333333333","7.333333333333333","2.6666666666666665","40.13","2.5","0","0","4","Call Out"
"CLI000243","postpago","18","True","False","","False","False","False","OF003","65.58","56-65","Cusco","False","36.34166666666667","164.83333333333334","7.833333333333333","0.0","66.19166666666666","13.5","2","0","5","Digital"
"CLI000244","postpago","117","True","False","","False","False","False","OF003","88.02","26-35","La Libertad","True","31.86","222.66666666666666","7.666666666666667","3.8333333333333335","89.13333333333333","8.333333333333334","1","0","5","Tienda"
"CLI000245","prepago","114","True","True","OF008","True","False","False","OF004","97.27","46-55","Arequipa","False","56.73333333333333","200.5","6.666666666666667","0.0","97.64333333333333","3.3333333333333335","1","1","8","Digital"
"CLI000246","postpago","16","True","False","","False","False","False","OF004","109.32","46-55","Lambayeque","True","52.625","143.16666666666666","8.333333333333334","3.5","111.55666666666667","10.833333333333334","2","0","4","Digital"
"CLI000247","postpago","137","True","False","","False","False","False","OF003","84.89","26-35","Lima","False","40.059999999999995","219.66666666666666","8.666666666666666","0.0","85.67","0.0","0","2","2","Call In"
"CLI000248","prepago","75","True","True","OF005","True","False","False","OF001","39.65","56-65","Lima","True","9.466666666666667","154.83333333333334","7.666666666666667","3.0","39.458333333333336","0.0","0","0","3","Call In"
"CLI000249","prepago","142","True","True","OF009","True","False","False","OF003","84.93","26-35","Lima","False","46.395","197.66666666666666","6.833333333333333","0.0","85.24166666666666","12.833333333333334","2","0","9","Digital"
"CLI000250","postpago","8","True","False","","False","False","False","OF001","40.72","26-35","Lima","True","9.333333333333334","183.33333333333334","8.5","3.0","40.074999999999996","24.5","3","0","1","Call In"
"CLI000251","prepago","33","True","False","","False","False","False","OF002","62.44","65+","Cusco","True","22.858333333333334","254.0","9.0","2.3333333333333335","60.925000000000004","6.0","1","0","3","Call In"
"CLI000252","","89","False","True","OF008","True","False","False","OF008","119.13","46-55","Lima","False","1.8883333333333334","206.0","8.166666666666666","0.0","118.605","9.166666666666666","1","0","4","Digital"
"CLI000253","postpago","34","True","True","OF008","True","False","True","OF003","83.0","26-35","Lima","True","35.913333333333334","189.5","10.0","2.5","83.425","4.5","1","0","5","Call Out"
"CLI000254","postpago","60","True","False","","False","False","False","OF002","62.16","36-45","Cusco","True","20.746666666666666","171.16666666666666","7.666666666666667","2.6666666666666665","61.49","14.5","2","0","3","Digital"
"CLI000255","prepago","119","True","False","","False","False","False","OF004","99.72","36-45","Lima","True","57.25833333333333","160.16666666666666","9.166666666666666","1.5","100.02833333333332","0.0","0","0","5","Call Out"
"CLI000256","prepago","27","True","False","","False","False","False","OF003","79.0","46-55","Lima","False","30.625","124.83333333333333","8.333333333333334","0.0","81.07166666666667","2.6666666666666665","1","0","4","Call Out"
"CLI000257","postpago","122","True","True","OF007","False","False","False","OF002","66.92","26-35","La Libertad","True","21.308333333333334","175.33333333333334","8.0","2.0","67.26333333333334","7.166666666666667","1","0","7","Tienda"
"CLI000258","","19","False","True","OF006","True","False","False","OF006","125.7","36-45","Lambayeque","True","2.5316666666666667","243.33333333333334","9.166666666666666","2.6666666666666665","125.415","4.5","1","0","3","Call Out"
"CLI000259","","32","False","True","OF009","True","False","False","OF009","124.42","46-55","Arequipa","True","1.9166666666666667","176.0","7.166666666666667","2.3333333333333335","123.42166666666667","13.333333333333334","2","1","10","Call In"
"CLI000260","","106","False","True","OF006","True","False","False","OF006","98.89","46-55","Lima","False","1.9783333333333335","181.83333333333334","9.166666666666666","0.0","97.37833333333333","3.3333333333333335","1","0","2","Digital"
"CLI000261","prepago","143","True","False","","False","False","False","OF001","44.35","26-35","Lima","True","8.555","258.1666666666667","8.5","2.0","44.806666666666665","8.666666666666666","1","0","9","Tienda"
"CLI000262","prepago","31","True","True","OF008","True","False","False","OF003","77.36","65+","Lambayeque","False","41.14","182.66666666666666","7.833333333333333","0.0","77.68333333333334","17.833333333333332","3","2","7","Digital"
"CLI000263","prepago","54","True","True","OF008","True","False","False","OF004","98.44","18-25","Lima","True","67.79333333333334","132.16666666666666","9.333333333333334","2.0","98.09833333333334","7.333333333333333","1","3","8","Digital"
"CLI000264","prepago","167","True","True","OF005","True","False","False","OF003","82.56","46-55","Lima","False","44.53666666666667","108.83333333333333","7.333333333333333","0.0","81.89","14.833333333333334","2","0","1","Tienda"
"CLI000265","prepago","179","True","True","OF006","True","False","False","OF004","107.64","26-35","Otro","True","66.83","190.5","7.5","3.5","109.39333333333333","7.0","1","1","3","Digital"
"CLI000266","postpago","105","True","False","","False","False","False","OF004","102.59","56-65","Lima","False","61.473333333333336","199.0","8.5","0.0","102.15166666666666","12.666666666666666","2","0","3","Digital"
"CLI000267","prepago","81","True","True","OF008","True","False","False","OF002","59.66","56-65","Otro","True","24.06833333333333","172.0","8.166666666666666","2.5","58.556666666666665","10.166666666666666","2","0","3","Tienda"
"CLI000268","postpago","63","True","False","","False","False","False","OF001","40.42","56-65","Lima","True","8.661666666666667","183.33333333333334","7.166666666666667","2.8333333333333335","41.57","10.333333333333334","2","0","5","Call In"
"CLI000269","postpago","111","True","False","","False","False","False","OF003","74.38","26-35","Lima","False","35.401666666666664","176.66666666666666","6.5","0.0","73.54","0.0","0","0","6","Tienda"
"CLI000270","postpago","107","True","False","","False","False","False","OF004","97.46","46-55","Lima","True","60.92666666666667","204.33333333333334","8.5","2.5","97.43833333333333","8.833333333333334","1","1","3","Digital"
"CLI000271","postpago","54","True","False","","False","False","False","OF004","102.74","26-35","Otro","True","54.72666666666667","190.5","7.333333333333333","4.166666666666667","101.99166666666667","0.0","0","0","10","Call In"
"CLI000272","prepago","5","True","True","OF008","True","False","False","OF002","55.27","36-45","Ica","True","17.23","142.5","8.833333333333334","3.3333333333333335","55.57333333333333","8.833333333333334","1","0","6","Call In"
"CLI000273","","28","False","True","OF007","False","False","False","OF007","71.79","56-65","Lima","True","1.4816666666666667","168.66666666666666","8.333333333333334","3.0","73.72333333333334","16.5","3","0","10","Tienda"
"CLI000274","prepago","173","True","False","","False","False","False","OF002","58.1","46-55","Junin","True","23.24666666666667","227.0","9.166666666666666","2.0","56.31833333333333","3.5","1","0","4","Call Out"
"CLI000275","prepago","76","True","False","","False","False","False","OF001","38.02","36-45","Lima","True","10.083333333333334","234.66666666666666","7.0","3.0","37.861666666666665","9.0","1","1","3","Digital"
"CLI000276","postpago","87","True","False","","False","False","False","OF003","75.39","18-25","Lima","False","33.56666666666667","190.83333333333334","8.166666666666666","0.0","77.43833333333333","0.0","0","0","9","Call In"
"CLI000277","postpago","85","True","True","OF008","True","True","False","OF022","214.92","36-45","Piura","True","61.166666666666664","134.83333333333334","6.666666666666667","2.3333333333333335","213.8166666666667","6.166666666666667","1","0","5","Digital"
"CLI000278","postpago","141","True","True","OF008","True","False","True","OF003","83.64","18-25","Ica","True","42.038333333333334","211.83333333333334","9.333333333333334","3.5","84.41000000000001","8.833333333333334","1","0","7","Tienda"
"CLI000279","postpago","12","True","False","","False","False","False","OF001","39.59","18-25","Ica","True","8.916666666666666","196.83333333333334","6.833333333333333","2.1666666666666665","39.78333333333333","25.666666666666668","4","0","6","Call Out"
"CLI000280","prepago","15","True","False","","False","False","False","OF001","42.92","56-65","Arequipa","True","8.371666666666668","224.16666666666666","7.666666666666667","3.1666666666666665","42.498333333333335","11.833333333333334","1","0","5","Tienda"
"CLI000281","prepago","50","True","False","","False","False","False","OF002","61.1","36-45","Otro","False","16.973333333333333","220.0","8.833333333333334","0.0","61.11833333333334","5.333333333333333","1","0","4","Call In"
"CLI000282","postpago","88","True","False","","False","False","False","OF002","64.85","18-25","Arequipa","True","17.400000000000002","180.66666666666666","9.333333333333334","1.5","65.615","7.833333333333333","1","0","9","Call In"
"CLI000283","","121","False","True","OF010","True","False","False","OF010","164.9","36-45","Lima","True","2.1333333333333333","192.33333333333334","6.833333333333333","2.1666666666666665","164.58833333333334","0.0","0","0","5","Call In"
"CLI000284","postpago","89","True","False","","False","False","False","OF003","87.0","26-35","Cusco","False","31.066666666666666","167.83333333333334","7.666666666666667","0.0","87.55666666666667","4.166666666666667","1","0","6","Digital"
"CLI000285","prepago","80","True","False","","False","False","False","OF001","36.95","26-35","Cusco","True","7.905","142.33333333333334","7.166666666666667","2.8333333333333335","37.0","15.333333333333334","2","0","11","Call In"
"CLI000286","","169","False","True","OF007","False","False","False","OF007","79.22","46-55","Otro","True","2.2399999999999998","180.5","8.666666666666666","3.3333333333333335","79.81333333333333","8.5","1","1","3","Call In"
"CLI000287","postpago","29","True","False","","False","False","False","OF004","91.14","26-35","Otro","True","61.64666666666667","193.33333333333334","9.0","2.8333333333333335","90.34333333333335","8.5","2","1","2","Call Out"
"CLI000288","postpago","103","True","True","OF007","False","False","False","OF004","95.34","26-35","Junin","True","51.57333333333333","170.66666666666666","9.0","3.0","97.70166666666667","0.0","0","0","4","Digital"
"CLI000289","prepago","98","True","False","","False","False","False","OF001","40.23","26-35","Lima","True","8.803333333333333","169.0","10.0","3.8333333333333335","40.08","3.5","1","3","4","Call In"
"CLI000290","prepago","86","True","True","OF006","True","False","False","OF001","34.9","46-55","Lima","True","9.461666666666666","205.66666666666666","8.833333333333334","1.6666666666666667","34.11833333333333","14.5","2","3","2","Call Out"
"CLI000291","prepago","146","True","True","OF005","True","False","False","OF002","65.35","26-35","Piura","True","25.456666666666667","184.16666666666666","9.0","3.3333333333333335","65.59","13.333333333333334","2","1","5","Call In"
"CLI000292","postpago","49","True","False","","False","False","False","OF001","44.79","26-35","Ica","True","8.356666666666667","212.33333333333334","7.333333333333333","4.166666666666667","45.51500000000001","0.8333333333333334","0","0","4","Digital"
"CLI000293","prepago","172","True","False","","False","False","False","OF004","106.1","56-65","Piura","True","59.095","195.5","6.333333333333333","3.6666666666666665","104.59499999999998","5.833333333333333","1","0","4","Tienda"
"CLI000294","postpago","60","True","False","","False","False","False","OF003","85.9","36-45","Lima","True","44.413333333333334","169.16666666666666","8.666666666666666","3.8333333333333335","85.42833333333333","5.833333333333333","1","0","7","Call Out"
"CLI000295","prepago","99","True","False","","False","False","False","OF003","70.02","26-35","La Libertad","True","35.78666666666667","151.5","7.333333333333333","3.6666666666666665","70.97833333333334","5.666666666666667","1","1","3","Tienda"
"CLI000296","postpago","94","True","True","OF008","True","False","True","OF002","60.02","56-65","Lima","True","22.653333333333336","116.66666666666667","8.666666666666666","2.6666666666666665","59.095","2.0","0","0","3","Call In"
"CLI000297","postpago","153","True","False","","False","False","False","OF003","72.91","36-45","Ica","False","46.00333333333333","157.5","5.833333333333333","0.0","72.375","9.333333333333334","1","0","6","Digital"
"CLI000298","","80","False","True","OF005","True","False","False","OF005","81.59","46-55","Otro","True","1.8066666666666666","170.66666666666666","9.166666666666666","2.6666666666666665","81.79666666666667","19.833333333333332","3","0","7","Call Out"
"CLI000299","postpago","52","True","True","OF010","True","False","True","OF003","80.14","18-25","La Libertad","False","34.465","169.83333333333334","7.333333333333333","0.0","79.64333333333333","19.666666666666668","3","0","4","Digital"
"CLI000300","postpago","4","True","False","","False","False","False","OF002","53.2","26-35","Lima","True","18.66333333333333","150.33333333333334","8.333333333333334","2.6666666666666665","53.876666666666665","15.833333333333334","3","2","6","Call Out"
"CLI000301","postpago","66","True","False","","False","False","False","OF002","55.95","18-25","Otro","True","17.315","191.66666666666666","7.166666666666667","4.166666666666667","55.54","8.0","1","0","4","Tienda"
"CLI000302","prepago","149","True","False","","False","False","False","OF004","102.0","36-45","Junin","True","45.58833333333333","252.33333333333334","10.166666666666666","4.5","101.84499999999998","0.0","0","3","7","Call In"
"CLI000303","prepago","2","True","True","OF005","True","False","False","OF004","98.47","26-35","Lima","False","62.35333333333333","247.33333333333334","8.0","0.0","97.52833333333332","13.833333333333334","2","0","4","Digital"
"CLI000304","postpago","162","True","False","","False","False","False","OF003","76.26","26-35","Junin","True","36.538333333333334","213.66666666666666","7.5","2.6666666666666665","76.23833333333333","0.0","0","0","9","Digital"
"CLI000305","prepago","98","True","False","","False","False","False","OF001","34.0","26-35","Otro","False","9.101666666666667","135.16666666666666","7.166666666666667","0.0","33.348333333333336","5.5","1","0","5","Call In"
"CLI000306","postpago","26","True","False","","False","False","False","OF004","84.8","26-35","Cusco","True","60.833333333333336","165.16666666666666","9.0","3.1666666666666665","84.86","12.833333333333334","2","0","2","Call In"
"CLI000307","prepago","55","True","True","OF006","True","False","False","OF002","58.81","26-35","Lima","True","21.386666666666667","187.66666666666666","6.666666666666667","2.6666666666666665","58.33833333333333","5.333333333333333","1","0","6","Tienda"
"CLI000308","postpago","100","True","False","","False","False","False","OF004","100.35","26-35","Lambayeque","False","54.56666666666667","128.16666666666666","8.166666666666666","0.0","101.34666666666668","9.0","1","0","0",""
"CLI000309","postpago","57","True","False","","False","False","False","OF004","91.35","36-45","Lima","True","41.248333333333335","208.33333333333334","6.666666666666667","3.5","90.46666666666665","9.166666666666666","1","3","6","Call Out"
"CLI000310","prepago","20","True","False","","False","False","False","OF001","39.72","56-65","Lima","True","10.41","236.5","7.5","3.6666666666666665","39.805","17.166666666666668","4","1","4","Digital"
"CLI000311","postpago","120","True","False","","False","False","False","OF003","70.31","65+","Otro","True","41.08166666666667","167.16666666666666","8.166666666666666","2.6666666666666665","70.97333333333333","0.0","0","0","3","Call In"
"CLI000312","postpago","122","True","True","OF006","True","False","True","OF001","40.04","18-25","Otro","True","9.996666666666666","182.5","9.166666666666666","2.6666666666666665","40.215","0.0","0","0","4","Call In"
"CLI000313","prepago","22","True","False","","False","False","False","OF004","96.77","26-35","La Libertad","True","56.42166666666666","194.16666666666666","8.166666666666666","3.3333333333333335","96.43166666666667","12.5","2","0","6","Tienda"
"CLI000314","postpago","51","True","False","","False","False","False","OF001","35.14","26-35","La Libertad","True","9.703333333333333","232.83333333333334","8.833333333333334","3.5","35.163333333333334","5.5","1","0","3","Tienda"
"CLI000315","postpago","44","True","True","OF007","False","False","False","OF002","61.01","36-45","Lambayeque","True","19.330000000000002","190.33333333333334","8.833333333333334","2.5","61.205000000000005","0.0","0","0","8","Call Out"
"CLI000316","prepago","119","True","False","","False","False","False","OF001","47.31","26-35","Lambayeque","True","9.138333333333334","200.16666666666666","7.666666666666667","3.5","48.585","12.5","2","0","1","Tienda"
"CLI000317","postpago","132","True","False","","False","False","False","OF001","44.34","56-65","Cusco","True","9.226666666666667","155.66666666666666","8.666666666666666","3.1666666666666665","43.445","0.0","0","0","6","Call In"
"CLI000318","prepago","131","True","True","OF007","False","False","False","OF002","62.14","56-65","Otro","False","19.205000000000002","177.16666666666666","8.666666666666666","0.0","61.80166666666667","0.0","0","0","8","Digital"
"CLI000319","prepago","169","True","True","OF005","True","False","False","OF004","105.65","26-35","Cusco","True","65.86500000000001","241.66666666666666","7.166666666666667","2.0","104.14666666666666","15.666666666666666","2","3","1","Digital"
"CLI000320","postpago","139","True","True","OF006","True","False","True","OF001","39.61","26-35","Arequipa","True","10.553333333333333","197.83333333333334","8.666666666666666","2.3333333333333335","39.46333333333333","7.5","1","2","2","Call In"
"CLI000321","prepago","58","True","False","","False","False","False","OF001","42.22","36-45","Arequipa","True","8.538333333333332","212.83333333333334","8.833333333333334","3.3333333333333335","42.185","8.5","1","0","2","Digital"
"CLI000322","postpago","20","True","True","OF005","True","True","False","OF021","192.43","36-45","Junin","True","46.38166666666666","208.5","10.333333333333334","2.1666666666666665","192.64833333333334","14.5","2","0","5","Tienda"
"CLI000323","postpago","111","True","False","","False","False","False","OF003","78.87","46-55","Lima","False","43.43333333333334","253.83333333333334","6.833333333333333","0.0","78.24833333333333","8.666666666666666","1","1","4","Digital"
"CLI000324","postpago","165","True","False","","False","False","False","OF004","98.65","18-25","Cusco","True","58.98333333333333","198.5","9.0","3.3333333333333335","97.97833333333334","2.3333333333333335","0","0","6","Digital"
"CLI000325","postpago","176","True","False","","False","False","False","OF002","58.56","18-25","Lima","False","22.493333333333336","178.83333333333334","6.666666666666667","0.0","59.098333333333336","2.8333333333333335","1","0","5","Tienda"
"CLI000326","prepago","42","True","False","","False","False","False","OF001","37.9","46-55","Lambayeque","False","7.12","160.0","8.833333333333334","0.0","37.36333333333334","7.833333333333333","1","0","6","Call In"
"CLI000327","postpago","43","True","True","OF005","True","True","False","OF020","135.26","36-45","La Libertad","True","21.015","175.66666666666666","9.0","3.1666666666666665","134.92499999999998","5.166666666666667","1","0","5","Digital"
"CLI000328","","7","False","True","OF005","True","False","False","OF005","90.52","46-55","Lima","True","1.1783333333333335","158.83333333333334","10.333333333333334","2.1666666666666665","90.435","24.833333333333332","4","0","5","Call In"
"CLI000329","postpago","26","True","True","OF008","True","False","True","OF002","63.88","26-35","Otro","True","20.13","171.83333333333334","6.166666666666667","3.3333333333333335","63.711666666666666","4.166666666666667","1","0","6","Digital"
"CLI000330","postpago","100","True","True","OF005","True","False","True","OF001","37.96","26-35","Lima","True","9.38","153.66666666666666","7.666666666666667","3.8333333333333335","38.495","0.0","0","0","2","Digital"
"CLI000331","postpago","99","True","True","OF005","True","False","True","OF003","78.58","18-25","Lima","True","34.968333333333334","156.66666666666666","6.666666666666667","2.1666666666666665","78.09666666666666","6.0","1","0","11","Tienda"
"CLI000332","postpago","67","True","False","","False","False","False","OF003","76.88","46-55","Arequipa","True","32.71","149.0","7.0","3.0","76.855","0.0","0","0","6","Digital"
"CLI000333","postpago","56","True","False","","False","False","False","OF002","52.42","26-35","La Libertad","True","15.221666666666666","163.66666666666666","8.333333333333334","2.0","52.91166666666667","3.0","0","3","9","Digital"
"CLI000334","prepago","150","True","False","","False","False","False","OF002","55.26","18-25","Piura","True","22.53","219.33333333333334","9.666666666666666","2.5","53.913333333333334","1.6666666666666667","0","0","8","Tienda"
"CLI000335","postpago","83","True","True","OF006","True","True","False","OF021","190.17","26-35","Lima","True","42.0","181.5","7.833333333333333","2.5","193.53","11.5","1","0","3","Call Out"
"CLI000336","postpago","146","True","False","","False","False","False","OF002","56.05","56-65","Arequipa","True","20.253333333333334","108.0","9.166666666666666","2.8333333333333335","55.943333333333335","9.0","1","3","5","Digital"
"CLI000337","postpago","174","True","True","OF007","False","False","False","OF004","117.27","36-45","Lima","True","52.6","249.33333333333334","10.5","2.5","116.68666666666667","0.0","0","0","5","Digital"
"CLI000338","prepago","58","True","False","","False","False","False","OF001","40.22","56-65","Lima","True","7.983333333333333","213.16666666666666","9.0","3.0","40.71666666666667","8.166666666666666","2","0","6","Digital"
"CLI000339","postpago","37","True","True","OF007","False","False","False","OF003","79.86","56-65","Cusco","True","32.76333333333333","185.66666666666666","8.666666666666666","3.6666666666666665","80.83166666666666","4.833333333333333","1","0","4","Call Out"
"CLI000340","prepago","172","True","False","","False","False","False","OF003","70.4","18-25","Lima","True","35.410000000000004","219.16666666666666","7.333333333333333","2.1666666666666665","71.89999999999999","2.6666666666666665","1","0","3","Call In"
"CLI000341","prepago","115","True","False","","False","False","False","OF004","91.76","56-65","Arequipa","True","58.66833333333333","138.16666666666666","8.0","2.1666666666666665","91.3","4.5","1","0","6","Call Out"
"CLI000342","postpago","53","True","True","OF008","True","False","True","OF004","107.21","26-35","Lima","True","52.98166666666666","197.66666666666666","8.333333333333334","2.1666666666666665","105.56833333333333","1.5","0","0","6","Tienda"
"CLI000343","postpago","112","True","False","","False","False","False","OF002","57.89","46-55","Lima","True","15.841666666666667","137.0","9.333333333333334","2.5","56.69166666666666","6.5","1","0","6","Tienda"
"CLI000344","postpago","93","True","True","OF005","True","True","False","OF021","185.15","26-35","Cusco","True","37.705000000000005","256.6666666666667","9.5","3.3333333333333335","182.985","5.333333333333333","1","0","7","Call In"
"CLI000345","prepago","163","True","True","OF007","False","False","False","OF004","104.88","36-45","Arequipa","True","75.57333333333334","200.5","7.5","2.8333333333333335","103.55666666666667","0.0","0","0","5","Call Out"
"CLI000346","postpago","47","True","False","","False","False","False","OF002","51.53","36-45","Junin","False","17.548333333333332","164.5","6.666666666666667","0.0","50.97833333333333","19.166666666666668","3","1","4","Digital"
"CLI000347","prepago","179","True","True","OF005","True","False","False","OF001","40.85","18-25","Ica","True","8.805","187.5","7.0","4.0","41.14833333333333","11.5","1","0","3","Digital"
"CLI000348","postpago","169","True","False","","False","False","False","OF003","75.19","36-45","Lima","True","29.941666666666663","195.83333333333334","8.333333333333334","3.3333333333333335","74.83333333333333","7.666666666666667","1","0","10","Call In"
"CLI000349","postpago","33","True","False","","False","False","False","OF003","72.64","26-35","Junin","False","28.891666666666666","151.5","7.5","0.0","72.94","7.833333333333333","1","0","3","Tienda"
"CLI000350","prepago","30","True","False","","False","False","False","OF003","80.47","18-25","Lima","False","33.285000000000004","294.1666666666667","7.666666666666667","0.0","81.48666666666666","10.833333333333334","1","0","5","Digital"
"CLI000351","postpago","96","True","False","","False","False","False","OF003","92.24","36-45","Lambayeque","True","34.574999999999996","159.0","5.833333333333333","2.3333333333333335","92.24666666666667","8.833333333333334","1","0","6","Digital"
"CLI000352","postpago","9","True","True","OF008","True","False","True","OF003","83.06","46-55","Lima","False","37.54","184.0","8.333333333333334","0.0","83.73","12.0","2","0","5","Digital"
"CLI000353","prepago","54","True","False","","False","False","False","OF004","94.97","26-35","Arequipa","False","67.95166666666667","171.16666666666666","6.833333333333333","0.0","96.27499999999999","7.5","1","2","2","Call In"
"CLI000354","prepago","79","True","True","OF008","True","False","False","OF004","91.31","18-25","Lima","True","56.44166666666666","135.16666666666666","6.333333333333333","3.5","91.60000000000001","7.833333333333333","1","0","4","Digital"
"CLI000355","prepago","175","True","True","OF006","True","False","False","OF004","110.54","65+","Lambayeque","True","48.655","190.0","8.5","2.5","109.85833333333333","0.0","0","3","4","Call In"
"CLI000356","postpago","179","True","False","","False","False","False","OF003","85.75","36-45","Lima","False","43.665","185.83333333333334","9.166666666666666","0.0","84.30833333333334","0.0","0","0","12","Digital"
"CLI000357","postpago","28","True","True","OF008","True","False","True","OF001","40.45","36-45","Piura","True","8.771666666666667","240.0","9.666666666666666","2.8333333333333335","40.63333333333333","6.5","1","0","3","Call In"
"CLI000358","postpago","161","True","False","","False","False","False","OF001","37.78","18-25","Lima","True","9.481666666666667","212.5","7.333333333333333","2.3333333333333335","37.54333333333333","10.5","2","0","6","Call In"
"CLI000359","postpago","17","True","True","OF008","True","False","True","OF001","36.56","36-45","La Libertad","True","8.181666666666667","164.83333333333334","8.166666666666666","1.8333333333333333","36.01","1.6666666666666667","0","0","11","Digital"
"CLI000360","postpago","135","True","False","","False","False","False","OF001","42.56","46-55","Cusco","True","8.656666666666666","180.66666666666666","6.333333333333333","1.1666666666666667","42.705000000000005","9.833333333333334","1","0","3","Tienda"
"CLI000361","prepago","153","True","False","","False","False","False","OF004","107.38","18-25","Lima","True","57.81333333333333","151.83333333333334","6.166666666666667","2.8333333333333335","107.27333333333333","7.0","1","0","4","Tienda"
"CLI000362","","161","False","True","OF007","False","False","False","OF007","61.38","36-45","La Libertad","False","1.8716666666666668","181.66666666666666","8.5","0.0","60.965","0.0","0","0","9","Digital"
"CLI000363","prepago","41","True","True","OF008","True","False","False","OF002","61.44","18-25","Cusco","False","19.676666666666666","217.66666666666666","8.833333333333334","0.0","60.75333333333333","27.666666666666668","3","0","4","Call In"
"CLI000364","postpago","161","True","False","","False","False","False","OF004","101.58","18-25","Arequipa","True","51.88166666666667","221.66666666666666","9.833333333333334","2.1666666666666665","102.45333333333333","0.0","0","0","3","Call In"
"CLI000365","postpago","21","True","True","OF008","True","False","True","OF001","39.96","36-45","Lima","False","8.618333333333334","93.33333333333333","6.5","0.0","38.598333333333336","19.166666666666668","3","0","8","Tienda"
"CLI000366","prepago","94","True","False","","False","False","False","OF004","118.35","36-45","Ica","True","51.23833333333334","172.5","7.166666666666667","3.3333333333333335","119.69333333333333","5.833333333333333","1","1","5","Call In"
"CLI000367","postpago","85","True","False","","False","False","False","OF004","89.02","36-45","Lima","False","56.36333333333334","183.5","7.333333333333333","0.0","87.83333333333333","8.333333333333334","1","0","6","Call In"
"CLI000368","prepago","57","True","False","","False","False","False","OF001","41.77","36-45","Lima","True","9.583333333333334","188.33333333333334","5.833333333333333","3.0","41.57833333333333","0.0","0","0","6","Digital"
"CLI000369","prepago","4","True","False","","False","False","False","OF001","38.17","36-45","Piura","True","9.486666666666666","199.33333333333334","8.5","4.0","37.31666666666666","4.833333333333333","1","0","3","Tienda"
"CLI000370","prepago","139","True","True","OF009","True","False","False","OF004","92.5","36-45","Junin","False","61.74333333333333","223.66666666666666","7.333333333333333","0.0","93.61333333333333","15.5","2","3","6","Call In"
"CLI000371","prepago","61","True","False","","False","False","False","OF003","89.62","26-35","Ica","True","48.824999999999996","122.83333333333333","9.666666666666666","3.0","89.22666666666667","9.833333333333334","2","1","6","Digital"
"CLI000372","postpago","120","True","False","","False","False","False","OF003","79.3","26-35","La Libertad","True","45.26166666666666","198.16666666666666","7.333333333333333","4.333333333333333","78.77166666666666","0.0","0","0","5","Digital"
"CLI000373","postpago","74","True","True","OF005","True","False","True","OF001","34.64","26-35","La Libertad","True","9.513333333333334","134.5","8.333333333333334","2.5","34.38166666666667","0.0","0","0","4","Tienda"
"CLI000374","postpago","68","True","True","OF007","False","False","False","OF004","102.93","56-65","Cusco","True","59.71","143.5","6.0","3.6666666666666665","103.28000000000002","0.0","0","0","9","Digital"
"CLI000375","","160","False","True","OF007","False","False","False","OF007","62.5","26-35","Otro","False","2.405","229.66666666666666","8.333333333333334","0.0","62.928333333333335","0.0","0","0","1","Digital"
"CLI000376","prepago","18","True","False","","False","False","False","OF004","104.71","26-35","Junin","True","51.505","212.16666666666666","7.0","3.1666666666666665","103.84166666666665","9.166666666666666","1","3","6","Call In"
"CLI000377","postpago","133","True","False","","False","False","False","OF004","90.63","36-45","Lima","True","49.903333333333336","198.66666666666666","7.833333333333333","3.0","91.38499999999999","22.833333333333332","3","0","6","Call In"
"CLI000378","prepago","135","True","False","","False","False","False","OF004","90.82","46-55","Lambayeque","True","55.705000000000005","220.0","7.166666666666667","2.3333333333333335","92.38499999999999","8.833333333333334","1","0","7","Call Out"
"CLI000379","prepago","69","True","False","","False","False","False","OF002","57.35","46-55","Lima","False","18.21","240.33333333333334","7.5","0.0","58.01500000000001","9.166666666666666","2","0","4","Call In"
"CLI000380","","48","False","True","OF008","True","False","False","OF008","123.33","46-55","Lima","True","2.611666666666667","193.5","9.333333333333334","3.5","124.15333333333332","4.833333333333333","1","0","5","Tienda"
"CLI000381","postpago","1","True","False","","False","False","False","OF001","37.43","26-35","Lima","True","8.831666666666667","146.5","7.833333333333333","3.0","37.31","20.333333333333332","4","0","11","Tienda"
"CLI000382","prepago","169","True","False","","False","False","False","OF004","88.84","26-35","Otro","True","55.50333333333333","204.16666666666666","7.166666666666667","4.0","88.95","3.3333333333333335","1","0","4","Call In"
"CLI000383","postpago","171","True","False","","False","False","False","OF003","69.64","46-55","Lima","False","39.21","151.66666666666666","9.5","0.0","70.02166666666666","5.833333333333333","1","0","7","Digital"
"CLI000384","postpago","44","True","False","","False","False","False","OF001","41.14","56-65","Lima","True","9.325000000000001","244.5","7.0","3.1666666666666665","40.70666666666667","5.833333333333333","1","3","5","Digital"
"CLI000385","prepago","6","True","True","OF006","True","False","False","OF003","70.06","56-65","Cusco","True","36.63166666666667","145.16666666666666","10.333333333333334","3.1666666666666665","69.955","39.333333333333336","6","3","9","Call In"
"CLI000386","postpago","23","True","True","OF006","True","False","True","OF004","116.42","56-65","Lima","False","53.748333333333335","169.0","8.0","0.0","116.04833333333333","13.166666666666666","3","2","6","Digital"
"CLI000387","prepago","13","True","False","","False","False","False","OF004","107.5","26-35","Junin","False","55.971666666666664","146.33333333333334","9.333333333333334","0.0","105.94333333333333","26.5","4","3","3","Digital"
"CLI000388","prepago","150","True","True","OF010","True","False","False","OF004","111.61","26-35","Lima","False","60.36833333333333","181.5","10.0","0.0","110.78000000000002","16.833333333333332","2","0","4","Call In"
"CLI000389","prepago","161","True","False","","False","False","False","OF003","75.0","46-55","Lima","True","43.086666666666666","171.33333333333334","6.5","2.6666666666666665","74.885","3.6666666666666665","1","1","5","Call In"
"CLI000390","prepago","28","True","False","","False","False","False","OF002","50.9","36-45","Lima","False","25.338333333333335","152.83333333333334","8.166666666666666","0.0","51.748333333333335","19.5","3","0","6","Digital"
"CLI000391","postpago","135","True","True","OF006","True","False","True","OF001","39.62","26-35","Lima","True","9.721666666666666","141.16666666666666","8.333333333333334","2.8333333333333335","39.516666666666666","3.1666666666666665","1","0","5","Call Out"
"CLI000392","postpago","33","True","False","","False","False","False","OF002","61.56","36-45","Lima","True","15.594999999999999","167.5","10.0","1.6666666666666667","60.88999999999999","25.5","3","0","5","Call In"
"CLI000393","prepago","67","True","False","","False","False","False","OF002","59.32","65+","Lambayeque","False","20.775000000000002","150.83333333333334","8.166666666666666","0.0","58.91","3.5","1","0","5","Digital"
"CLI000394","prepago","108","True","False","","False","False","False","OF002","62.38","26-35","Lima","False","17.080000000000002","157.0","5.833333333333333","0.0","62.18833333333333","0.0","0","0","2","Call In"
"CLI000395","prepago","130","True","False","","False","False","False","OF001","35.4","26-35","Arequipa","False","9.606666666666667","185.83333333333334","9.0","0.0","35.36166666666667","0.0","0","0","11","Call In"
"CLI000396","prepago","158","True","True","OF010","True","False","False","OF004","93.33","26-35","Otro","False","55.431666666666665","159.83333333333334","10.166666666666666","0.0","94.79166666666667","0.0","0","2","7","Digital"
"CLI000397","postpago","9","True","True","OF010","True","False","True","OF001","42.1","26-35","Lima","True","9.813333333333334","154.83333333333334","6.333333333333333","3.6666666666666665","42.01333333333333","39.166666666666664","5","1","3","Digital"
"CLI000398","postpago","36","True","True","OF006","True","False","True","OF002","45.55","46-55","Otro","False","20.391666666666666","210.16666666666666","7.333333333333333","0.0","45.57","8.666666666666666","2","0","2","Call In"
"CLI000399","prepago","51","True","True","OF008","True","False","False","OF002","66.69","46-55","Otro","True","21.998333333333335","156.16666666666666","10.333333333333334","3.8333333333333335","66.53833333333334","11.833333333333334","2","0","5","Tienda"
"CLI000400","prepago","56","True","True","OF009","True","False","False","OF001","43.08","26-35","Cusco","True","8.538333333333334","142.16666666666666","6.833333333333333","3.3333333333333335","42.55166666666667","10.5","2","1","9","Digital"
"CLI000401","prepago","180","True","True","OF008","True","False","False","OF003","75.1","56-65","Cusco","False","35.175000000000004","191.33333333333334","7.5","0.0","75.985","18.666666666666668","3","3","9","Digital"
"CLI000402","prepago","140","True","True","OF008","True","False","False","OF001","38.11","26-35","Lima","False","8.148333333333333","138.83333333333334","7.5","0.0","37.79333333333333","5.666666666666667","1","0","6","Digital"
"CLI000403","prepago","58","True","False","","False","False","False","OF002","56.43","36-45","Arequipa","True","17.403333333333332","136.33333333333334","7.5","4.333333333333333","58.041666666666664","1.5","0","0","5","Digital"
"CLI000404","","175","False","True","OF005","True","False","False","OF005","96.79","46-55","Lima","False","2.24","201.16666666666666","8.0","0.0","95.31","0.8333333333333334","0","0","8","Digital"
"CLI000405","postpago","90","True","True","OF007","False","False","False","OF004","94.82","56-65","Lima","False","57.95333333333334","186.66666666666666","8.0","0.0","94.815","13.166666666666666","2","0","7","Digital"
"CLI000406","postpago","91","True","True","OF008","True","True","False","OF020","155.37","26-35","Lima","True","22.745","207.66666666666666","9.166666666666666","2.3333333333333335","155.6","16.333333333333332","2","2","7","Digital"
"CLI000407","prepago","79","True","False","","False","False","False","OF001","33.76","36-45","Lima","True","9.461666666666668","141.83333333333334","7.5","2.6666666666666665","33.983333333333334","8.833333333333334","1","0","7","Digital"
"CLI000408","postpago","26","True","False","","False","False","False","OF004","97.25","46-55","Lima","True","54.781666666666666","138.83333333333334","7.833333333333333","3.1666666666666665","95.42833333333333","9.5","1","0","9","Tienda"
"CLI000409","","169","False","True","OF007","False","False","False","OF007","69.17","56-65","Ica","True","1.7249999999999999","185.66666666666666","9.666666666666666","2.6666666666666665","68.74166666666666","4.0","1","0","5","Digital"
"CLI000410","postpago","3","True","True","OF010","True","True","False","OF022","248.75","46-55","Arequipa","True","59.31166666666667","170.33333333333334","9.333333333333334","2.3333333333333335","247.69833333333335","30.0","4","1","12","Call In"
"CLI000411","prepago","32","True","False","","False","False","False","OF002","65.64","56-65","Lima","True","22.708333333333332","243.33333333333334","8.0","4.0","65.47833333333334","10.833333333333334","2","0","2","Tienda"
"CLI000412","prepago","42","True","True","OF005","True","False","False","OF001","42.97","18-25","Lima","True","7.346666666666667","180.83333333333334","6.833333333333333","3.3333333333333335","43.30666666666667","13.666666666666666","2","0","3","Call Out"
"CLI000413","prepago","51","True","False","","False","False","False","OF003","78.13","26-35","Lima","True","35.596666666666664","230.66666666666666","8.666666666666666","3.6666666666666665","77.71666666666667","4.5","1","0","9","Call In"
"CLI000414","postpago","24","True","False","","False","False","False","OF003","82.25","26-35","Piura","True","39.248333333333335","185.5","9.333333333333334","4.0","82.31833333333333","26.166666666666668","3","0","5","Digital"
"CLI000415","postpago","4","True","True","OF005","True","False","True","OF003","66.19","36-45","Junin","True","39.00666666666667","168.33333333333334","8.166666666666666","3.3333333333333335","66.075","17.166666666666668","4","0","14","Digital"
"CLI000416","prepago","122","True","False","","False","False","False","OF002","67.21","46-55","Lima","True","19.453333333333333","182.0","7.0","3.8333333333333335","68.17333333333333","2.1666666666666665","0","2","3","Digital"
"CLI000417","","175","False","True","OF008","True","False","False","OF008","126.8","36-45","Arequipa","False","1.8116666666666668","220.66666666666666","7.833333333333333","0.0","125.04666666666667","13.0","2","0","10","Digital"
"CLI000418","prepago","22","True","False","","False","False","False","OF001","39.98","18-25","La Libertad","True","11.99","180.0","7.0","1.8333333333333333","39.278333333333336","11.5","1","0","6","Call Out"
"CLI000419","prepago","54","True","False","","False","False","False","OF002","54.56","46-55","Lima","True","17.985","152.0","10.0","2.1666666666666665","53.39833333333333","3.6666666666666665","1","0","4","Call In"
"CLI000420","postpago","92","True","False","","False","False","False","OF004","103.13","18-25","Arequipa","True","72.61833333333333","184.16666666666666","7.166666666666667","2.8333333333333335","100.45333333333333","5.0","1","0","4","Digital"
"CLI000421","prepago","167","True","False","","False","False","False","OF003","78.34","18-25","Lima","True","39.193333333333335","209.33333333333334","6.0","2.5","79.48333333333333","20.333333333333332","3","0","5","Call In"
"CLI000422","postpago","125","True","True","OF006","True","False","True","OF004","115.17","46-55","Lima","True","68.55333333333333","183.33333333333334","7.0","3.3333333333333335","115.69166666666666","3.1666666666666665","1","0","2","Call In"
"CLI000423","postpago","138","True","False","","False","False","False","OF002","64.25","46-55","Arequipa","True","14.28","170.33333333333334","7.0","5.333333333333333","63.741666666666674","3.6666666666666665","0","0","5","Tienda"
"CLI000424","prepago","105","True","False","","False","False","False","OF003","88.78","26-35","Lima","False","44.23666666666667","192.5","7.0","0.0","87.83666666666666","12.5","2","0","11","Tienda"
"CLI000425","prepago","76","True","True","OF006","True","False","False","OF002","60.36","36-45","Junin","True","19.526666666666667","164.16666666666666","8.5","3.6666666666666665","60.79333333333333","17.666666666666668","2","0","4","Digital"
"CLI000426","prepago","36","True","False","","False","False","False","OF002","61.2","36-45","Lima","True","23.53","185.66666666666666","6.666666666666667","3.3333333333333335","61.67666666666667","17.166666666666668","3","0","9","Tienda"
"CLI000427","postpago","156","True","False","","False","False","False","OF002","59.37","18-25","Lambayeque","False","16.643333333333334","176.83333333333334","9.0","0.0","59.1","9.833333333333334","1","0","7","Digital"
"CLI000428","postpago","145","True","False","","False","False","False","OF003","83.66","36-45","Lima","True","35.41833333333333","216.5","4.833333333333333","2.8333333333333335","85.36500000000001","8.0","1","0","1","Call In"
"CLI000429","postpago","5","True","True","OF008","True","False","True","OF004","104.36","18-25","Arequipa","True","63.315","211.83333333333334","7.833333333333333","2.1666666666666665","104.33666666666666","24.166666666666668","4","2","5","Tienda"
"CLI000430","postpago","129","True","False","","False","False","False","OF002","57.54","46-55","Piura","False","20.325","223.5","5.833333333333333","0.0","57.76833333333334","16.666666666666668","2","0","7","Call In"
"CLI000431","prepago","16","True","True","OF007","False","False","False","OF004","101.58","46-55","Ica","True","52.06333333333333","121.16666666666667","7.5","3.0","102.7","14.0","3","0","7","Digital"
"CLI000432","prepago","134","True","False","","False","False","False","OF003","76.3","26-35","Lima","True","37.165","151.16666666666666","11.0","4.333333333333333","75.63833333333334","0.0","0","2","3","Tienda"
"CLI000433","prepago","149","True","False","","False","False","False","OF004","113.07","26-35","Piura","False","53.06833333333333","100.66666666666667","7.5","0.0","113.08999999999999","6.5","1","0","5","Digital"
"CLI000434","prepago","24","True","False","","False","False","False","OF004","104.94","26-35","Lima","True","57.35666666666666","177.83333333333334","7.333333333333333","3.0","104.64999999999999","6.0","1","2","6","Call In"
"CLI000435","prepago","79","True","False","","False","False","False","OF002","54.27","65+","Lima","False","20.073333333333334","153.83333333333334","8.666666666666666","0.0","54.43","0.0","0","0","10","Call In"
"CLI000436","postpago","23","True","False","","False","False","False","OF004","89.05","46-55","Lima","True","55.576666666666675","185.5","9.0","3.1666666666666665","90.51166666666666","17.5","3","3","9","Digital"
"CLI000437","postpago","103","True","False","","False","False","False","OF001","40.66","46-55","Piura","False","9.57","144.83333333333334","8.833333333333334","0.0","40.60166666666667","6.333333333333333","1","0","6","Digital"
"CLI000438","prepago","167","True","False","","False","False","False","OF003","77.98","36-45","Lima","True","35.080000000000005","182.83333333333334","6.666666666666667","3.8333333333333335","78.11","4.333333333333333","1","0","7","Tienda"
"CLI000439","postpago","15","True","True","OF006","True","False","True","OF002","61.54","46-55","Otro","False","18.541666666666668","230.66666666666666","7.666666666666667","0.0","60.805","14.0","2","0","8","Call In"
"CLI000440","postpago","72","True","True","OF006","True","False","True","OF001","39.26","36-45","Otro","True","8.488333333333333","245.16666666666666","7.0","3.0","39.01333333333333","15.0","2","0","2","Call In"
"CLI000441","postpago","176","True","False","","False","False","False","OF003","92.02","26-35","Lima","True","42.49833333333333","167.83333333333334","7.833333333333333","1.1666666666666667","90.24000000000001","9.166666666666666","2","0","4","Call In"
"CLI000442","prepago","55","True","True","OF006","True","False","False","OF002","59.81","36-45","Lima","True","17.131666666666668","220.33333333333334","8.0","2.3333333333333335","58.62166666666667","0.0","0","0","5","Digital"
"CLI000443","postpago","24","True","True","OF008","True","True","False","OF022","223.76","26-35","Lima","True","62.623333333333335","244.66666666666666","8.833333333333334","2.6666666666666665","218.27833333333334","5.0","1","0","4","Digital"
"CLI000444","prepago","88","True","False","","False","False","False","OF001","43.89","26-35","Lima","True","9.156666666666666","162.83333333333334","6.833333333333333","2.6666666666666665","44.903333333333336","8.0","1","0","7","Digital"
"CLI000445","postpago","92","True","False","","False","False","False","OF002","57.64","26-35","Cusco","True","21.945000000000004","157.5","7.333333333333333","2.5","58.01","0.0","0","0","4","Tienda"
"CLI000446","prepago","120","True","True","OF010","True","False","False","OF004","102.39","26-35","Lima","True","55.650000000000006","229.83333333333334","8.666666666666666","1.5","103.78500000000001","8.5","1","1","10","Digital"
"CLI000447","postpago","57","True","True","OF008","True","True","False","OF021","170.35","36-45","Lima","True","43.92333333333334","191.33333333333334","9.0","3.3333333333333335","169.285","0.0","0","0","3","Tienda"
"CLI000448","prepago","173","True","False","","False","False","False","OF001","37.95","26-35","Lima","True","9.16","170.33333333333334","9.333333333333334","3.6666666666666665","38.9","4.0","1","0","4","Tienda"
"CLI000449","postpago","94","True","False","","False","False","False","OF001","42.41","18-25","Lima","True","9.173333333333334","205.0","8.666666666666666","3.3333333333333335","41.336666666666666","15.833333333333334","2","0","4","Call Out"
"CLI000450","prepago","52","True","False","","False","False","False","OF001","37.93","46-55","Junin","True","8.308333333333334","184.0","8.333333333333334","1.6666666666666667","38.46","0.0","0","0","6","Call In"
"CLI000451","prepago","173","True","False","","False","False","False","OF003","91.95","36-45","Arequipa","True","37.17666666666667","208.33333333333334","7.333333333333333","3.3333333333333335","91.305","16.0","3","1","8","Digital"
"CLI000452","postpago","167","True","True","OF008","True","False","True","OF003","82.32","26-35","Arequipa","False","33.71666666666667","183.5","8.0","0.0","81.87","11.5","2","0","3","Tienda"
"CLI000453","postpago","90","True","False","","False","False","False","OF004","109.26","56-65","Otro","True","53.23666666666667","268.6666666666667","7.0","2.0","110.44","0.0","0","3","8","Digital"
"CLI000454","prepago","5","True","False","","False","False","False","OF003","67.95","36-45","Lima","True","33.77833333333333","203.66666666666666","8.0","3.8333333333333335","67.38666666666667","25.0","4","1","8","Digital"
"CLI000455","prepago","108","True","True","OF005","True","False","False","OF002","61.41","26-35","La Libertad","False","21.563333333333333","154.5","8.666666666666666","0.0","61.725","3.8333333333333335","1","0","8","Digital"
"CLI000456","prepago","100","True","False","","False","False","False","OF004","102.44","26-35","Lima","True","59.031666666666666","192.33333333333334","7.666666666666667","2.5","102.35333333333334","12.833333333333334","2","1","5","Call In"
"CLI000457","prepago","27","True","True","OF006","True","False","False","OF001","40.17","26-35","Otro","False","10.115","213.33333333333334","5.833333333333333","0.0","40.120000000000005","7.666666666666667","2","0","4","Call In"
"CLI000458","postpago","115","True","False","","False","False","False","OF003","73.39","26-35","Lima","False","38.50333333333333","193.5","6.833333333333333","0.0","72.885","7.833333333333333","1","1","7","Call In"
"CLI000459","postpago","152","True","False","","False","False","False","OF002","58.99","56-65","Lima","False","17.961666666666666","127.16666666666667","7.833333333333333","0.0","59.185","13.5","2","0","2","Call In"
"CLI000460","prepago","20","True","True","OF005","True","False","False","OF001","44.08","56-65","Ica","True","8.875","218.83333333333334","6.333333333333333","2.6666666666666665","44.35333333333333","14.833333333333334","3","0","4","Digital"
"CLI000461","postpago","131","True","True","OF005","True","True","False","OF020","131.31","26-35","Arequipa","True","23.10166666666667","186.33333333333334","9.0","3.5","132.16333333333333","8.5","1","0","6","Call Out"
"CLI000462","prepago","26","True","True","OF009","True","False","False","OF002","56.48","26-35","Otro","False","18.253333333333334","159.16666666666666","6.666666666666667","0.0","56.568333333333335","0.0","0","0","12","Tienda"
"CLI000463","prepago","135","True","False","","False","False","False","OF002","64.4","18-25","Piura","True","19.583333333333332","121.83333333333333","8.333333333333334","4.0","65.13333333333333","7.166666666666667","1","0","8","Call In"
"CLI000464","postpago","76","True","False","","False","False","False","OF002","61.62","46-55","Lima","False","20.12","261.3333333333333","6.5","0.0","61.22666666666667","0.0","0","0","4","Call In"
"CLI000465","postpago","2","True","False","","False","False","False","OF002","62.63","56-65","Lambayeque","True","21.546666666666667","187.33333333333334","6.5","2.3333333333333335","62.685","11.166666666666666","2","0","7","Digital"
"CLI000466","postpago","174","True","False","","False","False","False","OF002","64.14","26-35","Lima","True","18.255","212.66666666666666","8.166666666666666","3.1666666666666665","63.288333333333334","10.5","1","1","4","Call Out"
"CLI000467","prepago","30","True","False","","False","False","False","OF003","81.83","56-65","Otro","False","26.745","148.33333333333334","8.5","0.0","82.05499999999999","30.5","5","1","6","Digital"
"CLI000468","prepago","108","True","False","","False","False","False","OF003","84.18","26-35","Otro","True","34.833333333333336","147.66666666666666","6.166666666666667","3.5","83.41","16.5","2","0","5","Call In"
"CLI000469","postpago","33","True","True","OF009","True","False","True","OF002","63.34","36-45","Ica","True","19.18166666666667","195.33333333333334","8.166666666666666","4.0","63.446666666666665","2.3333333333333335","0","0","8","Tienda"
"CLI000470","postpago","168","True","True","OF005","True","True","False","OF022","225.47","18-25","Ica","True","64.27166666666666","178.83333333333334","9.5","3.5","226.14166666666665","0.0","0","0","3","Call Out"
"CLI000471","postpago","133","True","True","OF006","True","False","True","OF002","50.89","36-45","Arequipa","False","17.963333333333335","186.83333333333334","7.666666666666667","0.0","50.655","14.666666666666666","2","0","3","Digital"
"CLI000472","postpago","145","True","False","","False","False","False","OF003","76.75","36-45","Lima","False","36.21","184.16666666666666","7.166666666666667","0.0","76.34333333333333","2.1666666666666665","0","1","4","Digital"
"CLI000473","postpago","78","True","True","OF005","True","True","False","OF020","145.53","36-45","Lima","False","26.89","180.33333333333334","7.666666666666667","0.0","146.97","0.0","0","0","5","Tienda"
"CLI000474","postpago","85","True","True","OF008","True","False","True","OF004","92.15","46-55","Lima","True","59.75333333333333","203.0","7.166666666666667","2.6666666666666665","93.65833333333335","0.0","0","0","7","Tienda"
"CLI000475","postpago","115","True","True","OF007","False","False","False","OF002","63.89","18-25","Junin","False","22.02","147.5","8.333333333333334","0.0","63.49666666666667","0.0","0","0","5","Call Out"
"CLI000476","postpago","142","True","True","OF005","True","False","True","OF004","110.48","26-35","Lima","True","68.15666666666667","191.33333333333334","8.166666666666666","4.0","110.915","0.8333333333333334","0","2","5","Digital"
"CLI000477","prepago","153","True","True","OF006","True","False","False","OF003","81.26","46-55","Lima","True","47.18333333333334","185.5","8.5","2.1666666666666665","80.325","3.6666666666666665","1","0","4","Digital"
"CLI000478","postpago","4","True","False","","False","False","False","OF003","83.48","36-45","Lima","True","46.696666666666665","191.33333333333334","6.0","2.3333333333333335","82.45666666666666","31.333333333333332","5","0","9","Call In"
"CLI000479","prepago","120","True","True","OF006","True","False","False","OF001","42.17","56-65","Lima","True","8.993333333333334","194.83333333333334","7.333333333333333","3.1666666666666665","42.79","4.0","1","0","3","Call In"
"CLI000480","postpago","20","True","False","","False","False","False","OF002","57.7","46-55","Ica","True","15.786666666666667","203.5","7.833333333333333","3.6666666666666665","57.931666666666665","6.5","0","0","6","Call Out"
"CLI000481","prepago","52","True","True","OF005","True","False","False","OF001","35.58","36-45","Lambayeque","False","10.408333333333333","222.33333333333334","9.166666666666666","0.0","35.464999999999996","6.5","1","0","9","Tienda"
"CLI000482","prepago","150","True","True","OF005","True","False","False","OF002","55.3","36-45","Cusco","True","18.021666666666665","196.66666666666666","7.833333333333333","3.3333333333333335","55.665","12.833333333333334","2","0","7","Call Out"
"CLI000483","postpago","46","True","False","","False","False","False","OF003","78.57","36-45","La Libertad","False","27.635","132.33333333333334","6.333333333333333","0.0","78.845","14.833333333333334","2","0","0",""
"CLI000484","postpago","144","True","False","","False","False","False","OF004","93.37","18-25","Lima","False","56.083333333333336","130.5","7.5","0.0","94.71999999999998","2.1666666666666665","0","0","8","Call In"
"CLI000485","prepago","84","True","False","","False","False","False","OF004","93.23","26-35","Lima","False","45.06","218.66666666666666","10.5","0.0","93.015","0.0","0","3","12","Tienda"
"CLI000486","postpago","42","True","False","","False","False","False","OF003","65.5","18-25","Arequipa","True","45.93666666666667","169.83333333333334","7.666666666666667","3.0","65.25833333333334","8.833333333333334","2","0","3","Call In"
"CLI000487","postpago","61","True","False","","False","False","False","OF004","108.79","26-35","Arequipa","True","63.81","211.16666666666666","8.5","3.6666666666666665","110.26666666666667","7.166666666666667","1","0","10","Digital"
"CLI000488","prepago","96","True","False","","False","False","False","OF001","36.37","46-55","Lima","True","8.516666666666667","188.83333333333334","4.833333333333333","3.0","35.85","3.3333333333333335","1","0","3","Tienda"
"CLI000489","postpago","138","True","False","","False","False","False","OF003","89.49","36-45","Piura","True","33.336666666666666","228.83333333333334","7.666666666666667","6.0","89.60333333333334","0.0","0","0","4","Digital"
"CLI000490","prepago","110","True","False","","False","False","False","OF004","95.25","56-65","Arequipa","False","66.125","195.83333333333334","8.0","0.0","96.01166666666667","3.6666666666666665","1","0","4","Tienda"
"CLI000491","postpago","168","True","True","OF006","True","False","True","OF003","79.63","56-65","Arequipa","False","36.586666666666666","189.0","8.833333333333334","0.0","80.05166666666666","6.0","1","0","5","Digital"
"CLI000492","postpago","157","True","False","","False","False","False","OF001","41.19","46-55","Arequipa","False","9.705","91.5","8.5","0.0","41.64833333333333","0.0","0","0","2","Call Out"
"CLI000493","prepago","136","True","False","","False","False","False","OF003","82.73","46-55","Piura","True","36.425000000000004","184.83333333333334","8.833333333333334","3.5","81.65166666666667","5.333333333333333","1","2","5","Digital"
"CLI000494","prepago","109","True","True","OF009","True","False","False","OF002","62.54","26-35","Lima","True","16.263333333333332","133.0","8.666666666666666","3.0","62.348333333333336","20.5","3","0","1","Digital"
"CLI000495","postpago","53","True","True","OF006","True","False","True","OF003","81.09","26-35","Lima","False","41.95","126.16666666666667","7.333333333333333","0.0","81.08833333333332","0.0","0","0","6","Digital"
"CLI000496","prepago","75","True","False","","False","False","False","OF001","38.83","46-55","Lambayeque","False","8.161666666666667","203.33333333333334","6.666666666666667","0.0","38.62833333333334","2.5","0","0","8","Tienda"
"CLI000497","postpago","22","True","True","OF005","True","True","False","OF021","176.56","26-35","Lima","False","49.47833333333333","234.16666666666666","8.333333333333334","0.0","176.35166666666666","12.166666666666666","2","0","7","Call In"
"CLI000498","postpago","68","True","True","OF005","True","False","True","OF004","103.05","26-35","Lima","True","59.89666666666667","227.16666666666666","7.666666666666667","3.5","103.66000000000001","0.0","0","2","3","Tienda"
"CLI000499","postpago","167","True","False","","False","False","False","OF004","96.49","56-65","Lima","True","67.80833333333334","168.16666666666666","7.333333333333333","4.666666666666667","95.425","8.0","1","3","2","Tienda"
"CLI000500","postpago","77","True","False","","False","False","False","OF001","35.9","46-55","Piura","False","9.193333333333333","173.83333333333334","6.5","0.0","35.98833333333334","13.5","2","0","7","Call In"
"CLI000501","","21","False","True","OF005","True","False","False","OF005","90.78","18-25","Lima","True","1.53","190.16666666666666","10.5","4.0","89.71499999999999","13.666666666666666","2","1","10","Digital"
"CLI000502","postpago","118","True","False","","False","False","False","OF002","61.35","46-55","Lima","True","14.63","229.16666666666666","8.666666666666666","2.8333333333333335","61.87833333333333","6.833333333333333","1","0","3","Call Out"
"CLI000503","postpago","174","True","False","","False","False","False","OF001","45.1","46-55","La Libertad","True","6.68","145.16666666666666","8.833333333333334","4.0","45.973333333333336","5.0","1","0","5","Digital"
"CLI000504","postpago","157","True","False","","False","False","False","OF001","35.38","56-65","Arequipa","True","11.38","162.33333333333334","9.5","2.6666666666666665","34.84166666666667","12.166666666666666","2","2","3","Digital"
"CLI000505","postpago","50","True","False","","False","False","False","OF002","70.85","46-55","Junin","True","20.953333333333333","239.5","7.666666666666667","3.1666666666666665","71.27666666666666","12.166666666666666","2","0","5","Digital"
"CLI000506","prepago","82","True","True","OF005","True","False","False","OF004","109.65","18-25","Lima","True","56.76","222.33333333333334","9.666666666666666","2.6666666666666665","109.335","16.5","2","0","4","Call Out"
"CLI000507","prepago","96","True","True","OF006","True","False","False","OF001","37.74","46-55","Junin","False","9.021666666666667","257.3333333333333","6.333333333333333","0.0","38.24666666666667","2.3333333333333335","0","0","9","Tienda"
"CLI000508","postpago","45","True","False","","False","False","False","OF001","37.46","36-45","Lima","True","9.568333333333333","193.0","7.333333333333333","2.6666666666666665","37.4","0.0","0","0","7","Call Out"
"CLI000509","prepago","49","True","False","","False","False","False","OF003","78.29","36-45","Arequipa","True","33.91833333333333","172.0","9.166666666666666","2.0","79.58","8.833333333333334","1","0","4","Digital"
"CLI000510","postpago","43","True","False","","False","False","False","OF002","65.96","46-55","Lima","True","15.466666666666669","195.33333333333334","7.0","1.1666666666666667","66.395","16.666666666666668","3","0","3","Tienda"
"CLI000511","prepago","180","True","False","","False","False","False","OF003","79.67","36-45","Arequipa","True","39.86333333333334","166.33333333333334","8.666666666666666","3.0","77.96333333333332","6.333333333333333","1","0","4","Call Out"
"CLI000512","prepago","135","True","False","","False","False","False","OF001","43.78","56-65","Otro","False","9.621666666666666","162.5","9.5","0.0","44.556666666666665","0.0","0","0","11","Digital"
"CLI000513","postpago","152","True","False","","False","False","False","OF002","64.12","56-65","Lambayeque","True","19.201666666666668","188.83333333333334","7.0","1.3333333333333333","63.345","0.0","0","0","2","Call In"
"CLI000514","postpago","147","True","False","","False","False","False","OF004","93.94","26-35","Ica","True","53.48666666666667","173.5","8.333333333333334","3.1666666666666665","92.32166666666666","17.666666666666668","2","3","5","Digital"
"CLI000515","prepago","173","True","True","OF008","True","False","False","OF002","51.98","36-45","Lima","True","20.255","162.0","7.166666666666667","2.8333333333333335","51.455000000000005","0.0","0","0","3","Digital"
"CLI000516","postpago","19","True","False","","False","False","False","OF004","92.96","26-35","Lima","True","68.48333333333333","194.0","8.166666666666666","2.3333333333333335","92.74166666666667","17.0","2","1","3","Call In"
"CLI000517","postpago","159","True","False","","False","False","False","OF001","35.77","26-35","Arequipa","False","8.681666666666667","157.5","7.166666666666667","0.0","35.455","8.333333333333334","1","0","4","Tienda"
"CLI000518","prepago","12","True","False","","False","False","False","OF001","39.19","26-35","La Libertad","True","8.133333333333333","145.16666666666666","9.0","3.1666666666666665","38.79333333333333","18.0","2","0","3","Tienda"
"CLI000519","prepago","86","True","True","OF007","False","False","False","OF001","38.66","36-45","Lima","True","10.471666666666666","132.33333333333334","7.833333333333333","3.5","38.696666666666665","0.0","0","0","8","Digital"
"CLI000520","postpago","107","True","False","","False","False","False","OF002","57.94","18-25","Lima","True","15.888333333333334","141.0","7.333333333333333","3.8333333333333335","57.666666666666664","0.0","0","0","4","Tienda"
"CLI000521","prepago","65","True","False","","False","False","False","OF003","77.91","46-55","Junin","False","43.62833333333333","130.83333333333334","7.166666666666667","0.0","77.09666666666666","0.0","0","0","7","Tienda"
"CLI000522","postpago","27","True","False","","False","False","False","OF004","98.92","26-35","Arequipa","True","45.77833333333333","172.66666666666666","9.833333333333334","3.0","100.23833333333334","22.833333333333332","3","0","3","Call In"
"CLI000523","postpago","35","True","False","","False","False","False","OF002","56.99","26-35","Lima","True","20.271666666666665","210.0","8.333333333333334","4.0","55.919999999999995","12.333333333333334","2","0","7","Call In"
"CLI000524","postpago","149","True","True","OF007","False","False","False","OF003","71.07","26-35","Lima","True","43.46666666666667","168.33333333333334","6.333333333333333","2.6666666666666665","70.46","4.666666666666667","1","0","1","Call Out"
"CLI000525","prepago","58","True","False","","False","False","False","OF001","40.84","26-35","Otro","False","9.981666666666667","131.0","7.666666666666667","0.0","40.36833333333333","9.0","1","0","8","Digital"
"CLI000526","","56","False","True","OF005","True","False","False","OF005","84.94","18-25","Lambayeque","False","2.435","270.5","8.166666666666666","0.0","84.83166666666666","21.833333333333332","3","0","2","Digital"
"CLI000527","postpago","167","True","True","OF008","True","False","True","OF003","77.87","56-65","Cusco","True","35.86333333333334","212.5","7.833333333333333","2.3333333333333335","78.15833333333333","0.0","0","0","6","Digital"
"CLI000528","postpago","26","True","False","","False","False","False","OF003","80.24","26-35","Lambayeque","False","33.571666666666665","139.66666666666666","8.666666666666666","0.0","78.065","9.5","2","0","4","Digital"
"CLI000529","prepago","165","True","False","","False","False","False","OF002","50.12","56-65","La Libertad","True","20.948333333333334","182.5","8.666666666666666","4.0","50.449999999999996","5.666666666666667","1","0","7","Call Out"
"CLI000530","prepago","166","True","False","","False","False","False","OF001","42.13","18-25","Lima","True","8.895","177.16666666666666","6.666666666666667","3.0","41.91166666666667","8.166666666666666","1","0","5","Call In"
"CLI000531","postpago","108","True","False","","False","False","False","OF004","104.74","26-35","Lima","True","48.89000000000001","193.33333333333334","8.166666666666666","3.0","103.97833333333334","0.0","0","0","8","Digital"
"CLI000532","prepago","30","True","True","OF006","True","False","False","OF003","75.39","46-55","Piura","False","41.86","213.16666666666666","7.0","0.0","74.75666666666667","10.5","2","0","4","Call Out"
"CLI000533","postpago","29","True","False","","False","False","False","OF004","102.79","36-45","Junin","True","53.096666666666664","201.0","9.166666666666666","4.666666666666667","101.96833333333332","15.333333333333334","2","2","3","Tienda"
"CLI000534","prepago","52","True","True","OF008","True","False","False","OF001","37.55","18-25","Otro","False","8.136666666666667","119.83333333333333","9.166666666666666","0.0","38.235","6.833333333333333","2","0","3","Tienda"
"CLI000535","prepago","104","True","False","","False","False","False","OF001","41.49","18-25","La Libertad","True","9.166666666666666","179.0","8.166666666666666","3.0","42.51166666666666","1.1666666666666667","0","0","4","Digital"
"CLI000536","prepago","28","True","False","","False","False","False","OF003","87.55","56-65","Junin","False","17.403333333333332","186.0","6.666666666666667","0.0","86.68166666666667","17.833333333333332","2","0","4","Digital"
"CLI000537","postpago","83","True","True","OF006","True","True","False","OF020","149.29","26-35","Lima","True","20.853333333333335","191.33333333333334","8.5","2.8333333333333335","150.0716666666667","13.0","2","0","4","Call In"
"CLI000538","postpago","21","True","True","OF006","True","False","True","OF003","82.02","26-35","Lima","True","37.718333333333334","177.66666666666666","8.666666666666666","2.8333333333333335","82.46833333333333","5.166666666666667","1","0","3","Digital"
"CLI000539","prepago","98","True","False","","False","False","False","OF003","83.3","56-65","Lima","True","35.76833333333333","185.5","7.333333333333333","3.1666666666666665","83.72166666666666","12.333333333333334","2","0","7","Digital"
"CLI000540","prepago","4","True","False","","False","False","False","OF002","59.33","36-45","Lima","True","17.168333333333333","202.83333333333334","9.333333333333334","2.0","60.406666666666666","12.0","2","0","6","Tienda"
"CLI000541","prepago","128","True","False","","False","False","False","OF004","91.56","46-55","Cusco","True","48.328333333333326","163.66666666666666","7.333333333333333","3.0","90.28833333333334","8.666666666666666","1","0","6","Digital"
"CLI000542","postpago","10","True","False","","False","False","False","OF004","99.29","36-45","Lambayeque","False","60.26166666666666","186.33333333333334","6.5","0.0","99.24000000000001","12.166666666666666","2","0","8","Digital"
"CLI000543","prepago","36","True","False","","False","False","False","OF003","84.16","46-55","Lima","True","36.52333333333333","241.5","7.833333333333333","2.8333333333333335","84.19","7.166666666666667","1","0","6","Call Out"
"CLI000544","prepago","32","True","True","OF006","True","False","False","OF001","41.55","36-45","Lima","False","8.075000000000001","147.0","5.833333333333333","0.0","41.431666666666665","17.166666666666668","3","0","7","Call In"
"CLI000545","postpago","150","True","True","OF009","True","False","True","OF004","104.35","26-35","Ica","False","59.12833333333333","179.83333333333334","6.666666666666667","0.0","103.13666666666666","1.3333333333333333","0","0","8","Digital"
"CLI000546","postpago","10","True","True","OF008","True","True","False","OF020","160.07","36-45","Lima","True","26.465","222.0","6.666666666666667","2.8333333333333335","160.79333333333332","2.5","0","0","8","Call In"
"CLI000547","postpago","78","True","False","","False","False","False","OF002","52.91","56-65","Lima","False","17.783333333333335","143.33333333333334","7.666666666666667","0.0","53.846666666666664","0.0","0","0","4","Tienda"
"CLI000548","postpago","107","True","False","","False","False","False","OF002","53.76","26-35","Lima","False","18.606666666666666","181.5","7.166666666666667","0.0","53.19","8.333333333333334","1","1","3","Call In"
"CLI000549","postpago","93","True","False","","False","False","False","OF001","37.52","36-45","Lambayeque","True","6.864999999999999","124.5","8.833333333333334","2.6666666666666665","37.045","6.166666666666667","1","0","4","Digital"
"CLI000550","postpago","123","True","False","","False","False","False","OF004","99.11","26-35","Lima","True","48.63166666666667","226.66666666666666","5.833333333333333","3.8333333333333335","100.04166666666667","11.166666666666666","2","0","4","Digital"
"CLI000551","postpago","145","True","False","","False","False","False","OF002","55.57","46-55","Arequipa","True","18.583333333333332","188.0","8.833333333333334","3.0","55.52333333333333","0.0","0","0","5","Call Out"
"CLI000552","postpago","71","True","False","","False","False","False","OF003","90.93","36-45","Lima","True","37.98833333333334","173.0","7.833333333333333","3.5","90.84833333333334","5.5","1","2","7","Tienda"
"CLI000553","prepago","150","True","True","OF008","True","False","False","OF003","69.82","36-45","Lima","True","38.85166666666667","154.83333333333334","6.5","2.8333333333333335","70.21833333333333","9.333333333333334","1","0","6","Tienda"
"CLI000554","","58","False","True","OF007","False","False","False","OF007","65.9","18-25","Lima","True","2.453333333333333","175.33333333333334","8.166666666666666","2.6666666666666665","66.19333333333334","0.0","0","0","4","Digital"
"CLI000555","prepago","178","True","True","OF006","True","False","False","OF001","45.71","26-35","Lima","False","6.646666666666667","148.33333333333334","8.0","0.0","45.945","0.0","0","1","7","Digital"
"CLI000556","prepago","91","True","False","","False","False","False","OF001","44.79","26-35","Lima","True","9.536666666666667","237.0","8.333333333333334","1.8333333333333333","44.125","23.166666666666668","4","0","7","Tienda"
"CLI000557","postpago","133","True","False","","False","False","False","OF003","79.98","46-55","Arequipa","True","38.19166666666666","198.33333333333334","10.5","3.1666666666666665","78.685","0.0","0","2","4","Digital"
"CLI000558","prepago","158","True","False","","False","False","False","OF003","81.04","26-35","Arequipa","True","45.14333333333334","186.5","9.833333333333334","2.8333333333333335","80.45166666666667","5.166666666666667","1","0","5","Digital"
"CLI000559","prepago","143","True","False","","False","False","False","OF001","33.35","26-35","Lima","True","7.946666666666666","142.5","8.833333333333334","2.5","33.41833333333333","2.3333333333333335","0","0","8","Digital"
"CLI000560","prepago","154","True","False","","False","False","False","OF003","80.7","36-45","Otro","True","47.43833333333333","189.83333333333334","7.333333333333333","3.3333333333333335","80.68666666666667","10.833333333333334","2","0","2","Call Out"
"CLI000561","postpago","97","True","True","OF006","True","False","True","OF002","58.63","36-45","Lima","True","24.02333333333333","156.66666666666666","7.333333333333333","2.1666666666666665","58.70166666666666","6.666666666666667","1","0","9","Digital"
"CLI000562","prepago","8","True","True","OF008","True","False","False","OF002","57.4","46-55","Lambayeque","True","17.25166666666667","127.16666666666667","8.5","2.0","57.913333333333334","15.666666666666666","2","0","10","Tienda"
"CLI000563","postpago","89","True","False","","False","False","False","OF001","39.57","46-55","Lima","True","10.076666666666668","165.33333333333334","9.833333333333334","3.6666666666666665","40.155","10.0","1","0","11","Tienda"
"CLI000564","postpago","33","True","True","OF006","True","False","True","OF004","119.24","46-55","La Libertad","True","59.43666666666667","219.5","7.833333333333333","3.5","120.695","9.5","1","2","5","Digital"
"CLI000565","postpago","161","True","True","OF006","True","False","True","OF002","61.93","26-35","Lima","True","23.459999999999997","215.16666666666666","8.5","3.1666666666666665","61.58166666666667","2.8333333333333335","1","0","4","Digital"
"CLI000566","prepago","43","True","False","","False","False","False","OF001","40.84","46-55","Lima","True","8.676666666666668","200.5","7.166666666666667","3.8333333333333335","40.915","13.333333333333334","2","0","5","Call Out"
"CLI000567","prepago","42","True","False","","False","False","False","OF003","78.58","26-35","Arequipa","True","40.858333333333334","194.5","7.666666666666667","3.5","77.13666666666667","0.8333333333333334","0","0","8","Digital"
"CLI000568","","45","False","True","OF008","True","False","False","OF008","135.95","18-25","Lima","True","2.046666666666667","178.33333333333334","6.5","3.6666666666666665","134.775","7.5","1","3","8","Call In"
"CLI000569","postpago","116","True","True","OF006","True","False","True","OF003","76.71","36-45","Piura","True","34.64666666666667","127.0","7.333333333333333","3.8333333333333335","77.64166666666667","9.0","1","0","5","Call Out"
"CLI000570","postpago","103","True","True","OF008","True","True","False","OF020","158.41","18-25","Lima","True","25.935000000000002","170.16666666666666","7.833333333333333","2.8333333333333335","158.38833333333335","3.5","1","0","7","Tienda"
"CLI000571","postpago","171","True","False","","False","False","False","OF004","110.63","18-25","Cusco","False","55.20166666666666","195.0","8.0","0.0","111.22000000000001","0.0","0","0","5","Digital"
"CLI000572","prepago","75","True","False","","False","False","False","OF003","70.52","18-25","Lima","False","33.038333333333334","90.66666666666667","8.166666666666666","0.0","70.49","8.666666666666666","2","0","4","Call Out"
"CLI000573","postpago","51","True","True","OF005","True","False","True","OF001","40.37","36-45","Cusco","True","9.723333333333334","243.83333333333334","8.5","3.5","40.17","25.666666666666668","3","0","5","Call In"
"CLI000574","postpago","9","True","True","OF008","True","False","True","OF003","86.81","26-35","Arequipa","True","38.52166666666667","170.83333333333334","9.166666666666666","2.5","86.55","27.166666666666668","3","1","7","Digital"
"CLI000575","","2","False","True","OF008","True","False","False","OF008","131.41","46-55","Lima","True","1.9533333333333334","131.83333333333334","8.166666666666666","4.166666666666667","132.31333333333333","20.5","3","0","5","Digital"
"CLI000576","postpago","68","True","False","","False","False","False","OF004","97.65","26-35","Lima","True","66.30666666666666","192.33333333333334","8.166666666666666","3.3333333333333335","99.7","9.833333333333334","1","0","6","Call Out"
"CLI000577","postpago","167","True","True","OF009","True","False","True","OF003","90.13","26-35","Arequipa","True","44.74166666666667","197.83333333333334","6.666666666666667","3.0","90.74833333333333","5.333333333333333","1","0","4","Digital"
"CLI000578","postpago","95","True","False","","False","False","False","OF003","79.6","36-45","Piura","False","35.525","152.5","8.333333333333334","0.0","80.29166666666667","0.0","0","0","6","Call In"
"CLI000579","postpago","161","True","True","OF007","False","False","False","OF003","80.61","46-55","Lima","True","28.203333333333333","133.0","9.666666666666666","3.6666666666666665","80.25666666666666","5.333333333333333","1","2","5","Call In"
"CLI000580","postpago","19","True","False","","False","False","False","OF003","90.11","46-55","Lima","True","40.74666666666667","144.16666666666666","8.5","2.1666666666666665","89.40833333333335","28.666666666666668","4","3","9","Call In"
"CLI000581","","17","False","True","OF005","True","False","False","OF005","86.42","26-35","Lima","True","1.7633333333333334","207.33333333333334","9.333333333333334","3.1666666666666665","86.27333333333333","27.333333333333332","4","0","2","Digital"
"CLI000582","postpago","151","True","False","","False","False","False","OF003","77.89","46-55","Lambayeque","True","46.88333333333333","220.33333333333334","8.0","3.8333333333333335","78.575","13.666666666666666","3","0","4","Tienda"
"CLI000583","prepago","20","True","True","OF005","True","False","False","OF004","89.56","36-45","Lima","False","45.798333333333325","142.0","8.333333333333334","0.0","87.59333333333332","13.333333333333334","2","0","4","Tienda"
"CLI000584","postpago","10","True","False","","False","False","False","OF001","39.19","65+","Junin","True","7.421666666666667","195.16666666666666","9.333333333333334","3.1666666666666665","39.531666666666666","8.666666666666666","2","0","5","Call In"
"CLI000585","prepago","73","True","True","OF006","True","False","False","OF003","78.44","36-45","Cusco","True","31.163333333333338","198.0","9.333333333333334","3.0","78.89333333333333","1.8333333333333333","0","0","10","Tienda"
"CLI000586","postpago","167","True","True","OF006","True","True","False","OF021","206.38","26-35","Lima","True","45.788333333333334","113.66666666666667","5.5","3.0","205.44833333333335","7.666666666666667","1","3","4","Call Out"
"CLI000587","postpago","125","True","False","","False","False","False","OF004","97.93","46-55","Lima","True","43.02166666666667","150.16666666666666","9.333333333333334","2.1666666666666665","98.25666666666666","8.666666666666666","1","0","5","Digital"
"CLI000588","prepago","18","True","True","OF009","True","False","False","OF001","36.75","18-25","Lambayeque","False","9.461666666666666","175.83333333333334","7.666666666666667","0.0","37.074999999999996","21.5","3","0","8","Digital"
"CLI000589","prepago","151","True","False","","False","False","False","OF001","39.19","46-55","Lima","True","8.676666666666668","183.5","8.333333333333334","3.8333333333333335","38.81333333333333","0.0","0","0","6","Digital"
"CLI000590","prepago","152","True","True","OF005","True","False","False","OF003","82.06","36-45","Lambayeque","True","34.843333333333334","193.0","8.833333333333334","1.3333333333333333","80.895","14.333333333333334","2","3","8","Digital"
"CLI000591","prepago","145","True","True","OF005","True","False","False","OF002","57.69","26-35","Lambayeque","True","15.528333333333334","186.0","8.666666666666666","2.0","59.00333333333333","19.5","3","0","6","Tienda"
"CLI000592","prepago","163","True","False","","False","False","False","OF002","60.08","18-25","Lima","True","21.95","214.0","7.166666666666667","2.3333333333333335","60.65","13.333333333333334","2","0","7","Digital"
"CLI000593","prepago","44","True","False","","False","False","False","OF003","78.26","18-25","Otro","True","27.69666666666667","191.16666666666666","6.666666666666667","3.5","76.42833333333333","5.333333333333333","1","0","3","Tienda"
"CLI000594","prepago","177","True","False","","False","False","False","OF004","95.6","18-25","Lima","True","58.633333333333326","171.0","9.166666666666666","3.8333333333333335","95.27833333333335","9.833333333333334","2","0","6","Tienda"
"CLI000595","prepago","58","True","False","","False","False","False","OF002","58.16","36-45","La Libertad","True","17.433333333333334","191.5","9.333333333333334","2.3333333333333335","59.01166666666666","0.0","0","3","2","Call In"
"CLI000596","postpago","145","True","True","OF005","True","False","True","OF001","39.26","46-55","Lima","False","10.591666666666667","151.16666666666666","8.666666666666666","0.0","39.255","16.0","2","0","5","Tienda"
"CLI000597","prepago","105","True","False","","False","False","False","OF001","41.57","18-25","Lima","True","8.396666666666667","121.83333333333333","6.666666666666667","3.8333333333333335","41.30166666666667","7.5","1","0","8","Digital"
"CLI000598","postpago","141","True","True","OF005","True","False","True","OF001","40.67","26-35","Lima","True","7.903333333333333","191.83333333333334","7.833333333333333","2.6666666666666665","40.11333333333334","10.166666666666666","1","2","3","Call In"
"CLI000599","postpago","114","True","True","OF005","True","False","True","OF002","53.16","46-55","Lima","True","18.833333333333332","166.33333333333334","6.5","2.3333333333333335","52.41","7.666666666666667","1","0","8","Call In"
"CLI000600","postpago","116","True","False","","False","False","False","OF004","93.43","26-35","La Libertad","True","54.123333333333335","213.5","8.0","3.3333333333333335","94.15333333333332","0.0","0","0","4","Digital"
"CLI000601","postpago","111","True","True","OF005","True","False","True","OF003","73.31","46-55","Otro","False","32.50333333333334","203.66666666666666","9.5","0.0","71.135","6.833333333333333","1","3","6","Digital"
"CLI000602","postpago","141","True","False","","False","False","False","OF002","62.95","18-25","Lima","True","13.235","110.83333333333333","9.333333333333334","3.5","62.39166666666667","0.0","0","0","3","Call In"
"CLI000603","postpago","134","True","False","","False","False","False","OF003","77.89","46-55","La Libertad","False","28.18166666666667","153.66666666666666","9.0","0.0","79.02","2.1666666666666665","0","0","8","Call In"
"CLI000604","prepago","25","True","True","OF006","True","False","False","OF001","41.88","46-55","Lima","False","7.455000000000001","187.5","7.333333333333333","0.0","41.65833333333333","18.333333333333332","2","0","6","Call Out"
"CLI000605","postpago","149","True","True","OF010","True","False","True","OF003","71.11","18-25","Lima","True","43.06666666666666","119.0","8.0","3.6666666666666665","70.98333333333333","10.5","1","0","6","Digital"
"CLI000606","prepago","97","True","True","OF005","True","False","False","OF001","39.69","26-35","Piura","True","8.566666666666666","173.83333333333334","8.833333333333334","3.3333333333333335","39.15","1.0","0","0","4","Digital"
"CLI000607","prepago","59","True","False","","False","False","False","OF003","82.95","26-35","Arequipa","True","29.221666666666664","134.66666666666666","9.0","3.3333333333333335","83.51333333333334","6.0","1","1","2","Digital"
"CLI000608","postpago","93","True","True","OF009","True","False","True","OF003","78.78","18-25","La Libertad","True","25.45","175.16666666666666","7.166666666666667","4.833333333333333","78.96499999999999","0.0","0","0","6","Call In"
"CLI000609","","175","False","True","OF005","True","False","False","OF005","88.1","26-35","Piura","True","2.2616666666666667","157.66666666666666","7.166666666666667","3.6666666666666665","87.64","0.0","0","0","10","Tienda"
"CLI000610","postpago","155","True","False","","False","False","False","OF002","63.36","46-55","Lima","False","20.605","151.0","8.333333333333334","0.0","62.36166666666667","0.0","0","0","3","Call In"
"CLI000611","prepago","151","True","True","OF006","True","False","False","OF001","34.8","46-55","Ica","True","9.575","164.66666666666666","8.666666666666666","3.8333333333333335","34.964999999999996","11.5","2","0","6","Call Out"
"CLI000612","postpago","84","True","True","OF007","False","False","False","OF004","105.23","26-35","La Libertad","False","49.10833333333333","202.33333333333334","8.333333333333334","0.0","106.04166666666667","5.833333333333333","2","0","4","Digital"
"CLI000613","prepago","142","True","True","OF006","True","False","False","OF001","38.49","46-55","Lima","True","9.306666666666667","216.0","8.166666666666666","3.8333333333333335","38.20333333333333","19.5","3","2","10","Tienda"
"CLI000614","prepago","70","True","False","","False","False","False","OF003","84.07","26-35","Lima","False","40.28333333333333","116.0","9.166666666666666","0.0","86.88666666666667","5.666666666666667","1","0","1","Tienda"
"CLI000615","postpago","124","True","False","","False","False","False","OF001","37.32","18-25","Junin","True","10.421666666666667","132.5","9.333333333333334","2.6666666666666665","37.02","0.0","0","0","2","Tienda"
"CLI000616","postpago","116","True","False","","False","False","False","OF004","96.32","26-35","Otro","False","64.97","200.0","7.0","0.0","96.44833333333334","11.833333333333334","1","0","4","Tienda"
"CLI000617","postpago","45","True","True","OF006","True","False","True","OF001","33.75","26-35","La Libertad","True","8.84","159.0","8.666666666666666","2.8333333333333335","34.891666666666666","0.0","0","0","3","Call In"
"CLI000618","prepago","48","True","False","","False","False","False","OF002","61.66","18-25","Piura","True","19.263333333333332","244.5","7.333333333333333","3.8333333333333335","60.845","0.0","0","0","1","Tienda"
"CLI000619","postpago","12","True","False","","False","False","False","OF003","81.68","18-25","Cusco","True","35.33","129.16666666666666","7.166666666666667","2.8333333333333335","81.72","27.666666666666668","4","0","8","Call In"
"CLI000620","postpago","26","True","False","","False","False","False","OF003","70.89","26-35","Otro","False","41.12833333333334","169.83333333333334","8.0","0.0","70.38","29.166666666666668","4","0","5","Digital"
"CLI000621","postpago","79","True","True","OF009","True","False","True","OF001","40.77","56-65","Arequipa","True","9.11","151.5","9.0","2.5","40.541666666666664","6.5","1","0","2","Call In"
"CLI000622","prepago","87","True","False","","False","False","False","OF004","99.38","36-45","Lima","True","57.18166666666667","183.33333333333334","8.833333333333334","2.8333333333333335","97.295","3.5","1","0","9","Call In"
"CLI000623","postpago","30","True","True","OF005","True","False","True","OF001","42.63","56-65","Junin","False","8.358333333333333","196.66666666666666","9.166666666666666","0.0","42.40833333333333","2.5","0","0","4","Tienda"
"CLI000624","prepago","76","True","False","","False","False","False","OF002","66.76","18-25","Junin","False","17.55666666666667","209.0","6.666666666666667","0.0","67.64","4.166666666666667","1","2","2","Call In"
"CLI000625","postpago","109","True","True","OF008","True","True","False","OF021","185.51","56-65","Otro","True","40.89833333333333","128.0","7.0","3.1666666666666665","185.57333333333335","16.666666666666668","2","1","2","Digital"
"CLI000626","prepago","42","True","False","","False","False","False","OF002","53.94","18-25","Lima","True","24.065","227.33333333333334","10.333333333333334","3.0","53.656666666666666","10.0","2","0","3","Digital"
"CLI000627","postpago","61","True","True","OF005","True","False","True","OF003","84.22","26-35","Arequipa","False","29.548333333333332","172.66666666666666","7.666666666666667","0.0","84.205","0.0","0","0","8","Call In"
"CLI000628","postpago","67","True","False","","False","False","False","OF001","39.76","18-25","Cusco","False","10.325000000000001","216.5","8.666666666666666","0.0","40.30166666666667","0.0","0","0","4","Digital"
"CLI000629","prepago","91","True","True","OF005","True","False","False","OF002","54.78","26-35","Lima","True","21.05","216.66666666666666","9.0","2.6666666666666665","53.67666666666667","0.0","0","0","7","Digital"
"CLI000630","prepago","66","True","True","OF009","True","False","False","OF001","35.02","26-35","Lima","True","8.51","177.83333333333334","8.0","3.8333333333333335","34.81666666666667","4.833333333333333","1","0","8","Call In"
"CLI000631","prepago","133","True","False","","False","False","False","OF003","70.02","46-55","Ica","False","38.18833333333333","203.5","8.666666666666666","0.0","69.96833333333333","4.666666666666667","1","0","5","Tienda"
"CLI000632","postpago","59","True","True","OF009","True","False","True","OF002","63.97","46-55","Otro","False","22.743333333333336","232.5","10.333333333333334","0.0","64.57","4.666666666666667","1","3","5","Digital"
"CLI000633","postpago","79","True","True","OF008","True","False","True","OF001","39.38","26-35","Cusco","True","8.716666666666667","230.66666666666666","3.8333333333333335","3.8333333333333335","39.23","14.333333333333334","2","0","4","Call In"
"CLI000634","","69","False","True","OF006","True","False","False","OF006","99.49","46-55","Otro","True","2.2016666666666667","189.83333333333334","8.0","3.8333333333333335","100.06","7.166666666666667","2","0","8","Tienda"
"CLI000635","postpago","33","True","False","","False","False","False","OF001","36.9","26-35","Cusco","False","8.281666666666666","187.83333333333334","9.166666666666666","0.0","36.44833333333333","4.666666666666667","1","0","8","Digital"
"CLI000636","postpago","124","True","False","","False","False","False","OF002","62.78","18-25","Piura","True","20.028333333333332","153.83333333333334","7.5","3.0","62.225","8.666666666666666","1","0","8","Digital"
"CLI000637","postpago","43","True","False","","False","False","False","OF004","99.98","26-35","Lambayeque","True","51.83833333333333","184.33333333333334","8.0","2.3333333333333335","101.815","11.666666666666666","1","0","5","Call In"
"CLI000638","","54","False","True","OF006","True","False","False","OF006","100.87","26-35","Lima","True","1.3016666666666665","186.0","5.166666666666667","4.166666666666667","102.56666666666666","6.0","1","0","8","Digital"
"CLI000639","prepago","143","True","False","","False","False","False","OF003","75.73","18-25","Ica","False","38.096666666666664","220.16666666666666","7.833333333333333","0.0","74.36333333333333","15.166666666666666","2","0","3","Call In"
"CLI000640","prepago","171","True","False","","False","False","False","OF002","62.15","18-25","Lima","True","17.926666666666666","207.66666666666666","6.833333333333333","4.166666666666667","62.199999999999996","0.0","0","0","8","Digital"
"CLI000641","postpago","121","True","True","OF005","True","False","True","OF003","81.27","26-35","Junin","True","35.57333333333333","152.33333333333334","8.833333333333334","2.3333333333333335","80.06166666666667","0.0","0","0","6","Call In"
"CLI000642","prepago","165","True","False","","False","False","False","OF003","81.78","56-65","Lambayeque","True","34.64333333333334","219.33333333333334","8.666666666666666","3.0","82.14999999999999","0.0","0","0","3","Tienda"
"CLI000643","prepago","154","True","False","","False","False","False","OF004","102.43","56-65","Lima","True","65.70333333333333","172.66666666666666","9.333333333333334","3.3333333333333335","103.27499999999999","16.5","2","1","8","Digital"
"CLI000644","postpago","87","True","False","","False","False","False","OF003","77.28","65+","Lambayeque","False","39.61333333333334","169.0","10.0","0.0","79.84833333333334","6.5","1","0","7","Digital"
"CLI000645","postpago","139","True","False","","False","False","False","OF001","37.7","18-25","Piura","True","8.421666666666667","101.66666666666667","6.833333333333333","3.3333333333333335","38.050000000000004","9.333333333333334","1","0","7","Digital"
"CLI000646","prepago","60","True","False","","False","False","False","OF004","90.9","18-25","Arequipa","True","60.12833333333333","191.66666666666666","9.0","2.5","91.04666666666667","0.0","0","0","6","Digital"
"CLI000647","postpago","83","True","False","","False","False","False","OF002","68.3","36-45","Junin","False","22.411666666666665","147.5","8.0","0.0","69.47500000000001","8.666666666666666","1","0","5","Digital"
"CLI000648","postpago","97","True","True","OF005","True","False","True","OF003","81.04","36-45","La Libertad","True","40.24833333333333","176.83333333333334","7.666666666666667","2.8333333333333335","81.91833333333334","0.0","0","0","10","Call In"
"CLI000649","prepago","173","True","False","","False","False","False","OF002","61.02","26-35","Ica","True","22.333333333333332","203.33333333333334","7.333333333333333","3.8333333333333335","62.07333333333333","0.0","0","0","6","Call In"
"CLI000650","postpago","153","True","False","","False","False","False","OF004","77.77","46-55","Arequipa","True","54.83833333333334","148.33333333333334","6.333333333333333","2.6666666666666665","76.30833333333334","0.0","0","0","4","Tienda"
"CLI000651","postpago","89","True","False","","False","False","False","OF003","69.24","65+","Lima","False","35.16833333333333","220.83333333333334","10.666666666666666","0.0","69.95666666666666","0.0","0","0","4","Call In"
"CLI000652","postpago","118","True","False","","False","False","False","OF003","81.44","26-35","Lima","True","38.51166666666666","163.66666666666666","7.333333333333333","3.1666666666666665","81.21333333333332","8.5","1","0","6","Call Out"
"CLI000653","prepago","37","True","False","","False","False","False","OF002","60.41","56-65","Arequipa","False","27.46166666666667","187.83333333333334","7.5","0.0","59.321666666666665","16.166666666666668","3","0","2","Call In"
"CLI000654","postpago","145","True","False","","False","False","False","OF001","45.06","18-25","Piura","True","6.871666666666667","212.66666666666666","6.5","2.6666666666666665","44.623333333333335","0.0","0","0","4","Call In"
"CLI000655","prepago","100","True","False","","False","False","False","OF001","37.75","36-45","Arequipa","False","7.84","185.66666666666666","9.166666666666666","0.0","38.91166666666667","0.0","0","0","0",""
"CLI000656","postpago","96","True","True","OF005","True","False","True","OF001","38.23","26-35","Ica","False","8.545","153.5","6.5","0.0","38.095","9.333333333333334","1","0","5","Tienda"
"CLI000657","postpago","138","True","False","","False","False","False","OF001","43.95","36-45","Lambayeque","True","8.506666666666666","264.0","10.0","2.6666666666666665","42.71333333333333","0.0","0","0","8","Digital"
"CLI000658","postpago","114","True","False","","False","False","False","OF002","59.59","18-25","Lima","True","15.961666666666666","182.33333333333334","8.666666666666666","3.1666666666666665","58.30833333333334","3.8333333333333335","1","0","2","Digital"
"CLI000659","postpago","14","True","True","OF005","True","False","True","OF004","103.85","36-45","Lima","False","55.27","253.66666666666666","6.833333333333333","0.0","105.145","14.833333333333334","2","3","4","Call In"
"CLI000660","postpago","52","True","False","","False","False","False","OF003","85.19","26-35","Lima","True","41.06333333333333","231.66666666666666","7.333333333333333","2.6666666666666665","83.86666666666666","8.833333333333334","1","0","3","Call Out"
"CLI000661","prepago","32","True","False","","False","False","False","OF001","42.59","26-35","Lima","True","10.301666666666666","154.5","8.5","1.8333333333333333","43.348333333333336","29.333333333333332","4","3","1","Digital"
"CLI000662","postpago","133","True","True","OF010","True","False","True","OF004","96.21","46-55","Lima","True","71.57000000000001","214.16666666666666","7.833333333333333","2.5","96.38499999999999","3.3333333333333335","1","0","6","Digital"
"CLI000663","postpago","7","True","False","","False","False","False","OF003","74.15","26-35","Lima","True","33.330000000000005","214.83333333333334","7.166666666666667","2.8333333333333335","72.98833333333333","6.666666666666667","1","1","5","Tienda"
"CLI000664","postpago","37","True","True","OF007","False","False","False","OF001","40.54","36-45","La Libertad","True","6.62","192.16666666666666","8.833333333333334","2.6666666666666665","39.92333333333333","13.833333333333334","2","0","3","Tienda"
"CLI000665","prepago","108","True","False","","False","False","False","OF003","88.11","65+","Lima","True","41.78","218.5","11.833333333333334","4.166666666666667","88.86166666666666","10.166666666666666","1","0","8","Digital"
"CLI000666","prepago","126","True","True","OF009","True","False","False","OF004","106.42","56-65","Otro","False","70.91166666666668","185.83333333333334","7.166666666666667","0.0","108.63","15.0","2","0","8","Digital"
"CLI000667","postpago","91","True","True","OF006","True","True","False","OF020","141.95","65+","Arequipa","False","16.21166666666667","223.66666666666666","6.666666666666667","0.0","143.73","9.666666666666666","1","0","3","Digital"
"CLI000668","prepago","155","True","True","OF006","True","False","False","OF002","63.12","26-35","Lima","True","14.551666666666668","184.16666666666666","7.833333333333333","2.1666666666666665","62.90166666666667","10.166666666666666","3","0","4","Digital"
"CLI000669","postpago","166","True","False","","False","False","False","OF003","78.56","36-45","Lambayeque","True","37.288333333333334","168.16666666666666","7.666666666666667","1.1666666666666667","78.995","8.833333333333334","1","0","5","Call In"
"CLI000670","prepago","24","True","True","OF007","False","False","False","OF004","88.83","46-55","La Libertad","True","53.06166666666667","229.5","7.5","3.1666666666666665","89.52833333333335","17.0","3","0","6","Call Out"
"CLI000671","postpago","172","True","True","OF007","False","False","False","OF001","39.5","56-65","Lima","False","9.22","126.5","7.166666666666667","0.0","40.053333333333335","5.833333333333333","1","0","6","Digital"
"CLI000672","postpago","111","True","True","OF010","True","True","False","OF020","147.65","26-35","La Libertad","True","20.888333333333332","203.66666666666666","6.5","3.0","145.28666666666666","0.0","0","0","1","Call Out"
"CLI000673","postpago","115","True","True","OF009","True","True","False","OF020","141.66","65+","Arequipa","True","23.599999999999998","240.0","9.166666666666666","2.5","142.10666666666665","11.166666666666666","2","0","7","Digital"
"CLI000674","postpago","18","True","True","OF005","True","False","True","OF001","32.7","36-45","Lima","False","8.729999999999999","221.16666666666666","7.0","0.0","33.10166666666667","26.166666666666668","4","0","5","Digital"
"CLI000675","prepago","112","True","True","OF010","True","False","False","OF002","64.93","46-55","Ica","False","20.221666666666668","154.5","8.5","0.0","64.52333333333333","0.0","0","0","9","Digital"
"CLI000676","prepago","131","True","False","","False","False","False","OF003","79.79","36-45","Otro","True","44.870000000000005","171.0","7.5","2.8333333333333335","79.47","15.0","2","0","4","Digital"
"CLI000677","prepago","105","True","False","","False","False","False","OF003","64.44","26-35","Lima","True","40.026666666666664","195.5","6.833333333333333","2.1666666666666665","64.58","5.166666666666667","1","0","4","Digital"
"CLI000678","prepago","16","True","True","OF005","True","False","False","OF004","100.05","18-25","La Libertad","True","62.37833333333334","149.16666666666666","9.5","4.166666666666667","101.65499999999999","4.666666666666667","1","3","5","Tienda"
"CLI000679","postpago","95","True","False","","False","False","False","OF001","36.82","26-35","Lima","False","7.6066666666666665","222.83333333333334","10.5","0.0","36.70666666666667","7.5","1","1","7","Tienda"
"CLI000680","postpago","169","True","False","","False","False","False","OF002","62.37","36-45","Lima","False","17.253333333333334","249.0","8.166666666666666","0.0","62.078333333333326","4.833333333333333","1","0","6","Call In"
"CLI000681","postpago","131","True","True","OF007","False","False","False","OF004","99.13","36-45","Otro","True","56.041666666666664","180.0","7.5","2.6666666666666665","103.11333333333333","5.0","1","0","7","Call Out"
"CLI000682","postpago","25","True","False","","False","False","False","OF004","103.44","36-45","Lima","True","61.47","185.33333333333334","8.333333333333334","2.5","103.56833333333333","7.833333333333333","1","0","4","Tienda"
"CLI000683","prepago","173","True","True","OF010","True","False","False","OF003","78.58","36-45","Piura","True","33.29333333333333","228.5","8.5","2.8333333333333335","79.87","8.833333333333334","2","2","4","Call In"
"CLI000684","prepago","173","True","False","","False","False","False","OF004","94.28","36-45","Lima","True","64.76","210.66666666666666","6.5","3.3333333333333335","95.985","9.333333333333334","1","0","5","Call Out"
"CLI000685","postpago","31","True","True","OF010","True","True","False","OF022","248.58","18-25","Lima","True","36.723333333333336","149.83333333333334","7.333333333333333","2.6666666666666665","249.53333333333333","8.166666666666666","1","3","5","Digital"
"CLI000686","","145","False","True","OF010","True","False","False","OF010","164.38","26-35","Cusco","True","1.9083333333333334","174.5","12.5","3.5","162.96333333333334","7.333333333333333","1","0","9","Digital"
"CLI000687","postpago","74","True","False","","False","False","False","OF002","64.43","36-45","La Libertad","True","19.111666666666668","183.5","8.0","3.3333333333333335","64.155","10.666666666666666","2","0","5","Call Out"
"CLI000688","postpago","107","True","False","","False","False","False","OF003","75.36","26-35","Lima","True","41.11","206.0","9.333333333333334","2.1666666666666665","75.72","17.0","2","0","8","Digital"
"CLI000689","","81","False","True","OF008","True","False","False","OF008","121.33","56-65","Lima","False","2.4466666666666668","185.16666666666666","7.833333333333333","0.0","119.77166666666666","0.0","0","0","7","Tienda"
"CLI000690","postpago","141","True","False","","False","False","False","OF002","57.62","56-65","Piura","True","21.46166666666667","182.66666666666666","9.666666666666666","3.0","57.181666666666665","0.0","0","0","3","Call In"
"CLI000691","prepago","180","True","False","","False","False","False","OF004","94.41","36-45","Cusco","True","42.99333333333334","183.33333333333334","9.0","2.3333333333333335","93.55166666666666","10.333333333333334","1","0","3","Tienda"
"CLI000692","","144","False","True","OF006","True","False","False","OF006","124.01","26-35","Junin","True","1.695","135.83333333333334","8.333333333333334","3.8333333333333335","123.31666666666666","9.833333333333334","1","0","3","Tienda"
"CLI000693","prepago","168","True","True","OF008","True","False","False","OF002","66.55","46-55","Lima","False","17.883333333333333","144.16666666666666","6.0","0.0","66.345","0.0","0","1","4","Call In"
"CLI000694","postpago","171","True","False","","False","False","False","OF004","100.52","26-35","Lambayeque","False","60.223333333333336","211.33333333333334","7.833333333333333","0.0","99.43166666666667","7.666666666666667","1","0","3","Tienda"
"CLI000695","postpago","17","True","True","OF005","True","False","True","OF002","54.08","36-45","Lima","False","19.66","141.66666666666666","8.166666666666666","0.0","53.251666666666665","17.166666666666668","2","1","0",""
"CLI000696","postpago","46","True","False","","False","False","False","OF001","38.55","65+","Lima","True","6.586666666666667","216.16666666666666","6.5","3.0","37.98666666666667","8.5","1","0","1","Digital"
"CLI000697","postpago","130","True","True","OF006","True","False","True","OF004","94.82","56-65","Piura","False","47.38999999999999","141.16666666666666","8.833333333333334","0.0","94.265","0.0","0","2","4","Digital"
"CLI000698","","107","False","True","OF008","True","False","False","OF008","144.72","56-65","Arequipa","True","2.1333333333333333","168.5","7.833333333333333","2.0","146.52833333333334","14.166666666666666","2","0","1","Tienda"
"CLI000699","postpago","10","True","True","OF005","True","True","False","OF021","183.91","18-25","Piura","False","39.33833333333333","194.0","6.833333333333333","0.0","185.39","5.333333333333333","0","0","3","Call Out"
"CLI000700","postpago","18","True","False","","False","False","False","OF003","84.31","36-45","Cusco","True","30.656666666666666","200.5","7.333333333333333","3.1666666666666665","83.10833333333333","17.166666666666668","2","3","7","Digital"
"CLI000701","prepago","94","True","False","","False","False","False","OF004","104.59","46-55","Cusco","True","47.276666666666664","138.66666666666666","9.166666666666666","2.8333333333333335","105.94","0.0","0","0","2","Call In"
"CLI000702","prepago","111","True","False","","False","False","False","OF004","99.58","26-35","Arequipa","True","60.61666666666667","244.83333333333334","9.666666666666666","3.0","99.72500000000001","14.5","2","1","2","Call Out"
"CLI000703","postpago","31","True","True","OF008","True","False","True","OF001","35.01","46-55","Lima","True","7.996666666666666","178.0","7.333333333333333","3.0","34.88833333333333","15.666666666666666","2","0","5","Digital"
"CLI000704","postpago","31","True","False","","False","False","False","OF001","37.11","26-35","La Libertad","True","6.341666666666666","154.0","6.833333333333333","2.8333333333333335","36.72833333333333","0.0","0","0","1","Call In"
"CLI000705","prepago","24","True","False","","False","False","False","OF002","52.16","56-65","Otro","True","15.025","152.0","7.833333333333333","3.1666666666666665","52.93166666666667","6.333333333333333","1","1","5","Digital"
"CLI000706","postpago","102","True","False","","False","False","False","OF004","108.47","26-35","Otro","True","68.89833333333333","170.0","8.166666666666666","2.3333333333333335","108.15333333333332","12.166666666666666","2","0","5","Call Out"
"CLI000707","prepago","2","True","True","OF009","True","False","False","OF002","56.64","26-35","Lambayeque","False","17.778333333333332","187.16666666666666","7.333333333333333","0.0","54.916666666666664","38.5","5","3","6","Call In"
"CLI000708","prepago","104","True","False","","False","False","False","OF003","75.14","56-65","Lima","False","46.855","153.33333333333334","6.5","0.0","74.19","0.0","0","0","7","Call Out"
"CLI000709","postpago","86","True","False","","False","False","False","OF002","60.36","46-55","Otro","False","19.37333333333333","193.33333333333334","7.166666666666667","0.0","60.071666666666665","6.666666666666667","1","0","3","Call In"
"CLI000710","postpago","84","True","True","OF010","True","False","True","OF003","75.08","36-45","Piura","True","40.678333333333335","185.0","8.666666666666666","2.8333333333333335","75.18666666666667","0.0","0","0","5","Call In"
"CLI000711","postpago","123","True","False","","False","False","False","OF001","43.85","65+","Arequipa","True","9.105","102.0","9.666666666666666","2.6666666666666665","42.98166666666666","13.166666666666666","1","0","8","Digital"
"CLI000712","prepago","95","True","True","OF006","True","False","False","OF001","40.23","36-45","Lambayeque","False","8.346666666666666","212.16666666666666","9.166666666666666","0.0","40.24166666666667","5.333333333333333","1","0","2","Call Out"
"CLI000713","prepago","131","True","True","OF006","True","False","False","OF002","50.81","36-45","Lima","False","18.01","213.0","8.666666666666666","0.0","50.61833333333333","0.0","0","0","4","Call In"
"CLI000714","","138","False","True","OF010","True","False","False","OF010","130.34","26-35","Lima","False","2.1883333333333335","220.33333333333334","8.0","0.0","131.35666666666665","0.0","0","0","4","Call In"
"CLI000715","postpago","166","True","True","OF006","True","False","True","OF004","87.87","46-55","Lima","True","75.135","205.0","10.0","2.1666666666666665","87.51666666666667","9.333333333333334","1","2","2","Digital"
"CLI000716","prepago","144","True","True","OF006","True","False","False","OF004","104.12","36-45","Cusco","True","59.78333333333333","177.0","9.5","2.5","108.245","17.666666666666668","2","0","4","Tienda"
"CLI000717","postpago","94","True","True","OF006","True","True","False","OF020","169.22","36-45","La Libertad","True","23.453333333333333","118.33333333333333","7.166666666666667","4.0","167.78","10.833333333333334","2","0","6","Call In"
"CLI000718","postpago","89","True","False","","False","False","False","OF001","35.2","56-65","Lambayeque","True","9.375","123.0","8.166666666666666","1.6666666666666667","34.53666666666667","9.5","1","0","9","Call Out"
"CLI000719","postpago","43","True","True","OF008","True","False","True","OF002","52.41","26-35","Arequipa","True","20.773333333333333","133.5","9.166666666666666","4.166666666666667","51.89666666666667","7.5","1","0","10","Call Out"
"CLI000720","prepago","108","True","True","OF007","False","False","False","OF004","117.79","46-55","Lima","True","71.88166666666667","153.83333333333334","6.166666666666667","2.5","116.16666666666667","7.5","1","3","3","Tienda"
"CLI000721","postpago","26","True","False","","False","False","False","OF004","92.55","46-55","Lima","True","62.578333333333326","152.66666666666666","6.833333333333333","2.1666666666666665","91.435","22.666666666666668","3","1","5","Tienda"
"CLI000722","postpago","168","True","False","","False","False","False","OF001","40.85","18-25","Lima","False","7.7749999999999995","187.0","5.166666666666667","0.0","40.63666666666666","15.5","2","0","6","Digital"
"CLI000723","postpago","153","True","True","OF006","True","True","False","OF020","150.89","46-55","La Libertad","True","23.27","154.5","12.0","3.0","152.02166666666668","11.0","1","0","7","Digital"
"CLI000724","prepago","22","True","True","OF006","True","False","False","OF004","106.5","46-55","Lima","False","50.365","163.0","8.166666666666666","0.0","106.74166666666667","15.166666666666666","3","2","8","Tienda"
"CLI000725","prepago","142","True","True","OF007","False","False","False","OF002","67.39","36-45","Lima","True","23.320000000000004","203.16666666666666","8.0","2.3333333333333335","67.18166666666667","0.0","0","0","3","Digital"
"CLI000726","prepago","22","True","True","OF006","True","False","False","OF003","89.68","18-25","Lima","True","30.998333333333335","124.5","9.333333333333334","3.1666666666666665","88.70166666666667","0.0","0","0","1","Tienda"
"CLI000727","postpago","130","True","True","OF008","True","False","True","OF004","95.47","18-25","Lima","True","65.88166666666667","135.66666666666666","5.666666666666667","2.8333333333333335","96.75166666666667","5.666666666666667","1","0","5","Call In"
"CLI000728","postpago","16","True","True","OF009","True","False","True","OF001","41.98","18-25","Cusco","True","9.978333333333333","140.0","7.0","3.5","42.0","21.166666666666668","3","0","5","Tienda"
"CLI000729","prepago","88","True","True","OF006","True","False","False","OF004","107.12","26-35","Lima","True","66.03","149.33333333333334","7.666666666666667","2.5","105.93333333333334","4.5","1","0","5","Tienda"
"CLI000730","prepago","119","True","False","","False","False","False","OF001","46.77","36-45","Lima","True","9.203333333333333","185.66666666666666","7.666666666666667","3.5","46.64833333333333","10.5","1","0","14","Call Out"
"CLI000731","postpago","132","True","True","OF006","True","True","False","OF022","232.76","36-45","Piura","True","78.105","228.5","8.333333333333334","4.666666666666667","234.82500000000002","0.0","0","0","2","Digital"
"CLI000732","postpago","76","True","True","OF008","True","False","True","OF001","39.33","36-45","Otro","False","8.473333333333334","120.16666666666667","9.0","0.0","39.225","15.166666666666666","2","0","2","Digital"
"CLI000733","prepago","166","True","True","OF010","True","False","False","OF003","72.14","26-35","Lima","True","41.395","229.0","7.833333333333333","3.3333333333333335","72.92","5.666666666666667","1","0","3","Call In"
"CLI000734","postpago","140","True","False","","False","False","False","OF003","90.89","46-55","Otro","True","31.98333333333333","218.5","8.5","3.3333333333333335","90.42666666666666","1.6666666666666667","0","0","3","Digital"
"CLI000735","postpago","38","True","True","OF006","True","True","False","OF021","193.3","56-65","Lima","True","41.36833333333333","172.16666666666666","6.833333333333333","3.0","192.79666666666665","2.5","0","0","12","Call In"
"CLI000736","prepago","121","True","False","","False","False","False","OF003","72.7","46-55","Lima","True","37.32666666666666","225.16666666666666","7.0","2.1666666666666665","73.595","10.166666666666666","2","0","3","Call In"
"CLI000737","prepago","132","True","False","","False","False","False","OF004","100.21","46-55","Piura","True","55.95666666666667","179.0","6.666666666666667","3.1666666666666665","98.55166666666668","0.0","0","2","8","Digital"
"CLI000738","prepago","61","True","True","OF006","True","False","False","OF004","111.38","26-35","Lima","True","53.86833333333333","185.66666666666666","6.666666666666667","2.6666666666666665","112.14","0.0","0","2","6","Digital"
"CLI000739","postpago","133","True","True","OF009","True","False","True","OF002","53.7","56-65","Lambayeque","True","20.68166666666667","184.83333333333334","9.5","3.1666666666666665","54.13666666666666","0.0","0","0","3","Call Out"
"CLI000740","postpago","162","True","True","OF006","True","False","True","OF001","32.21","56-65","Piura","True","7.456666666666667","213.5","6.0","3.0","31.786666666666665","6.333333333333333","1","0","3","Digital"
"CLI000741","postpago","148","True","False","","False","False","False","OF002","61.73","56-65","Junin","True","20.083333333333332","188.83333333333334","8.5","2.6666666666666665","61.90166666666667","7.5","1","0","5","Tienda"
"CLI000742","prepago","138","True","False","","False","False","False","OF004","84.05","36-45","Arequipa","False","56.63666666666666","231.66666666666666","9.0","0.0","85.44666666666667","4.333333333333333","1","1","3","Digital"
"CLI000743","postpago","115","True","True","OF008","True","True","False","OF021","168.41","26-35","La Libertad","False","47.278333333333336","208.33333333333334","7.5","0.0","166.31833333333333","0.0","0","0","5","Tienda"
"CLI000744","prepago","49","True","True","OF008","True","False","False","OF003","100.58","36-45","Lima","True","30.939999999999998","164.0","6.5","4.166666666666667","101.67166666666667","2.8333333333333335","1","0","7","Tienda"
"CLI000745","prepago","144","True","False","","False","False","False","OF002","54.86","26-35","Cusco","False","19.026666666666667","163.33333333333334","7.666666666666667","0.0","55.59","4.833333333333333","1","0","7","Call In"
"CLI000746","prepago","66","True","True","OF007","False","False","False","OF001","44.17","26-35","Lambayeque","False","7.191666666666666","151.83333333333334","6.0","0.0","44.461666666666666","4.5","1","0","5","Call In"
"CLI000747","postpago","96","True","False","","False","False","False","OF002","62.45","26-35","Cusco","True","17.61","128.66666666666666","8.666666666666666","2.3333333333333335","61.339999999999996","5.0","1","0","3","Tienda"
"CLI000748","postpago","57","True","True","OF008","True","False","True","OF002","62.57","56-65","Lima","True","18.238333333333333","180.83333333333334","8.5","3.3333333333333335","61.501666666666665","9.833333333333334","1","0","6","Call In"
"CLI000749","postpago","57","True","False","","False","False","False","OF001","36.03","36-45","Lima","True","7.513333333333333","141.5","6.666666666666667","2.3333333333333335","35.300000000000004","11.666666666666666","2","0","6","Call In"
"CLI000750","postpago","29","True","True","OF007","False","False","False","OF002","60.37","26-35","Lima","True","19.62333333333333","202.16666666666666","7.5","1.8333333333333333","60.26499999999999","18.5","3","2","4","Call In"
"CLI000751","prepago","174","True","False","","False","False","False","OF003","78.31","36-45","Lima","True","36.388333333333335","192.16666666666666","10.166666666666666","3.0","79.33333333333333","0.0","0","0","5","Call In"
"CLI000752","","27","False","True","OF006","True","False","False","OF006","102.57","26-35","La Libertad","False","2.953333333333333","179.33333333333334","8.333333333333334","0.0","102.40333333333332","23.333333333333332","3","0","1","Call Out"
"CLI000753","prepago","16","True","True","OF005","True","False","False","OF002","50.78","18-25","Lambayeque","True","20.89","119.66666666666667","5.833333333333333","4.0","50.86833333333333","12.666666666666666","1","0","7","Call In"
"CLI000754","postpago","169","True","False","","False","False","False","OF004","106.46","46-55","Ica","True","47.806666666666665","203.66666666666666","7.666666666666667","3.0","107.33833333333332","0.0","0","0","7","Call In"
"CLI000755","prepago","100","True","False","","False","False","False","OF003","77.66","26-35","Lambayeque","True","42.068333333333335","175.16666666666666","8.0","3.5","80.01333333333334","9.166666666666666","1","0","8","Call In"
"CLI000756","","79","False","True","OF005","True","False","False","OF005","89.97","26-35","Lima","True","1.7449999999999999","180.33333333333334","6.833333333333333","2.6666666666666665","90.54166666666667","18.5","2","0","2","Tienda"
"CLI000757","postpago","133","True","True","OF007","False","False","False","OF001","43.6","36-45","Lima","True","8.661666666666667","195.83333333333334","7.666666666666667","2.8333333333333335","43.70333333333334","0.0","0","0","8","Call In"
"CLI000758","postpago","69","True","True","OF009","True","True","False","OF022","249.02","26-35","Arequipa","True","53.395","166.5","9.833333333333334","2.8333333333333335","246.605","5.166666666666667","1","0","4","Call Out"
"CLI000759","postpago","24","True","True","OF005","True","True","False","OF022","211.24","26-35","Junin","True","45.004999999999995","173.33333333333334","8.666666666666666","3.3333333333333335","217.165","13.0","2","0","3","Call Out"
"CLI000760","postpago","132","True","True","OF005","True","False","True","OF001","37.81","36-45","Lambayeque","False","10.96","64.66666666666667","9.666666666666666","0.0","38.30166666666667","6.833333333333333","1","0","1","Call Out"
"CLI000761","prepago","32","True","False","","False","False","False","OF001","38.53","65+","La Libertad","True","8.63","219.83333333333334","8.166666666666666","3.0","38.43833333333333","8.333333333333334","2","0","4","Digital"
"CLI000762","prepago","100","True","True","OF010","True","False","False","OF003","76.89","26-35","Ica","True","39.395","212.66666666666666","8.0","3.5","75.375","5.166666666666667","1","1","2","Call In"
"CLI000763","postpago","171","True","True","OF009","True","True","False","OF021","169.39","36-45","Lambayeque","True","43.916666666666664","152.83333333333334","7.833333333333333","3.0","170.25833333333333","4.5","1","0","9","Call In"
"CLI000764","postpago","169","True","False","","False","False","False","OF002","61.47","36-45","Lima","True","21.290000000000003","160.83333333333334","9.5","2.5","61.376666666666665","2.3333333333333335","0","0","1","Tienda"
"CLI000765","prepago","65","True","False","","False","False","False","OF003","72.1","46-55","Lima","True","35.635","215.5","6.5","3.1666666666666665","71.81","22.5","3","0","10","Digital"
"CLI000766","postpago","141","True","True","OF005","True","False","True","OF002","59.85","36-45","Ica","False","16.753333333333334","207.0","10.166666666666666","0.0","60.36166666666667","6.833333333333333","1","0","2","Digital"
"CLI000767","postpago","111","True","True","OF008","True","True","False","OF022","219.34","46-55","La Libertad","False","41.33833333333333","153.5","9.333333333333334","0.0","221.43499999999997","0.0","0","0","2","Call In"
"CLI000768","prepago","87","True","False","","False","False","False","OF002","53.75","56-65","Arequipa","True","21.15","136.83333333333334","8.0","3.3333333333333335","53.971666666666664","13.5","2","0","4","Call Out"
"CLI000769","postpago","26","True","False","","False","False","False","OF004","103.85","26-35","Lima","False","62.781666666666666","146.83333333333334","9.0","0.0","103.97333333333334","11.333333333333334","2","2","2","Call In"
"CLI000770","prepago","68","True","False","","False","False","False","OF004","105.65","46-55","Lima","True","54.63","192.16666666666666","7.166666666666667","4.166666666666667","108.5","1.1666666666666667","0","0","5","Call In"
"CLI000771","postpago","118","True","True","OF010","True","False","True","OF002","63.58","26-35","Lima","True","18.486666666666668","143.5","9.166666666666666","2.3333333333333335","62.330000000000005","8.166666666666666","1","0","4","Call In"
"CLI000772","postpago","178","True","False","","False","False","False","OF002","61.36","46-55","Ica","True","18.235","186.33333333333334","8.833333333333334","2.8333333333333335","60.324999999999996","8.833333333333334","1","0","4","Tienda"
"CLI000773","prepago","1","True","False","","False","False","False","OF001","38.82","36-45","La Libertad","True","9.22","195.33333333333334","8.666666666666666","3.0","39.02333333333333","23.666666666666668","4","0","2","Digital"
"CLI000774","prepago","130","True","True","OF007","False","False","False","OF004","100.03","36-45","Ica","False","63.99333333333333","163.0","8.833333333333334","0.0","98.90833333333335","11.833333333333334","2","2","4","Tienda"
"CLI000775","","153","False","True","OF005","True","False","False","OF005","86.06","36-45","Arequipa","True","1.51","229.66666666666666","7.166666666666667","3.1666666666666665","86.53166666666668","8.166666666666666","1","0","9","Digital"
"CLI000776","prepago","172","True","False","","False","False","False","OF003","80.81","36-45","Lima","True","38.015","197.0","7.166666666666667","3.0","80.82166666666667","2.5","0","0","7","Tienda"
"CLI000777","prepago","77","True","False","","False","False","False","OF003","74.4","26-35","Otro","True","45.324999999999996","153.5","7.0","3.6666666666666665","73.23666666666666","8.833333333333334","2","2","3","Tienda"
"CLI000778","postpago","22","True","False","","False","False","False","OF004","107.06","36-45","Arequipa","False","59.446666666666665","130.16666666666666","8.5","0.0","108.11500000000001","9.166666666666666","1","3","5","Call In"
"CLI000779","prepago","49","True","True","OF008","True","False","False","OF003","82.09","36-45","Piura","True","33.71333333333333","210.66666666666666","7.833333333333333","3.1666666666666665","82.67333333333333","10.666666666666666","2","1","7","Digital"
"CLI000780","prepago","154","True","False","","False","False","False","OF001","37.94","26-35","Lima","True","7.743333333333333","220.33333333333334","7.166666666666667","5.0","37.11666666666667","9.333333333333334","1","0","7","Digital"
"CLI000781","postpago","159","True","True","OF008","True","True","False","OF020","160.79","26-35","Lima","True","25.798333333333332","251.5","10.166666666666666","3.3333333333333335","159.84666666666666","0.0","0","0","3","Digital"
"CLI000782","postpago","115","True","False","","False","False","False","OF004","106.15","26-35","Ica","True","67.42666666666666","185.66666666666666","8.5","4.0","105.33666666666666","28.0","4","2","5","Call Out"
"CLI000783","postpago","23","True","False","","False","False","False","OF004","86.71","46-55","Lima","True","54.50333333333333","197.66666666666666","7.166666666666667","2.6666666666666665","87.09666666666668","21.833333333333332","4","1","8","Digital"
"CLI000784","postpago","22","True","False","","False","False","False","OF003","75.71","26-35","Lima","True","39.515","202.66666666666666","7.333333333333333","3.8333333333333335","75.7","11.5","2","0","5","Tienda"
"CLI000785","postpago","87","True","False","","False","False","False","OF002","59.18","36-45","Otro","True","17.82","207.83333333333334","8.0","3.1666666666666665","58.846666666666664","7.0","1","0","6","Tienda"
"CLI000786","postpago","106","True","False","","False","False","False","OF001","37.65","65+","Lambayeque","True","8.033333333333333","124.5","7.666666666666667","2.3333333333333335","36.995","13.833333333333334","2","0","4","Digital"
"CLI000787","postpago","6","True","False","","False","False","False","OF001","40.75","18-25","Piura","True","8.701666666666666","127.16666666666667","8.166666666666666","2.1666666666666665","40.74333333333333","19.333333333333332","4","0","2","Call Out"
"CLI000788","prepago","124","True","False","","False","False","False","OF001","45.85","26-35","Lima","True","9.353333333333333","111.33333333333333","8.5","3.3333333333333335","46.028333333333336","0.0","0","0","5","Call Out"
"CLI000789","postpago","99","True","False","","False","False","False","OF003","75.65","56-65","Lima","True","34.958333333333336","166.83333333333334","7.833333333333333","2.6666666666666665","75.24333333333334","10.5","2","0","3","Digital"
"CLI000790","prepago","3","True","False","","False","False","False","OF003","73.65","46-55","Lima","False","36.925000000000004","157.16666666666666","6.833333333333333","0.0","72.95333333333333","20.833333333333332","4","1","10","Digital"
"CLI000791","prepago","18","True","True","OF006","True","False","False","OF002","62.61","26-35","Lima","True","20.191666666666666","212.0","10.166666666666666","2.1666666666666665","62.85","15.0","2","0","7","Digital"
"CLI000792","postpago","82","True","False","","False","False","False","OF003","88.53","18-25","Lima","False","38.11666666666667","198.66666666666666","8.166666666666666","0.0","88.90500000000002","1.8333333333333333","0","0","0",""
"CLI000793","prepago","131","True","False","","False","False","False","OF003","78.51","36-45","Lima","True","37.975","162.33333333333334","7.833333333333333","2.3333333333333335","78.80333333333333","8.333333333333334","1","0","4","Call Out"
"CLI000794","prepago","149","True","True","OF005","True","False","False","OF004","90.12","46-55","Otro","True","58.50833333333333","146.0","7.0","3.8333333333333335","89.88499999999999","5.666666666666667","1","0","2","Call In"
"CLI000795","postpago","78","True","False","","False","False","False","OF002","66.82","26-35","Otro","True","19.16333333333333","133.16666666666666","9.666666666666666","3.1666666666666665","67.41333333333334","13.333333333333334","2","0","2","Digital"
"CLI000796","postpago","54","True","True","OF006","True","False","True","OF002","63.16","46-55","Lima","False","19.7","237.66666666666666","6.833333333333333","0.0","61.708333333333336","11.333333333333334","1","0","5","Digital"
"CLI000797","postpago","175","True","True","OF006","True","False","True","OF003","66.22","26-35","Lima","True","35.49166666666667","146.33333333333334","8.5","1.8333333333333333","67.2","0.0","0","0","5","Call In"
"CLI000798","postpago","83","True","False","","False","False","False","OF002","61.0","36-45","Ica","True","16.621666666666666","236.5","7.5","2.1666666666666665","60.865","7.0","1","0","9","Digital"
"CLI000799","postpago","57","True","False","","False","False","False","OF002","62.92","18-25","Lima","False","21.71666666666667","183.66666666666666","10.166666666666666","0.0","62.531666666666666","0.0","0","1","12","Call In"
"CLI000800","prepago","80","True","False","","False","False","False","OF001","37.62","36-45","Arequipa","True","7.56","167.5","9.833333333333334","2.6666666666666665","37.46666666666667","3.0","1","0","3","Call In"
"CLI000801","prepago","3","True","True","OF005","True","False","False","OF001","37.04","56-65","Arequipa","True","9.498333333333333","143.66666666666666","9.5","2.6666666666666665","36.78666666666667","13.333333333333334","3","0","4","Tienda"
"CLI000802","prepago","55","True","True","OF008","True","False","False","OF002","61.25","26-35","Lima","False","17.245","154.16666666666666","5.333333333333333","0.0","60.975","25.166666666666668","4","3","5","Digital"
"CLI000803","postpago","93","True","False","","False","False","False","OF003","74.39","36-45","Lambayeque","True","38.413333333333334","200.83333333333334","10.166666666666666","3.0","73.605","10.166666666666666","2","0","7","Tienda"
"CLI000804","postpago","166","True","False","","False","False","False","OF003","84.9","26-35","Lima","True","36.625","169.16666666666666","7.0","2.6666666666666665","85.06166666666667","0.0","0","0","6","Call Out"
"CLI000805","prepago","133","True","False","","False","False","False","OF004","104.64","26-35","Otro","True","70.175","158.5","7.333333333333333","1.3333333333333333","104.41833333333334","0.0","0","0","3","Call In"
"CLI000806","postpago","141","True","True","OF006","True","False","True","OF003","82.99","18-25","Lima","False","35.39666666666667","241.5","7.833333333333333","0.0","82.21","7.333333333333333","1","0","4","Call In"
"CLI000807","postpago","99","True","True","OF005","True","True","False","OF020","153.5","36-45","Lima","True","20.891666666666666","218.66666666666666","8.5","3.5","153.79166666666666","6.0","1","0","4","Tienda"
"CLI000808","postpago","20","True","True","OF010","True","True","False","OF020","151.55","65+","Lambayeque","True","23.308333333333334","162.16666666666666","8.0","3.0","150.14166666666668","13.833333333333334","2","0","10","Digital"
"CLI000809","prepago","71","True","False","","False","False","False","OF004","107.22","18-25","Junin","True","70.765","201.33333333333334","6.833333333333333","2.8333333333333335","106.32833333333333","9.666666666666666","1","0","4","Digital"
"CLI000810","prepago","180","True","True","OF008","True","False","False","OF004","96.42","26-35","Cusco","True","55.824999999999996","241.16666666666666","9.0","2.6666666666666665","99.28666666666668","9.666666666666666","1","2","7","Call In"
"CLI000811","postpago","8","True","True","OF006","True","False","True","OF002","56.14","26-35","Cusco","True","21.233333333333334","173.16666666666666","8.166666666666666","2.3333333333333335","56.21","15.833333333333334","2","0","2","Call In"
"CLI000812","postpago","159","True","False","","False","False","False","OF003","75.91","36-45","Piura","True","46.78","208.66666666666666","9.833333333333334","2.3333333333333335","75.73666666666666","7.0","1","3","3","Tienda"
"CLI000813","prepago","124","True","True","OF006","True","False","False","OF004","98.76","26-35","Junin","True","62.23499999999999","231.66666666666666","8.5","2.5","99.18","11.0","1","1","6","Call In"
"CLI000814","prepago","52","True","False","","False","False","False","OF002","57.47","65+","Lima","False","16.39","203.33333333333334","7.833333333333333","0.0","58.1","15.0","2","0","3","Call Out"
"CLI000815","postpago","141","True","False","","False","False","False","OF003","65.67","46-55","Lima","False","26.825","155.66666666666666","7.0","0.0","64.42166666666667","31.166666666666668","5","3","6","Call In"
"CLI000816","prepago","151","True","False","","False","False","False","OF001","31.73","36-45","Piura","True","9.311666666666666","147.0","7.833333333333333","3.0","31.215","7.166666666666667","1","0","2","Call In"
"CLI000817","postpago","8","True","False","","False","False","False","OF002","63.96","18-25","Lima","True","20.74833333333333","177.5","6.666666666666667","3.6666666666666665","64.25666666666666","12.0","1","0","6","Digital"
"CLI000818","prepago","20","True","True","OF008","True","False","False","OF002","61.24","36-45","Otro","False","20.523333333333333","165.83333333333334","6.833333333333333","0.0","62.71666666666666","18.666666666666668","4","1","6","Call Out"
"CLI000819","","120","False","True","OF008","True","False","False","OF008","130.22","46-55","Otro","True","1.805","189.0","7.166666666666667","2.3333333333333335","128.38","4.166666666666667","1","0","1","Tienda"
"CLI000820","postpago","180","True","True","OF005","True","False","True","OF003","74.73","36-45","Lima","True","35.526666666666664","202.0","8.333333333333334","3.3333333333333335","75.05166666666666","7.666666666666667","1","0","10","Digital"
"CLI000821","postpago","5","True","True","OF009","True","False","True","OF001","44.13","46-55","Lima","False","10.298333333333334","174.5","7.0","0.0","44.42333333333334","37.5","5","0","6","Digital"
"CLI000822","postpago","120","True","True","OF009","True","False","True","OF004","95.63","46-55","Arequipa","True","65.32833333333333","213.0","7.166666666666667","2.5","93.90500000000002","8.5","1","0","8","Digital"
"CLI000823","prepago","25","True","False","","False","False","False","OF003","80.33","56-65","Junin","True","42.88166666666666","180.83333333333334","8.833333333333334","2.8333333333333335","80.09833333333333","17.166666666666668","2","3","4","Call In"
"CLI000824","postpago","118","True","False","","False","False","False","OF003","76.9","26-35","Piura","True","41.65833333333333","124.33333333333333","10.5","2.6666666666666665","76.26166666666667","11.333333333333334","2","0","2","Digital"
"CLI000825","prepago","113","True","True","OF005","True","False","False","OF003","79.21","46-55","Lima","False","30.978333333333335","196.5","8.666666666666666","0.0","80.89","7.833333333333333","1","0","3","Digital"
"CLI000826","postpago","17","True","True","OF005","True","False","True","OF002","55.53","26-35","Lima","True","20.44666666666667","244.5","7.0","2.1666666666666665","56.038333333333334","6.666666666666667","1","0","4","Digital"
"CLI000827","postpago","123","True","True","OF006","True","True","False","OF021","192.31","36-45","Junin","False","38.711666666666666","145.83333333333334","8.833333333333334","0.0","188.15666666666667","9.166666666666666","1","0","1","Tienda"
"CLI000828","prepago","162","True","True","OF005","True","False","False","OF001","36.43","36-45","Arequipa","True","10.526666666666666","184.83333333333334","8.5","2.6666666666666665","37.11333333333334","15.166666666666666","2","0","3","Digital"
"CLI000829","prepago","156","True","False","","False","False","False","OF004","95.12","36-45","Piura","True","55.88","187.66666666666666","7.333333333333333","4.333333333333333","94.28500000000001","9.5","1","0","3","Digital"
"CLI000830","prepago","6","True","True","OF008","True","False","False","OF003","86.86","18-25","Otro","False","28.883333333333336","159.0","8.0","0.0","88.17833333333333","11.666666666666666","2","0","3","Call Out"
"CLI000831","postpago","45","True","True","OF009","True","True","False","OF020","133.2","36-45","Arequipa","False","21.2","165.66666666666666","8.5","0.0","132.79666666666665","24.5","4","0","8","Digital"
"CLI000832","postpago","44","True","True","OF008","True","False","True","OF002","65.05","26-35","Piura","True","21.635","221.16666666666666","9.0","3.1666666666666665","65.10333333333334","2.8333333333333335","1","3","2","Call Out"
"CLI000833","postpago","82","True","False","","False","False","False","OF003","96.0","36-45","Cusco","True","41.405","195.33333333333334","6.833333333333333","4.166666666666667","94.53500000000001","9.5","1","0","2","Call In"
"CLI000834","postpago","26","True","True","OF007","False","False","False","OF002","56.66","18-25","Otro","False","21.64","185.33333333333334","9.166666666666666","0.0","57.51833333333334","18.833333333333332","3","0","4","Digital"
"CLI000835","postpago","154","True","False","","False","False","False","OF004","104.17","36-45","La Libertad","True","45.445","181.83333333333334","6.666666666666667","2.6666666666666665","104.89","15.5","3","1","2","Digital"
"CLI000836","prepago","140","True","False","","False","False","False","OF002","60.03","26-35","Otro","False","17.19666666666667","216.66666666666666","7.166666666666667","0.0","60.473333333333336","10.833333333333334","1","0","6","Call In"
"CLI000837","postpago","146","True","True","OF008","True","False","True","OF004","122.21","18-25","Lima","True","52.1","197.5","8.5","3.8333333333333335","125.955","0.0","0","0","8","Tienda"
"CLI000838","postpago","36","True","False","","False","False","False","OF001","34.67","36-45","Ica","True","10.136666666666667","189.16666666666666","10.166666666666666","3.3333333333333335","34.68","23.333333333333332","4","0","6","Digital"
"CLI000839","","3","False","True","OF010","True","False","False","OF010","153.05","26-35","Lima","False","2.05","164.16666666666666","9.333333333333334","0.0","153.17999999999998","15.5","3","0","10","Tienda"
"CLI000840","prepago","164","True","False","","False","False","False","OF002","65.14","36-45","Lima","True","18.755","125.5","10.166666666666666","3.5","64.60833333333333","1.0","0","0","4","Call Out"
"CLI000841","postpago","53","True","False","","False","False","False","OF002","60.77","56-65","Lima","True","17.035","142.5","8.5","3.1666666666666665","61.211666666666666","0.0","0","0","4","Call In"
"CLI000842","postpago","119","True","False","","False","False","False","OF002","68.4","56-65","Lima","False","15.838333333333333","195.5","7.333333333333333","0.0","69.34333333333333","0.0","0","0","7","Call In"
"CLI000843","postpago","164","True","False","","False","False","False","OF001","41.67","36-45","Lambayeque","False","8.995","157.33333333333334","9.166666666666666","0.0","41.18833333333333","2.0","0","0","1","Call Out"
"CLI000844","prepago","7","True","True","OF006","True","False","False","OF003","75.61","36-45","Lima","True","27.958333333333332","162.66666666666666","9.5","4.166666666666667","74.45","9.166666666666666","2","0","7","Call In"
"CLI000845","postpago","1","True","True","OF009","True","False","True","OF001","42.37","36-45","Arequipa","True","7.04","178.83333333333334","7.166666666666667","3.1666666666666665","43.028333333333336","22.333333333333332","2","0","3","Digital"
"CLI000846","postpago","1","True","True","OF006","True","True","False","OF022","229.58","26-35","Otro","True","54.36166666666667","208.0","9.333333333333334","3.8333333333333335","226.38166666666666","27.5","4","1","7","Digital"
"CLI000847","","29","False","True","OF005","True","False","False","OF005","86.74","26-35","Junin","True","2.0616666666666665","172.83333333333334","8.666666666666666","3.1666666666666665","89.46166666666666","0.8333333333333334","0","0","7","Digital"
"CLI000848","postpago","10","True","False","","False","False","False","OF001","38.2","26-35","Lambayeque","True","9.498333333333333","196.33333333333334","7.0","1.6666666666666667","38.123333333333335","22.333333333333332","3","0","8","Call In"
"CLI000849","postpago","148","True","False","","False","False","False","OF003","81.9","56-65","Lima","True","34.358333333333334","103.16666666666667","9.0","2.0","83.01","5.0","1","0","11","Tienda"
"CLI000850","prepago","110","True","False","","False","False","False","OF004","109.92","18-25","Piura","True","52.38999999999999","184.5","6.333333333333333","2.3333333333333335","110.17166666666667","0.8333333333333334","0","0","3","Call In"
"CLI000851","postpago","177","True","False","","False","False","False","OF003","78.04","26-35","Cusco","False","30.245","138.83333333333334","7.666666666666667","0.0","77.16333333333334","0.0","0","0","3","Digital"
"CLI000852","postpago","145","True","True","OF007","False","False","False","OF001","42.52","26-35","Arequipa","True","9.181666666666667","210.5","8.333333333333334","2.6666666666666665","42.464999999999996","4.0","1","0","3","Call In"
"CLI000853","prepago","174","True","False","","False","False","False","OF003","70.13","18-25","Lima","False","33.431666666666665","234.83333333333334","8.666666666666666","0.0","70.90166666666666","0.0","0","0","4","Digital"
"CLI000854","postpago","43","True","False","","False","False","False","OF002","63.24","26-35","La Libertad","True","19.89","192.0","8.0","2.0","63.328333333333326","5.833333333333333","1","0","4","Call In"
"CLI000855","postpago","52","True","True","OF009","True","True","False","OF021","198.14","36-45","Junin","True","39.76","213.66666666666666","7.0","2.0","197.70333333333335","9.666666666666666","1","0","6","Call Out"
"CLI000856","prepago","153","True","False","","False","False","False","OF002","53.94","36-45","Piura","True","19.913333333333334","157.66666666666666","9.833333333333334","2.3333333333333335","54.473333333333336","10.833333333333334","2","0","8","Call Out"
"CLI000857","postpago","45","True","False","","False","False","False","OF001","36.99","56-65","Ica","True","9.528333333333334","189.5","6.833333333333333","3.1666666666666665","36.943333333333335","13.666666666666666","2","0","11","Digital"
"CLI000858","postpago","11","True","True","OF007","False","False","False","OF002","71.08","46-55","Lima","True","15.121666666666668","190.5","6.0","3.6666666666666665","69.96666666666665","35.0","4","1","5","Call Out"
"CLI000859","postpago","121","True","False","","False","False","False","OF002","61.17","46-55","Ica","True","21.19333333333333","256.1666666666667","8.166666666666666","4.0","60.800000000000004","1.3333333333333333","0","0","4","Digital"
"CLI000860","postpago","145","True","False","","False","False","False","OF004","104.09","36-45","Arequipa","True","61.97833333333333","165.83333333333334","9.0","2.6666666666666665","104.11","7.666666666666667","1","3","6","Tienda"
"CLI000861","prepago","175","True","False","","False","False","False","OF003","67.3","26-35","Piura","False","44.12166666666667","156.33333333333334","7.333333333333333","0.0","66.84166666666667","9.666666666666666","1","1","4","Call Out"
"CLI000862","postpago","168","True","False","","False","False","False","OF001","43.67","46-55","Cusco","True","7.368333333333333","150.16666666666666","6.5","3.3333333333333335","44.836666666666666","0.0","0","0","8","Digital"
"CLI000863","postpago","22","True","True","OF008","True","False","True","OF001","35.44","36-45","Lima","True","10.831666666666665","205.83333333333334","8.333333333333334","3.3333333333333335","35.475","4.833333333333333","1","0","7","Call In"
"CLI000864","prepago","139","True","True","OF009","True","False","False","OF002","59.81","46-55","La Libertad","True","20.436666666666667","186.16666666666666","7.5","3.5","60.06","8.166666666666666","1","0","8","Digital"
"CLI000865","prepago","153","True","True","OF009","True","False","False","OF004","100.63","18-25","Ica","False","50.96","205.0","9.833333333333334","0.0","101.82166666666666","4.833333333333333","1","0","3","Tienda"
"CLI000866","postpago","126","True","False","","False","False","False","OF003","81.39","36-45","Lima","False","38.00333333333334","196.83333333333334","8.5","0.0","82.315","14.833333333333334","2","3","15","Tienda"
"CLI000867","postpago","148","True","False","","False","False","False","OF004","100.78","26-35","Lima","True","64.56666666666666","154.0","8.0","2.8333333333333335","101.79666666666667","2.3333333333333335","0","0","3","Digital"
"CLI000868","postpago","151","True","False","","False","False","False","OF004","116.72","26-35","Piura","False","43.58166666666667","162.16666666666666","8.666666666666666","0.0","114.57333333333334","11.166666666666666","2","0","8","Tienda"
"CLI000869","prepago","81","True","True","OF005","True","False","False","OF003","88.19","46-55","Piura","True","49.81","249.5","5.666666666666667","4.0","88.93833333333333","16.833333333333332","2","0","3","Call In"
"CLI000870","prepago","8","True","True","OF009","True","False","False","OF003","82.6","46-55","Lambayeque","True","32.461666666666666","217.33333333333334","7.166666666666667","2.6666666666666665","83.18333333333334","9.5","1","0","5","Call In"
"CLI000871","prepago","83","True","True","OF009","True","False","False","OF002","61.27","56-65","Lima","True","19.743333333333332","194.5","7.166666666666667","1.6666666666666667","62.07666666666666","0.0","0","0","7","Digital"
"CLI000872","","37","False","True","OF007","False","False","False","OF007","70.15","46-55","Lima","True","2.04","156.16666666666666","7.0","2.6666666666666665","69.76666666666667","15.5","2","3","3","Call In"
"CLI000873","postpago","21","True","True","OF008","True","True","False","OF021","211.25","46-55","Lima","True","49.54333333333333","148.0","7.166666666666667","4.5","213.79333333333332","20.5","2","2","2","Call Out"
"CLI000874","prepago","23","True","True","OF010","True","False","False","OF004","110.39","46-55","Cusco","True","44.18","224.16666666666666","10.166666666666666","3.1666666666666665","110.58166666666666","8.666666666666666","1","0","6","Call In"
"CLI000875","postpago","126","True","True","OF005","True","True","False","OF021","171.0","46-55","La Libertad","True","45.51","135.5","6.5","4.0","171.10833333333335","6.833333333333333","1","0","2","Call Out"
"CLI000876","postpago","91","True","True","OF007","False","False","False","OF002","62.48","46-55","Arequipa","True","15.823333333333332","250.5","9.833333333333334","3.8333333333333335","63.02","5.333333333333333","1","0","2","Call Out"
"CLI000877","postpago","98","True","False","","False","False","False","OF003","68.87","26-35","Lambayeque","True","34.218333333333334","147.66666666666666","8.166666666666666","3.0","68.025","2.0","0","0","6","Digital"
"CLI000878","postpago","135","True","True","OF005","True","True","False","OF020","152.37","65+","Lima","True","26.903333333333332","181.0","9.166666666666666","1.6666666666666667","153.60166666666666","0.0","0","0","6","Call In"
"CLI000879","prepago","99","True","True","OF008","True","False","False","OF004","99.62","36-45","Lima","True","74.23833333333333","195.66666666666666","7.666666666666667","3.5","98.92666666666666","0.0","0","0","5","Digital"
"CLI000880","prepago","114","True","False","","False","False","False","OF001","43.53","26-35","Piura","False","10.413333333333334","168.33333333333334","7.5","0.0","43.42333333333334","6.166666666666667","1","0","5","Call In"
"CLI000881","prepago","16","True","False","","False","False","False","OF004","99.36","36-45","Ica","True","64.78833333333334","163.33333333333334","9.666666666666666","2.6666666666666665","98.49666666666667","5.0","1","0","10","Digital"
"CLI000882","prepago","154","True","False","","False","False","False","OF001","38.63","46-55","Lima","True","8.045","220.83333333333334","7.5","3.3333333333333335","38.49","7.666666666666667","1","0","10","Digital"
"CLI000883","postpago","81","True","False","","False","False","False","OF004","109.07","46-55","Lima","True","54.16833333333333","150.33333333333334","9.166666666666666","3.5","108.67","16.5","3","2","6","Call In"
"CLI000884","","28","False","True","OF005","True","False","False","OF005","88.74","26-35","Lima","True","2.1983333333333333","141.83333333333334","6.666666666666667","3.1666666666666665","88.46833333333332","0.0","0","0","3","Tienda"
"CLI000885","postpago","147","True","False","","False","False","False","OF004","101.54","36-45","Lima","False","44.13999999999999","86.33333333333333","7.166666666666667","0.0","101.27166666666666","0.0","0","2","6","Digital"
"CLI000886","postpago","133","True","True","OF005","True","False","True","OF001","41.19","46-55","Arequipa","True","10.04","202.0","6.166666666666667","2.8333333333333335","40.641666666666666","0.0","0","0","8","Call In"
"CLI000887","prepago","10","True","False","","False","False","False","OF003","80.77","46-55","Piura","True","38.708333333333336","169.33333333333334","7.833333333333333","2.5","78.95666666666666","12.5","2","0","14","Call In"
"CLI000888","prepago","35","True","True","OF007","False","False","False","OF002","64.87","26-35","Otro","True","22.453333333333333","153.83333333333334","10.0","2.6666666666666665","65.69333333333334","11.0","1","0","4","Call In"
"CLI000889","prepago","3","True","True","OF007","False","False","False","OF002","57.27","46-55","Otro","True","23.251666666666665","134.16666666666666","7.333333333333333","4.0","58.083333333333336","25.666666666666668","4","2","4","Digital"
"CLI000890","prepago","49","True","False","","False","False","False","OF004","85.27","46-55","Lima","True","62.01833333333334","192.83333333333334","9.833333333333334","3.5","86.59666666666668","9.333333333333334","2","1","3","Call In"
"CLI000891","prepago","18","True","True","OF006","True","False","False","OF001","37.52","26-35","Ica","True","9.41","139.83333333333334","7.166666666666667","3.8333333333333335","37.211666666666666","16.5","2","0","11","Tienda"
"CLI000892","postpago","128","True","False","","False","False","False","OF001","35.36","26-35","Lima","True","11.163333333333334","155.33333333333334","6.0","4.5","35.32","7.166666666666667","1","0","4","Call In"
"CLI000893","postpago","95","True","True","OF005","True","True","False","OF020","152.78","26-35","La Libertad","False","23.814999999999998","207.0","8.166666666666666","0.0","153.33333333333334","2.6666666666666665","1","0","1","Call Out"
"CLI000894","postpago","177","True","True","OF006","True","False","True","OF003","78.13","46-55","Arequipa","True","45.60833333333333","197.5","8.5","1.8333333333333333","75.92","15.0","2","0","4","Digital"
"CLI000895","postpago","135","True","False","","False","False","False","OF002","58.76","65+","Lima","True","18.148333333333333","149.16666666666666","5.333333333333333","2.8333333333333335","59.458333333333336","5.666666666666667","1","0","5","Call In"
"CLI000896","postpago","111","True","True","OF006","True","True","False","OF022","251.79","65+","Piura","True","58.0","176.0","6.5","3.0","256.8533333333333","9.666666666666666","1","2","2","Call In"
"CLI000897","postpago","92","True","False","","False","False","False","OF003","75.28","46-55","Arequipa","True","48.49333333333334","124.16666666666667","9.0","3.3333333333333335","74.06","14.666666666666666","2","0","6","Call In"
"CLI000898","postpago","10","True","False","","False","False","False","OF004","100.0","26-35","Arequipa","True","51.75","173.16666666666666","8.666666666666666","2.8333333333333335","99.18333333333334","10.5","1","2","8","Digital"
"CLI000899","postpago","13","True","False","","False","False","False","OF002","66.89","18-25","Lima","True","19.376666666666665","157.33333333333334","7.833333333333333","2.8333333333333335","66.68333333333334","15.333333333333334","3","0","3","Tienda"
"CLI000900","postpago","111","True","False","","False","False","False","OF002","60.56","36-45","Cusco","False","17.271666666666665","176.16666666666666","7.333333333333333","0.0","60.31333333333333","5.833333333333333","1","0","7","Digital"
"CLI000901","prepago","1","True","True","OF008","True","False","False","OF002","63.77","36-45","Lima","True","17.118333333333332","124.33333333333333","9.0","1.3333333333333333","64.85333333333334","4.833333333333333","1","0","10","Call Out"
"CLI000902","postpago","8","True","True","OF005","True","False","True","OF002","59.48","46-55","Arequipa","True","19.57","172.83333333333334","9.5","2.8333333333333335","59.70666666666667","8.0","2","0","6","Digital"
"CLI000903","","40","False","True","OF009","True","False","False","OF009","120.72","65+","Junin","False","2.815","209.66666666666666","6.666666666666667","0.0","122.27666666666666","10.333333333333334","2","0","6","Call Out"
"CLI000904","","160","False","True","OF008","True","False","False","OF008","145.4","26-35","Lima","True","2.41","126.16666666666667","7.166666666666667","4.166666666666667","143.24166666666665","1.0","0","0","5","Digital"
"CLI000905","postpago","83","True","False","","False","False","False","OF002","56.89","26-35","Lima","True","18.349999999999998","152.66666666666666","8.166666666666666","2.5","57.625","0.0","0","0","4","Digital"
"CLI000906","prepago","128","True","True","OF005","True","False","False","OF003","65.66","36-45","Lima","True","40.525","227.0","8.5","3.5","65.19666666666667","13.833333333333334","2","0","7","Tienda"
"CLI000907","postpago","75","True","False","","False","False","False","OF001","42.44","26-35","Lima","True","10.118333333333334","231.5","7.666666666666667","2.3333333333333335","42.781666666666666","0.0","0","0","9","Digital"
"CLI000908","postpago","32","True","True","OF007","False","False","False","OF001","42.42","26-35","Piura","True","8.34","197.83333333333334","8.5","3.1666666666666665","43.25","17.5","3","0","8","Call Out"
"CLI000909","","67","False","True","OF008","True","False","False","OF008","126.53","36-45","Piura","False","1.7783333333333333","162.0","9.333333333333334","0.0","127.57166666666667","5.5","1","0","6","Tienda"
"CLI000910","postpago","17","True","True","OF005","True","False","True","OF001","41.99","18-25","Otro","False","7.866666666666667","244.16666666666666","7.833333333333333","0.0","41.695","16.833333333333332","3","0","2","Call In"
"CLI000911","postpago","139","True","False","","False","False","False","OF002","65.32","26-35","Piura","True","21.30666666666667","267.3333333333333","7.5","3.5","63.93333333333334","0.0","0","0","4","Tienda"
"CLI000912","","34","False","True","OF005","True","False","False","OF005","94.8","65+","Lima","True","1.7033333333333334","223.16666666666666","9.5","3.3333333333333335","95.33666666666666","20.333333333333332","3","3","5","Call Out"
"CLI000913","postpago","68","True","False","","False","False","False","OF003","85.77","36-45","Lima","True","35.01","122.16666666666667","9.666666666666666","3.3333333333333335","87.28666666666668","8.833333333333334","1","0","5","Call In"
"CLI000914","prepago","177","True","True","OF006","True","False","False","OF003","83.21","18-25","Lima","False","31.808333333333334","151.5","6.333333333333333","0.0","83.66333333333334","0.0","0","0","6","Tienda"
"CLI000915","prepago","107","True","True","OF008","True","False","False","OF002","54.15","46-55","La Libertad","True","24.625","136.5","8.333333333333334","3.6666666666666665","52.55833333333334","0.0","0","0","6","Call Out"
"CLI000916","prepago","83","True","False","","False","False","False","OF002","52.95","26-35","Junin","True","19.18","192.66666666666666","9.0","3.5","53.781666666666666","4.833333333333333","0","0","3","Digital"
"CLI000917","postpago","98","True","True","OF009","True","True","False","OF021","230.36","26-35","Lima","True","49.821666666666665","175.33333333333334","7.5","3.0","229.05999999999997","14.166666666666666","2","0","6","Call In"
"CLI000918","postpago","142","True","False","","False","False","False","OF004","89.62","65+","Otro","True","41.833333333333336","220.66666666666666","7.666666666666667","4.0","89.44833333333334","11.333333333333334","2","0","2","Digital"
"CLI000919","postpago","46","True","False","","False","False","False","OF004","99.74","46-55","Lambayeque","True","71.16666666666667","222.66666666666666","7.833333333333333","3.0","100.29333333333334","7.166666666666667","1","0","4","Call In"
"CLI000920","prepago","115","True","True","OF006","True","False","False","OF004","105.49","26-35","Cusco","False","63.51500000000001","135.83333333333334","7.166666666666667","0.0","103.23833333333334","0.0","0","0","5","Digital"
"CLI000921","postpago","158","True","False","","False","False","False","OF003","73.77","36-45","Arequipa","True","37.22","158.33333333333334","7.166666666666667","2.1666666666666665","73.19833333333334","8.5","1","0","7","Tienda"
"CLI000922","postpago","104","True","False","","False","False","False","OF003","75.32","36-45","Lima","True","39.574999999999996","114.33333333333333","6.833333333333333","2.6666666666666665","75.52833333333334","0.0","0","2","1","Call Out"
"CLI000923","prepago","81","True","False","","False","False","False","OF001","38.44","56-65","Otro","False","6.156666666666666","159.16666666666666","8.333333333333334","0.0","37.89166666666667","4.166666666666667","1","0","9","Tienda"
"CLI000924","postpago","27","True","False","","False","False","False","OF002","54.01","36-45","Arequipa","True","16.773333333333333","196.16666666666666","8.666666666666666","2.3333333333333335","54.76833333333334","18.833333333333332","3","0","3","Tienda"
"CLI000925","postpago","45","True","True","OF007","False","False","False","OF002","58.81","36-45","La Libertad","True","21.541666666666668","188.83333333333334","7.333333333333333","2.8333333333333335","59.19833333333333","6.166666666666667","1","0","10","Call Out"
"CLI000926","prepago","171","True","True","OF006","True","False","False","OF002","57.12","18-25","Lima","False","19.736666666666668","241.83333333333334","6.666666666666667","0.0","57.53333333333333","0.0","0","0","6","Digital"
"CLI000927","postpago","98","True","True","OF009","True","False","True","OF001","45.07","26-35","Lima","True","10.403333333333334","180.33333333333334","7.0","2.6666666666666665","45.22","1.3333333333333333","0","0","11","Call In"
"CLI000928","postpago","55","True","False","","False","False","False","OF004","96.42","18-25","Lima","True","47.395","161.0","10.666666666666666","2.0","99.80166666666666","20.5","3","2","8","Call In"
"CLI000929","prepago","76","True","False","","False","False","False","OF004","92.54","36-45","Lima","False","46.20666666666667","249.66666666666666","7.5","0.0","90.73333333333333","7.5","1","0","5","Call In"
"CLI000930","postpago","105","True","False","","False","False","False","OF001","40.03","36-45","Lima","True","9.391666666666667","159.5","7.5","3.6666666666666665","40.096666666666664","9.5","1","0","8","Digital"
"CLI000931","prepago","97","True","False","","False","False","False","OF003","81.89","26-35","Lima","False","31.554999999999996","158.5","7.0","0.0","82.88833333333334","0.0","0","3","4","Call Out"
"CLI000932","postpago","126","True","False","","False","False","False","OF004","104.27","26-35","Ica","True","58.79500000000001","154.33333333333334","8.0","4.0","105.10166666666667","7.166666666666667","1","0","5","Call Out"
"CLI000933","postpago","47","True","False","","False","False","False","OF002","62.23","36-45","Junin","True","20.945","194.16666666666666","6.0","4.833333333333333","63.32","7.166666666666667","1","0","6","Call In"
"CLI000934","postpago","117","True","False","","False","False","False","OF002","53.03","18-25","Otro","False","21.518333333333334","109.83333333333333","8.166666666666666","0.0","52.171666666666674","8.333333333333334","2","0","7","Tienda"
"CLI000935","postpago","80","True","False","","False","False","False","OF002","59.31","56-65","Lima","True","19.17","186.33333333333334","7.333333333333333","3.5","59.60999999999999","7.666666666666667","1","0","6","Digital"
"CLI000936","prepago","170","True","False","","False","False","False","OF003","82.4","46-55","Ica","True","38.60333333333333","157.66666666666666","7.0","3.0","82.03166666666667","8.0","1","0","4","Tienda"
"CLI000937","prepago","29","True","False","","False","False","False","OF003","75.22","36-45","Lima","False","33.61833333333333","141.5","7.5","0.0","73.15833333333333","9.0","1","0","6","Call In"
"CLI000938","prepago","27","True","False","","False","False","False","OF002","68.45","56-65","Piura","True","14.631666666666668","130.83333333333334","6.166666666666667","2.5","68.95","10.833333333333334","2","0","2","Call In"
"CLI000939","postpago","84","True","False","","False","False","False","OF003","76.4","36-45","Lima","False","42.29","156.0","9.0","0.0","76.36833333333334","0.0","0","2","4","Call In"
"CLI000940","postpago","92","True","False","","False","False","False","OF004","111.07","36-45","Otro","True","44.24333333333333","166.33333333333334","9.0","2.8333333333333335","109.71","10.0","2","0","4","Call Out"
"CLI000941","prepago","125","True","False","","False","False","False","OF002","57.73","36-45","Lima","True","15.506666666666666","197.66666666666666","7.333333333333333","2.6666666666666665","57.715","1.0","0","0","7","Call In"
"CLI000942","prepago","73","True","True","OF006","True","False","False","OF002","54.89","18-25","Junin","True","23.064999999999998","169.66666666666666","7.666666666666667","3.0","53.961666666666666","0.0","0","0","1","Tienda"
"CLI000943","postpago","165","True","False","","False","False","False","OF004","95.99","26-35","Ica","True","63.33166666666667","160.66666666666666","8.166666666666666","4.0","98.43333333333334","1.5","0","2","7","Tienda"
"CLI000944","postpago","86","True","False","","False","False","False","OF001","39.72","36-45","Cusco","True","8.51","245.66666666666666","7.666666666666667","2.1666666666666665","39.31666666666667","12.0","2","0","5","Digital"
"CLI000945","postpago","24","True","True","OF007","False","False","False","OF002","53.62","18-25","Lima","False","21.34166666666667","206.33333333333334","8.166666666666666","0.0","53.53","8.5","1","1","8","Digital"
"CLI000946","postpago","22","True","False","","False","False","False","OF002","60.7","46-55","Lima","True","21.238333333333333","105.5","8.0","2.5","61.91833333333333","7.5","2","0","9","Call In"
"CLI000947","postpago","176","True","True","OF008","True","False","True","OF004","91.78","26-35","Lima","True","51.71666666666667","152.33333333333334","7.833333333333333","2.8333333333333335","91.89333333333333","9.333333333333334","1","0","4","Digital"
"CLI000948","postpago","25","True","False","","False","False","False","OF004","96.75","26-35","Arequipa","True","61.69","189.83333333333334","9.333333333333334","4.5","97.42666666666668","20.833333333333332","2","0","8","Digital"
"CLI000949","postpago","171","True","True","OF005","True","True","False","OF020","151.01","36-45","Lambayeque","True","21.008333333333333","135.66666666666666","6.666666666666667","2.3333333333333335","149.83","8.5","1","0","8","Tienda"
"CLI000950","","51","False","True","OF006","True","False","False","OF006","124.3","26-35","Otro","True","1.7683333333333333","202.83333333333334","7.0","4.166666666666667","128.24166666666667","12.166666666666666","2","0","4","Call In"
"CLI000951","prepago","17","True","False","","False","False","False","OF002","68.62","26-35","Lima","False","18.618333333333336","200.16666666666666","7.833333333333333","0.0","69.17833333333333","3.1666666666666665","1","0","5","Call In"
"CLI000952","postpago","55","True","True","OF008","True","False","True","OF002","60.84","36-45","Otro","True","18.985","198.83333333333334","8.5","3.6666666666666665","60.373333333333335","0.0","0","3","7","Call In"
"CLI000953","postpago","111","True","False","","False","False","False","OF003","75.14","18-25","Arequipa","True","37.54833333333333","220.66666666666666","7.0","2.6666666666666665","75.44666666666667","12.666666666666666","2","0","4","Digital"
"CLI000954","prepago","78","True","False","","False","False","False","OF001","46.15","26-35","Arequipa","True","10.466666666666667","151.83333333333334","8.333333333333334","1.0","45.556666666666665","19.0","2","0","1","Call Out"
"CLI000955","postpago","142","True","False","","False","False","False","OF001","43.44","18-25","La Libertad","True","8.411666666666667","264.8333333333333","8.333333333333334","4.333333333333333","43.294999999999995","0.0","0","0","7","Digital"
"CLI000956","postpago","110","True","True","OF005","True","True","False","OF020","142.84","36-45","Lima","True","25.088333333333335","241.0","6.333333333333333","3.5","142.375","6.833333333333333","1","0","4","Call In"
"CLI000957","postpago","73","True","True","OF006","True","False","True","OF002","62.43","46-55","Otro","True","19.92833333333333","195.5","7.833333333333333","3.0","63.42166666666666","0.0","0","0","7","Digital"
"CLI000958","prepago","115","True","False","","False","False","False","OF001","35.97","46-55","Arequipa","True","9.678333333333333","185.5","7.5","2.5","35.845","13.5","2","0","3","Call Out"
"CLI000959","prepago","175","True","False","","False","False","False","OF003","80.52","26-35","Lima","True","22.575","139.33333333333334","6.833333333333333","3.1666666666666665","83.04166666666667","12.333333333333334","2","3","10","Digital"
"CLI000960","postpago","75","True","True","OF008","True","False","True","OF001","36.96","46-55","La Libertad","True","10.693333333333333","165.33333333333334","8.166666666666666","2.8333333333333335","37.055","3.8333333333333335","0","0","3","Tienda"
"CLI000961","prepago","28","True","False","","False","False","False","OF002","65.03","65+","Lima","False","20.46","185.16666666666666","7.666666666666667","0.0","65.12833333333333","15.5","3","0","5","Digital"
"CLI000962","postpago","74","True","True","OF008","True","False","True","OF004","88.41","26-35","Arequipa","True","44.65","193.5","7.5","2.0","88.56333333333333","13.666666666666666","2","0","5","Call In"
"CLI000963","postpago","152","True","False","","False","False","False","OF004","92.36","56-65","Arequipa","True","56.044999999999995","184.33333333333334","8.0","3.5","90.10333333333334","5.833333333333333","1","2","3","Tienda"
"CLI000964","","40","False","True","OF008","True","False","False","OF008","112.46","46-55","Cusco","True","1.5833333333333333","206.66666666666666","9.0","3.8333333333333335","109.32333333333334","0.0","0","0","5","Call In"
"CLI000965","postpago","171","True","True","OF007","False","False","False","OF001","38.89","26-35","Lima","True","9.061666666666666","198.33333333333334","8.666666666666666","2.6666666666666665","39.431666666666665","4.5","1","0","5","Digital"
"CLI000966","postpago","106","True","False","","False","False","False","OF001","40.02","36-45","Lima","True","8.948333333333332","219.66666666666666","8.0","3.5","40.11833333333333","14.666666666666666","2","0","3","Call Out"
"CLI000967","postpago","109","True","False","","False","False","False","OF004","105.48","56-65","Lima","True","47.85","209.16666666666666","6.333333333333333","2.0","105.46166666666666","6.333333333333333","1","2","10","Tienda"
"CLI000968","postpago","58","True","True","OF009","True","False","True","OF003","77.08","26-35","La Libertad","True","33.555","216.33333333333334","6.666666666666667","2.1666666666666665","76.50166666666667","8.333333333333334","1","1","5","Call In"
"CLI000969","postpago","166","True","True","OF006","True","False","True","OF001","45.28","18-25","Ica","False","8.728333333333333","204.0","7.0","0.0","44.06666666666666","12.833333333333334","2","0","5","Tienda"
"CLI000970","prepago","7","True","False","","False","False","False","OF003","72.81","26-35","Lima","True","35.01833333333334","192.66666666666666","5.833333333333333","3.6666666666666665","73.47","20.333333333333332","3","2","7","Call In"
"CLI000971","postpago","54","True","True","OF005","True","False","True","OF001","39.28","18-25","Lima","False","8.951666666666666","131.66666666666666","9.0","0.0","39.12166666666667","14.5","3","0","10","Tienda"
"CLI000972","","76","False","True","OF009","True","False","False","OF009","103.75","18-25","La Libertad","False","1.555","206.66666666666666","5.5","0.0","103.95333333333333","17.5","3","0","5","Call Out"
"CLI000973","postpago","86","True","True","OF005","True","False","True","OF004","122.15","26-35","Lima","True","50.285000000000004","215.83333333333334","8.166666666666666","2.8333333333333335","122.87166666666667","6.333333333333333","1","2","4","Digital"
"CLI000974","prepago","86","True","True","OF007","False","False","False","OF003","81.74","46-55","Lima","True","40.44","203.5","7.333333333333333","3.6666666666666665","81.3","14.166666666666666","2","0","9","Call In"
"CLI000975","prepago","27","True","False","","False","False","False","OF004","89.8","26-35","Otro","False","45.913333333333334","180.83333333333334","6.833333333333333","0.0","90.93166666666667","15.666666666666666","2","0","7","Call In"
"CLI000976","postpago","41","True","False","","False","False","False","OF004","109.26","46-55","Lima","True","63.64166666666667","159.16666666666666","7.666666666666667","2.8333333333333335","108.445","11.666666666666666","2","0","9","Call Out"
"CLI000977","","18","False","True","OF010","True","False","False","OF010","167.12","65+","Arequipa","True","1.3483333333333334","172.16666666666666","9.5","3.3333333333333335","166.85333333333332","18.166666666666668","3","0","3","Digital"
"CLI000978","postpago","104","True","False","","False","False","False","OF004","115.62","36-45","Piura","False","57.65","171.16666666666666","8.166666666666666","0.0","115.39666666666666","0.0","0","0","2","Call Out"
"CLI000979","postpago","64","True","False","","False","False","False","OF002","59.6","65+","Cusco","True","20.768333333333334","212.16666666666666","8.0","2.1666666666666665","60.345","0.0","0","0","3","Call In"
"CLI000980","postpago","102","True","True","OF005","True","False","True","OF002","59.42","36-45","Lima","True","20.476666666666667","243.5","7.0","3.0","58.565","8.166666666666666","1","0","4","Tienda"
"CLI000981","","107","False","True","OF007","False","False","False","OF007","66.04","18-25","Otro","True","2.04","125.0","8.833333333333334","2.0","66.33","9.333333333333334","1","0","4","Call In"
"CLI000982","postpago","127","True","False","","False","False","False","OF002","59.12","18-25","La Libertad","True","18.298333333333332","196.5","9.166666666666666","2.8333333333333335","58.385","1.1666666666666667","0","0","9","Tienda"
"CLI000983","prepago","99","True","False","","False","False","False","OF003","90.16","36-45","Lima","True","35.61666666666667","196.83333333333334","9.333333333333334","2.3333333333333335","89.88666666666667","8.5","2","0","12","Call In"
"CLI000984","postpago","117","True","True","OF005","True","True","False","OF020","129.42","56-65","Lima","True","19.231666666666666","175.33333333333334","7.666666666666667","1.6666666666666667","128.995","12.666666666666666","2","0","5","Call Out"
"CLI000985","postpago","106","True","False","","False","False","False","OF002","55.76","18-25","Lima","True","21.481666666666666","214.33333333333334","7.5","2.5","56.18333333333334","10.5","2","0","7","Tienda"
"CLI000986","postpago","118","True","False","","False","False","False","OF004","98.06","36-45","Lima","True","69.37","159.5","8.0","3.1666666666666665","97.76333333333334","12.5","2","0","7","Call Out"
"CLI000987","postpago","111","True","False","","False","False","False","OF003","83.09","46-55","Lima","True","44.41","143.33333333333334","7.0","2.1666666666666665","83.63","0.0","0","0","7","Call Out"
"CLI000988","postpago","57","True","False","","False","False","False","OF003","87.85","65+","Piura","False","38.20333333333333","120.0","10.666666666666666","0.0","87.005","13.666666666666666","2","0","8","Digital"
"CLI000989","","45","False","True","OF009","True","False","False","OF009","113.71","56-65","Otro","True","2.0866666666666664","187.83333333333334","8.0","3.3333333333333335","114.15166666666666","2.5","0","0","2","Call Out"
"CLI000990","postpago","142","True","True","OF005","True","False","True","OF001","33.16","18-25","Lima","True","10.14","212.33333333333334","8.0","4.333333333333333","33.12833333333333","6.0","1","0","6","Digital"
"CLI000991","postpago","62","True","False","","False","False","False","OF002","63.57","18-25","Arequipa","True","18.688333333333333","238.66666666666666","9.5","3.3333333333333335","62.83166666666667","17.166666666666668","2","0","7","Call In"
"CLI000992","postpago","99","True","True","OF006","True","False","True","OF002","65.42","26-35","Lambayeque","False","19.171666666666667","256.1666666666667","6.5","0.0","65.90166666666666","3.1666666666666665","1","0","8","Call Out"
"CLI000993","postpago","36","True","False","","False","False","False","OF001","40.73","26-35","Lima","False","8.428333333333333","184.5","9.5","0.0","40.88166666666667","25.666666666666668","4","1","4","Digital"
"CLI000994","postpago","78","True","False","","False","False","False","OF002","56.51","56-65","La Libertad","True","18.8","171.5","6.0","3.0","56.39666666666667","17.333333333333332","3","0","5","Tienda"
"CLI000995","postpago","96","True","True","OF006","True","False","True","OF002","63.89","36-45","Lima","True","18.643333333333334","130.66666666666666","8.333333333333334","3.0","63.31333333333333","0.0","0","0","4","Call Out"
"CLI000996","","113","False","True","OF005","True","False","False","OF005","99.7","56-65","Lima","False","2.353333333333333","179.66666666666666","8.666666666666666","0.0","99.53333333333335","0.0","0","0","7","Digital"
"CLI000997","prepago","95","True","False","","False","False","False","OF004","89.61","26-35","Piura","True","65.55499999999999","207.5","6.0","3.0","89.75333333333333","0.0","0","0","6","Digital"
"CLI000998","prepago","65","True","False","","False","False","False","OF002","55.32","26-35","Piura","True","19.62666666666667","175.0","8.666666666666666","3.0","55.17666666666667","0.0","0","0","1","Digital"
"CLI000999","postpago","174","True","False","","False","False","False","OF002","63.93","26-35","Lima","True","16.948333333333334","114.5","7.0","3.3333333333333335","62.56666666666666","2.6666666666666665","1","1","3","Call In"
"CLI001000","postpago","93","True","False","","False","False","False","OF004","103.97","36-45","Arequipa","True","56.48500000000001","176.83333333333334","6.666666666666667","2.5","104.705","0.0","0","0","7","Digital"
"CLI001001","","146","False","True","OF006","True","False","False","OF006","111.54","46-55","La Libertad","True","1.8366666666666667","216.33333333333334","8.166666666666666","3.5","110.38833333333334","0.0","0","0","3","Call In"
"CLI001002","","133","False","True","OF005","True","False","False","OF005","88.86","46-55","Lambayeque","True","2.665","186.66666666666666","6.0","1.6666666666666667","91.39999999999999","0.0","0","0","8","Tienda"
"CLI001003","prepago","101","True","False","","False","False","False","OF003","77.63","46-55","Lima","True","35.36166666666667","106.83333333333333","9.666666666666666","2.1666666666666665","76.05666666666667","1.0","0","0","6","Digital"
"CLI001004","","160","False","True","OF005","True","False","False","OF005","86.26","46-55","La Libertad","True","1.55","152.66666666666666","7.0","3.0","87.19","4.666666666666667","1","0","10","Digital"
"CLI001005","","24","False","True","OF009","True","False","False","OF009","136.47","18-25","Lima","True","1.8366666666666667","231.0","6.0","2.6666666666666665","134.09166666666667","0.0","0","0","11","Call In"
"CLI001006","postpago","166","True","False","","False","False","False","OF001","40.36","26-35","Lima","True","7.5","215.16666666666666","5.666666666666667","3.1666666666666665","40.165","3.0","1","0","10","Digital"
"CLI001007","postpago","154","True","False","","False","False","False","OF001","40.86","36-45","Lima","True","7.59","165.5","10.833333333333334","3.1666666666666665","41.233333333333334","0.0","0","0","5","Tienda"
"CLI001008","prepago","91","True","True","OF008","True","False","False","OF003","79.26","36-45","Lambayeque","False","34.32","105.0","7.333333333333333","0.0","78.98833333333333","0.0","0","0","2","Call In"
"CLI001009","prepago","133","True","False","","False","False","False","OF003","91.96","18-25","Lima","True","44.251666666666665","148.0","9.333333333333334","2.5","88.63","0.0","0","0","5","Digital"
"CLI001010","postpago","94","True","False","","False","False","False","OF002","63.2","18-25","Lima","True","19.051666666666666","116.66666666666667","7.333333333333333","3.5","65.24166666666667","7.666666666666667","2","0","7","Call In"
"CLI001011","postpago","49","True","False","","False","False","False","OF004","96.72","56-65","Lima","False","58.49333333333334","135.83333333333334","7.333333333333333","0.0","97.06666666666666","6.166666666666667","1","0","9","Digital"
"CLI001012","prepago","144","True","True","OF007","False","False","False","OF003","73.71","46-55","Ica","False","39.12166666666667","168.16666666666666","6.5","0.0","74.06166666666667","2.0","0","0","4","Tienda"
"CLI001013","postpago","45","True","False","","False","False","False","OF004","96.06","26-35","Lima","True","55.855","217.0","10.833333333333334","3.0","95.43333333333334","6.0","1","0","4","Call In"
"CLI001014","prepago","57","True","True","OF008","True","False","False","OF002","58.67","36-45","Ica","True","22.451666666666668","191.83333333333334","8.0","3.1666666666666665","57.75666666666667","18.166666666666668","2","0","7","Call Out"
"CLI001015","postpago","94","True","False","","False","False","False","OF004","94.68","18-25","Arequipa","True","61.26166666666666","113.16666666666667","7.833333333333333","4.0","93.02","20.5","2","0","6","Tienda"
"CLI001016","postpago","151","True","True","OF005","True","False","True","OF002","57.0","18-25","Arequipa","True","16.085","142.33333333333334","9.166666666666666","3.0","57.70333333333334","0.0","0","0","3","Digital"
"CLI001017","postpago","70","True","True","OF005","True","False","True","OF001","49.73","26-35","Lima","False","10.5","152.16666666666666","6.166666666666667","0.0","50.25","9.666666666666666","2","0","7","Call In"
"CLI001018","postpago","89","True","True","OF006","True","False","True","OF003","79.86","26-35","Lima","True","30.878333333333334","246.66666666666666","6.333333333333333","4.333333333333333","78.69166666666666","7.833333333333333","1","0","4","Call In"
"CLI001019","postpago","8","True","True","OF008","True","True","False","OF022","246.0","65+","La Libertad","False","71.00833333333333","253.33333333333334","8.166666666666666","0.0","246.94499999999996","17.0","2","0","12","Call Out"
"CLI001020","prepago","21","True","True","OF006","True","False","False","OF001","42.01","18-25","Lima","True","10.583333333333334","140.0","8.333333333333334","2.3333333333333335","42.651666666666664","15.333333333333334","3","0","10","Digital"
"CLI001021","prepago","11","True","True","OF010","True","False","False","OF003","80.05","36-45","Lima","True","37.48833333333334","177.66666666666666","8.333333333333334","1.1666666666666667","80.34166666666667","13.166666666666666","2","0","11","Tienda"
"CLI001022","postpago","13","True","False","","False","False","False","OF004","94.0","56-65","Arequipa","True","48.97","186.83333333333334","7.166666666666667","2.5","93.755","17.333333333333332","3","2","5","Tienda"
"CLI001023","","157","False","True","OF005","True","False","False","OF005","94.66","18-25","Lima","True","1.9133333333333333","174.5","8.166666666666666","2.3333333333333335","96.32","5.166666666666667","0","0","3","Digital"
"CLI001024","postpago","152","True","True","OF006","True","False","True","OF002","64.61","36-45","Arequipa","True","19.543333333333333","133.66666666666666","9.333333333333334","1.8333333333333333","64.38166666666666","18.833333333333332","3","0","3","Call In"
"CLI001025","prepago","148","True","False","","False","False","False","OF004","93.18","26-35","La Libertad","True","48.46","201.66666666666666","8.0","3.0","93.455","9.666666666666666","1","3","4","Digital"
"CLI001026","prepago","11","True","False","","False","False","False","OF001","36.93","26-35","Lima","False","7.84","186.83333333333334","9.333333333333334","0.0","36.63166666666667","19.5","3","0","7","Call In"
"CLI001027","postpago","14","True","False","","False","False","False","OF004","101.53","26-35","Otro","False","74.64","169.0","8.833333333333334","0.0","103.26833333333333","14.0","2","1","6","Call In"
"CLI001028","prepago","51","True","False","","False","False","False","OF004","94.81","46-55","Lima","False","53.57999999999999","141.16666666666666","10.833333333333334","0.0","92.58333333333333","5.166666666666667","1","0","4","Digital"
"CLI001029","postpago","102","True","False","","False","False","False","OF001","38.15","36-45","Lima","True","8.988333333333333","154.83333333333334","6.666666666666667","3.6666666666666665","37.791666666666664","22.666666666666668","3","0","6","Call In"
"CLI001030","postpago","61","True","False","","False","False","False","OF004","106.72","18-25","Junin","True","60.14666666666667","188.66666666666666","7.833333333333333","1.3333333333333333","105.855","9.333333333333334","1","0","5","Tienda"
"CLI001031","postpago","88","True","True","OF005","True","False","True","OF003","76.11","26-35","Lima","True","40.155","224.33333333333334","8.0","2.1666666666666665","76.47500000000001","0.0","0","0","8","Call Out"
"CLI001032","prepago","32","True","False","","False","False","False","OF002","62.52","46-55","Piura","True","20.563333333333333","229.83333333333334","5.5","4.0","63.349999999999994","2.0","0","0","8","Call In"
"CLI001033","postpago","132","True","True","OF006","True","False","True","OF004","93.34","46-55","Ica","False","61.754999999999995","177.5","7.166666666666667","0.0","93.42","0.0","0","0","6","Digital"
"CLI001034","prepago","57","True","False","","False","False","False","OF001","42.04","65+","La Libertad","True","8.581666666666665","191.16666666666666","7.833333333333333","3.0","42.46666666666666","8.333333333333334","2","0","6","Tienda"
"CLI001035","postpago","12","True","False","","False","False","False","OF001","40.33","46-55","Piura","True","9.023333333333333","153.83333333333334","8.166666666666666","2.5","40.093333333333334","7.833333333333333","1","0","0",""
"CLI001036","","134","False","True","OF006","True","False","False","OF006","103.65","26-35","Junin","True","2.62","169.66666666666666","7.666666666666667","3.6666666666666665","103.15666666666668","7.0","1","0","6","Tienda"
"CLI001037","postpago","163","True","True","OF006","True","True","False","OF021","179.59","18-25","Lima","True","43.69","245.33333333333334","7.333333333333333","2.6666666666666665","177.45666666666668","0.0","0","0","8","Digital"
"CLI001038","prepago","3","True","False","","False","False","False","OF002","62.68","36-45","Lambayeque","True","14.765","181.33333333333334","10.333333333333334","3.5","61.38833333333333","25.833333333333332","4","3","8","Call In"
"CLI001039","postpago","79","True","False","","False","False","False","OF003","85.7","36-45","Arequipa","False","39.05166666666667","155.16666666666666","7.833333333333333","0.0","84.38333333333334","3.5","1","0","0",""
"CLI001040","postpago","149","True","True","OF006","True","True","False","OF021","195.52","36-45","Lima","True","46.47333333333333","129.16666666666666","9.5","3.5","196.2266666666667","3.0","1","0","7","Call In"
"CLI001041","postpago","128","True","False","","False","False","False","OF001","42.69","46-55","Lambayeque","False","9.048333333333334","169.66666666666666","9.666666666666666","0.0","41.903333333333336","6.166666666666667","1","0","4","Call In"
"CLI001042","postpago","155","True","False","","False","False","False","OF003","68.68","26-35","Lima","False","32.44","257.8333333333333","8.833333333333334","0.0","67.80833333333334","0.0","0","0","5","Call In"
"CLI001043","prepago","75","True","False","","False","False","False","OF004","110.65","65+","Lima","True","64.33666666666666","204.16666666666666","8.0","3.0","110.75","4.333333333333333","1","0","10","Digital"
"CLI001044","postpago","68","True","True","OF005","True","False","True","OF002","59.13","36-45","Junin","False","17.435","227.83333333333334","7.833333333333333","0.0","59.65833333333333","7.5","1","0","6","Tienda"
"CLI001045","","128","False","True","OF005","True","False","False","OF005","100.92","46-55","La Libertad","True","2.8683333333333336","125.33333333333333","8.833333333333334","5.5","101.13833333333332","0.0","0","0","9","Digital"
"CLI001046","postpago","28","True","False","","False","False","False","OF002","56.28","26-35","Piura","True","21.043333333333333","172.5","7.5","4.833333333333333","57.403333333333336","25.0","3","1","7","Tienda"
"CLI001047","prepago","44","True","True","OF006","True","False","False","OF004","90.96","46-55","La Libertad","True","64.26166666666667","140.16666666666666","8.0","3.6666666666666665","91.02166666666666","0.0","0","0","13","Digital"
"CLI001048","prepago","109","True","False","","False","False","False","OF004","96.46","65+","Lima","True","53.60999999999999","123.5","7.166666666666667","2.5","96.35833333333333","7.166666666666667","1","0","4","Call In"
"CLI001049","postpago","121","True","True","OF006","True","False","True","OF001","40.04","26-35","Lima","False","9.535","130.66666666666666","7.166666666666667","0.0","40.571666666666665","5.166666666666667","1","0","10","Digital"
"CLI001050","postpago","22","True","False","","False","False","False","OF002","56.03","36-45","Piura","True","17.711666666666666","131.0","9.5","2.8333333333333335","56.77166666666667","10.0","2","1","7","Call Out"
"CLI001051","prepago","92","True","False","","False","False","False","OF001","38.42","46-55","Lambayeque","True","8.441666666666666","201.5","9.833333333333334","3.0","38.403333333333336","0.0","0","0","4","Digital"
"CLI001052","prepago","66","True","True","OF005","True","False","False","OF004","107.59","56-65","Lima","True","53.24","211.66666666666666","8.0","1.6666666666666667","107.89333333333333","4.833333333333333","1","0","3","Digital"
"CLI001053","postpago","91","True","False","","False","False","False","OF003","79.99","36-45","Lima","True","35.185","146.33333333333334","10.166666666666666","2.8333333333333335","79.43833333333333","0.0","0","0","3","Tienda"
"CLI001054","prepago","173","True","True","OF006","True","False","False","OF003","83.63","26-35","Lima","True","33.056666666666665","164.5","8.333333333333334","4.0","82.105","11.333333333333334","2","0","6","Call In"
"CLI001055","prepago","14","True","False","","False","False","False","OF002","60.42","36-45","Lima","True","16.99833333333333","175.0","7.5","3.6666666666666665","60.475","12.5","3","0","4","Tienda"
"CLI001056","postpago","180","True","True","OF010","True","False","True","OF004","95.21","36-45","La Libertad","True","63.32833333333334","248.0","8.666666666666666","3.8333333333333335","95.69666666666666","10.0","1","1","8","Digital"
"CLI001057","prepago","81","True","True","OF008","True","False","False","OF001","35.79","18-25","Lambayeque","True","8.261666666666667","192.16666666666666","9.5","2.0","35.24333333333333","8.833333333333334","1","0","3","Call In"
"CLI001058","postpago","139","True","False","","False","False","False","OF003","92.56","36-45","Lambayeque","True","40.85","191.5","7.666666666666667","2.3333333333333335","93.08666666666666","8.5","1","0","11","Call In"
"CLI001059","prepago","77","True","True","OF008","True","False","False","OF004","82.47","36-45","Lima","False","59.02166666666667","138.0","7.333333333333333","0.0","80.38833333333334","4.166666666666667","1","0","4","Tienda"
"CLI001060","postpago","56","True","True","OF008","True","False","True","OF003","72.96","26-35","Junin","True","36.94166666666667","140.66666666666666","7.833333333333333","3.5","71.95333333333333","7.5","1","2","6","Digital"
"CLI001061","postpago","139","True","False","","False","False","False","OF003","78.57","26-35","La Libertad","True","33.27166666666667","218.16666666666666","9.0","2.5","79.2","2.5","0","0","11","Digital"
"CLI001062","prepago","124","True","True","OF008","True","False","False","OF003","77.49","46-55","Lima","True","38.26333333333333","195.5","8.833333333333334","4.5","76.74666666666667","0.0","0","0","3","Digital"
"CLI001063","postpago","26","True","False","","False","False","False","OF001","41.93","18-25","La Libertad","True","8.956666666666667","86.33333333333333","8.666666666666666","3.6666666666666665","42.08833333333333","12.333333333333334","1","0","7","Tienda"
"CLI001064","postpago","127","True","False","","False","False","False","OF002","47.55","26-35","Lima","True","17.241666666666667","121.0","9.0","3.0","47.185","0.0","0","0","4","Call Out"
"CLI001065","prepago","136","True","False","","False","False","False","OF003","79.82","46-55","Lima","False","42.27833333333333","185.33333333333334","6.166666666666667","0.0","80.325","5.333333333333333","1","1","3","Digital"
"CLI001066","postpago","70","True","False","","False","False","False","OF001","42.43","26-35","Lambayeque","True","8.903333333333334","194.0","6.666666666666667","2.1666666666666665","42.99166666666667","1.0","0","0","6","Tienda"
"CLI001067","prepago","167","True","False","","False","False","False","OF001","43.35","18-25","Lima","True","8.4","163.66666666666666","5.833333333333333","3.5","43.370000000000005","0.0","0","0","4","Call In"
"CLI001068","prepago","116","True","False","","False","False","False","OF002","51.69","65+","Piura","True","17.94333333333333","119.83333333333333","7.5","3.8333333333333335","51.74166666666667","8.0","2","0","5","Digital"
"CLI001069","prepago","61","True","True","OF010","True","False","False","OF004","98.96","36-45","Piura","False","51.72","144.0","6.833333333333333","0.0","101.22166666666668","5.5","1","0","7","Digital"
"CLI001070","prepago","2","True","False","","False","False","False","OF002","64.96","26-35","Otro","False","19.341666666666665","176.0","7.166666666666667","0.0","65.53","25.0","5","0","3","Call In"
"CLI001071","prepago","122","True","False","","False","False","False","OF001","39.23","26-35","Otro","True","10.095","140.5","8.666666666666666","3.0","39.19833333333333","0.0","0","0","7","Digital"
"CLI001072","postpago","38","True","True","OF006","True","False","True","OF004","101.06","18-25","La Libertad","True","55.35999999999999","193.66666666666666","8.166666666666666","3.8333333333333335","101.28666666666668","19.666666666666668","3","0","5","Tienda"
"CLI001073","postpago","137","True","False","","False","False","False","OF003","82.83","46-55","Piura","True","37.265","158.5","8.333333333333334","2.1666666666666665","81.57833333333333","1.1666666666666667","0","0","5","Call In"
"CLI001074","postpago","95","True","False","","False","False","False","OF004","96.73","26-35","Otro","False","69.04166666666667","198.16666666666666","7.0","0.0","95.86666666666666","0.0","0","1","1","Digital"
"CLI001075","postpago","85","True","False","","False","False","False","OF001","38.84","26-35","Lima","True","8.003333333333332","199.33333333333334","9.0","3.1666666666666665","37.26833333333334","0.0","0","0","3","Call Out"
"CLI001076","postpago","30","True","False","","False","False","False","OF003","86.8","56-65","Otro","True","43.45333333333334","215.33333333333334","8.0","2.3333333333333335","86.67","5.666666666666667","1","0","5","Digital"
"CLI001077","postpago","129","True","False","","False","False","False","OF003","79.66","46-55","Lima","True","42.083333333333336","160.16666666666666","10.5","3.3333333333333335","78.90333333333334","1.8333333333333333","0","0","8","Digital"
"CLI001078","postpago","30","True","True","OF010","True","False","True","OF002","59.88","46-55","Arequipa","False","15.765","149.5","7.833333333333333","0.0","59.29666666666666","6.5","1","0","5","Call In"
"CLI001079","postpago","76","True","False","","False","False","False","OF003","89.61","36-45","Otro","True","35.06666666666667","184.83333333333334","8.333333333333334","2.3333333333333335","88.65166666666666","2.8333333333333335","1","1","10","Tienda"
"CLI001080","postpago","151","True","False","","False","False","False","OF004","106.29","56-65","La Libertad","True","52.504999999999995","188.33333333333334","7.833333333333333","2.5","107.29833333333333","9.166666666666666","1","3","3","Call Out"
"CLI001081","","166","False","True","OF008","True","False","False","OF008","107.21","26-35","Lambayeque","False","1.8783333333333332","211.5","7.5","0.0","105.75166666666667","0.0","0","0","6","Digital"
"CLI001082","postpago","179","True","False","","False","False","False","OF004","99.0","26-35","Lima","True","71.2","174.83333333333334","9.666666666666666","3.3333333333333335","101.33666666666666","3.3333333333333335","1","0","9","Tienda"
"CLI001083","prepago","173","True","False","","False","False","False","OF001","44.38","18-25","Otro","False","10.4","194.5","7.5","0.0","44.93333333333334","9.333333333333334","1","0","7","Digital"
"CLI001084","postpago","101","True","False","","False","False","False","OF003","93.29","18-25","Junin","True","37.0","152.83333333333334","7.0","3.3333333333333335","92.20333333333333","2.6666666666666665","1","0","6","Digital"
"CLI001085","postpago","37","True","True","OF010","True","False","True","OF001","34.99","56-65","Lima","True","8.796666666666667","219.5","9.833333333333334","2.8333333333333335","35.37833333333333","22.0","3","0","5","Call Out"
"CLI001086","prepago","152","True","False","","False","False","False","OF003","77.6","36-45","Otro","False","41.129999999999995","156.33333333333334","8.333333333333334","0.0","76.94833333333334","11.0","1","0","3","Digital"
"CLI001087","prepago","145","True","False","","False","False","False","OF001","41.7","18-25","Arequipa","True","9.028333333333334","202.83333333333334","8.833333333333334","3.5","42.03","0.0","0","0","11","Call Out"
"CLI001088","postpago","179","True","True","OF007","False","False","False","OF004","107.07","18-25","Lambayeque","True","51.39166666666667","137.16666666666666","7.5","2.5","108.195","0.0","0","0","6","Digital"
"CLI001089","postpago","118","True","True","OF005","True","False","True","OF002","58.35","46-55","Piura","True","17.573333333333334","129.5","8.166666666666666","2.5","58.57833333333334","0.0","0","0","7","Call In"
"CLI001090","postpago","26","True","True","OF008","True","False","True","OF001","37.99","26-35","Piura","True","8.573333333333332","173.5","9.166666666666666","2.8333333333333335","38.153333333333336","12.5","2","0","3","Tienda"
"CLI001091","postpago","91","True","True","OF007","False","False","False","OF001","36.61","46-55","Cusco","True","10.136666666666667","120.16666666666667","9.5","1.6666666666666667","36.556666666666665","2.6666666666666665","1","0","6","Call Out"
"CLI001092","postpago","81","True","False","","False","False","False","OF002","60.41","56-65","Lima","True","16.668333333333333","116.33333333333333","8.5","3.0","59.10833333333333","8.0","2","2","6","Call In"
"CLI001093","postpago","152","True","False","","False","False","False","OF004","114.32","46-55","La Libertad","True","58.51499999999999","233.16666666666666","6.833333333333333","2.5","113.09833333333334","0.0","0","0","4","Call In"
"CLI001094","postpago","71","True","True","OF006","True","False","True","OF002","57.86","26-35","Arequipa","True","18.173333333333332","160.5","7.333333333333333","3.1666666666666665","58.211666666666666","8.333333333333334","1","0","2","Call In"
"CLI001095","prepago","60","True","True","OF006","True","False","False","OF001","39.12","36-45","Otro","True","8.595","189.33333333333334","8.166666666666666","4.5","39.583333333333336","5.333333333333333","1","1","9","Tienda"
"CLI001096","prepago","15","True","False","","False","False","False","OF004","96.95","36-45","Lima","True","71.59166666666667","178.83333333333334","6.0","2.3333333333333335","98.79","11.0","1","0","7","Digital"
"CLI001097","","151","False","True","OF005","True","False","False","OF005","89.74","46-55","La Libertad","True","2.146666666666667","186.5","8.666666666666666","3.6666666666666665","90.02499999999999","6.833333333333333","1","0","3","Call In"
"CLI001098","postpago","136","True","False","","False","False","False","OF002","56.96","26-35","Lima","True","22.62166666666667","184.83333333333334","7.666666666666667","4.0","57.76666666666667","5.5","1","0","6","Digital"
"CLI001099","postpago","8","True","True","OF006","True","False","True","OF003","81.16","46-55","Otro","True","41.46333333333333","132.66666666666666","7.666666666666667","1.6666666666666667","82.85666666666667","23.0","4","2","3","Call In"
"CLI001100","postpago","79","True","False","","False","False","False","OF003","84.68","36-45","Otro","True","45.99166666666667","126.83333333333333","8.5","2.8333333333333335","86.76333333333334","9.333333333333334","1","0","9","Digital"
"CLI001101","postpago","87","True","True","OF005","True","False","True","OF001","39.6","36-45","Ica","True","8.843333333333332","135.83333333333334","8.666666666666666","2.8333333333333335","39.23166666666666","0.0","0","0","5","Tienda"
"CLI001102","prepago","85","True","False","","False","False","False","OF004","89.43","26-35","Lambayeque","True","73.87666666666667","145.66666666666666","7.666666666666667","3.1666666666666665","89.72000000000001","0.0","0","2","5","Call Out"
"CLI001103","postpago","166","True","True","OF006","True","False","True","OF002","64.85","18-25","Junin","True","23.87","145.5","9.333333333333334","2.8333333333333335","64.82166666666667","10.166666666666666","1","0","1","Tienda"
"CLI001104","prepago","28","True","False","","False","False","False","OF001","35.69","46-55","Lambayeque","True","9.895000000000001","196.66666666666666","7.166666666666667","2.8333333333333335","35.208333333333336","18.666666666666668","3","0","3","Tienda"
"CLI001105","postpago","56","True","False","","False","False","False","OF004","112.8","18-25","Otro","True","51.38666666666666","135.33333333333334","8.166666666666666","3.5","112.35666666666667","7.5","1","1","3","Tienda"
"CLI001106","postpago","33","True","True","OF008","True","False","True","OF001","36.47","26-35","Lima","True","7.803333333333334","158.33333333333334","10.5","3.0","36.48833333333334","8.833333333333334","1","0","5","Digital"
"CLI001107","postpago","44","True","False","","False","False","False","OF004","91.89","36-45","Lima","False","65.835","223.66666666666666","9.833333333333334","0.0","92.79166666666667","7.666666666666667","1","1","3","Call Out"
"CLI001108","postpago","164","True","False","","False","False","False","OF002","64.92","26-35","La Libertad","False","19.146666666666665","149.5","7.0","0.0","65.64166666666667","0.0","0","0","6","Tienda"
"CLI001109","prepago","170","True","False","","False","False","False","OF003","76.11","36-45","La Libertad","True","38.90833333333333","160.16666666666666","7.5","2.8333333333333335","77.14999999999999","0.0","0","0","1","Tienda"
"CLI001110","postpago","9","True","False","","False","False","False","OF004","109.57","26-35","Arequipa","False","60.06166666666667","180.33333333333334","10.0","0.0","107.45166666666667","19.833333333333332","3","2","4","Digital"
"CLI001111","prepago","114","True","True","OF006","True","False","False","OF003","75.16","36-45","Ica","True","40.651666666666664","191.0","7.666666666666667","3.3333333333333335","74.52333333333333","9.833333333333334","1","1","4","Call In"
"CLI001112","prepago","42","True","False","","False","False","False","OF001","38.75","18-25","Arequipa","False","8.828333333333333","199.16666666666666","6.666666666666667","0.0","38.515","0.0","0","0","2","Call Out"
"CLI001113","postpago","35","True","False","","False","False","False","OF001","41.21","36-45","Junin","False","10.315","214.0","8.666666666666666","0.0","41.30166666666667","14.5","3","0","3","Tienda"
"CLI001114","prepago","53","True","False","","False","False","False","OF004","96.95","36-45","Lima","True","56.76","127.66666666666667","9.0","4.0","96.625","0.0","0","0","9","Digital"
"CLI001115","postpago","35","True","True","OF009","True","False","True","OF004","94.09","56-65","Lambayeque","True","71.64","189.0","8.833333333333334","3.8333333333333335","93.62","12.0","2","0","3","Call In"
"CLI001116","prepago","89","True","False","","False","False","False","OF001","47.47","26-35","Lima","True","9.203333333333333","233.0","8.5","2.3333333333333335","46.97666666666667","14.5","2","0","3","Tienda"
"CLI001117","postpago","180","True","False","","False","False","False","OF003","72.08","26-35","Lima","False","35.248333333333335","180.66666666666666","6.333333333333333","0.0","73.14833333333333","0.0","0","0","6","Tienda"
"CLI001118","postpago","106","True","False","","False","False","False","OF002","57.51","26-35","Lima","True","18.096666666666668","249.16666666666666","7.333333333333333","4.333333333333333","57.87166666666667","6.166666666666667","1","0","6","Tienda"
"CLI001119","prepago","131","True","True","OF005","True","False","False","OF001","35.31","26-35","Ica","True","7.916666666666667","159.66666666666666","9.833333333333334","4.166666666666667","35.199999999999996","7.666666666666667","1","0","6","Call In"
"CLI001120","postpago","89","True","False","","False","False","False","OF001","34.86","26-35","Lima","True","9.351666666666667","155.33333333333334","8.5","3.0","34.18","21.166666666666668","3","2","6","Digital"
"CLI001121","prepago","3","True","False","","False","False","False","OF001","45.41","56-65","Lima","False","7.8133333333333335","140.16666666666666","7.666666666666667","0.0","45.586666666666666","16.166666666666668","2","0","9","Digital"
"CLI001122","","16","False","True","OF010","True","False","False","OF010","154.14","26-35","Lambayeque","False","1.3533333333333335","220.16666666666666","7.166666666666667","0.0","153.57833333333335","14.0","2","0","0",""
"CLI001123","prepago","49","True","False","","False","False","False","OF004","86.64","26-35","Lima","True","64.53833333333334","170.16666666666666","6.5","2.8333333333333335","86.93666666666667","10.5","1","2","8","Digital"
"CLI001124","postpago","44","True","True","OF010","True","False","True","OF001","35.44","65+","Lima","False","8.348333333333334","202.5","9.333333333333334","0.0","36.32333333333333","0.0","0","0","6","Call Out"
"CLI001125","prepago","152","True","False","","False","False","False","OF003","86.12","46-55","La Libertad","True","45.333333333333336","186.16666666666666","6.833333333333333","4.0","86.46666666666665","9.666666666666666","1","0","5","Digital"
"CLI001126","postpago","152","True","False","","False","False","False","OF001","38.96","26-35","Lima","False","8.018333333333333","144.33333333333334","9.333333333333334","0.0","39.09","0.0","0","0","1","Call In"
"CLI001127","postpago","154","True","True","OF010","True","True","False","OF021","194.44","46-55","Lima","True","42.84166666666667","164.83333333333334","6.333333333333333","2.5","194.595","1.1666666666666667","0","0","4","Call In"
"CLI001128","postpago","115","True","False","","False","False","False","OF002","58.08","36-45","La Libertad","True","21.965","138.5","7.833333333333333","3.3333333333333335","56.63666666666666","11.833333333333334","2","0","3","Call In"
"CLI001129","prepago","101","True","False","","False","False","False","OF004","98.45","56-65","Lambayeque","True","42.13333333333333","179.33333333333334","6.0","3.6666666666666665","98.735","7.666666666666667","1","0","12","Tienda"
"CLI001130","postpago","117","True","False","","False","False","False","OF003","83.83","18-25","Lima","True","35.776666666666664","243.33333333333334","6.0","2.5","83.34666666666666","10.0","2","0","1","Call Out"
"CLI001131","prepago","74","True","True","OF010","True","False","False","OF003","66.44","36-45","Piura","True","40.72666666666667","217.16666666666666","6.166666666666667","2.6666666666666665","67.60833333333333","7.833333333333333","1","0","2","Call In"
"CLI001132","postpago","121","True","True","OF007","False","False","False","OF003","72.07","46-55","Otro","True","39.13833333333333","198.5","7.0","2.8333333333333335","70.74333333333333","1.5","0","0","9","Call In"
"CLI001133","postpago","143","True","False","","False","False","False","OF004","111.49","65+","Ica","True","57.223333333333336","124.16666666666667","7.666666666666667","3.3333333333333335","109.915","0.0","0","1","3","Digital"
"CLI001134","prepago","138","True","True","OF009","True","False","False","OF001","42.91","36-45","Piura","False","9.405","125.16666666666667","8.833333333333334","0.0","42.800000000000004","3.0","1","0","5","Call Out"
"CLI001135","prepago","111","True","False","","False","False","False","OF001","34.98","18-25","Lima","True","6.383333333333333","181.0","6.166666666666667","3.6666666666666665","34.79333333333333","6.666666666666667","1","1","5","Digital"
"CLI001136","prepago","11","True","True","OF009","True","False","False","OF002","68.02","65+","Lima","True","18.531666666666666","186.83333333333334","6.833333333333333","3.3333333333333335","67.915","24.5","3","3","4","Digital"
"CLI001137","postpago","131","True","True","OF006","True","True","False","OF022","216.36","36-45","Lima","True","44.333333333333336","178.16666666666666","8.333333333333334","3.6666666666666665","218.09833333333336","1.8333333333333333","0","0","10","Call Out"
"CLI001138","postpago","66","True","False","","False","False","False","OF002","60.56","36-45","Ica","True","19.218333333333334","200.16666666666666","9.333333333333334","3.1666666666666665","58.72666666666667","2.5","0","0","11","Digital"
"CLI001139","postpago","134","True","False","","False","False","False","OF003","91.4","26-35","Lima","False","41.78666666666667","217.83333333333334","8.166666666666666","0.0","91.94","0.0","0","0","5","Digital"
"CLI001140","prepago","98","True","False","","False","False","False","OF003","79.79","46-55","Lima","False","40.31666666666667","194.16666666666666","7.833333333333333","0.0","80.90333333333334","2.1666666666666665","0","1","4","Tienda"
"CLI001141","prepago","159","True","True","OF010","True","False","False","OF002","59.4","36-45","Lima","True","22.34","165.33333333333334","7.666666666666667","4.0","58.656666666666666","3.0","1","0","3","Digital"
"CLI001142","postpago","61","True","False","","False","False","False","OF003","83.58","65+","Cusco","True","40.598333333333336","249.16666666666666","7.0","3.0","83.25166666666667","3.0","1","2","4","Call In"
"CLI001143","prepago","168","True","False","","False","False","False","OF004","91.87","36-45","Lambayeque","True","59.830000000000005","181.0","7.333333333333333","3.8333333333333335","91.06333333333333","0.0","0","0","8","Call Out"
"CLI001144","postpago","153","True","True","OF006","True","False","True","OF001","39.26","26-35","Lima","True","7.239999999999999","238.66666666666666","10.166666666666666","4.333333333333333","39.24666666666666","1.0","0","0","6","Digital"
"CLI001145","","60","False","True","OF006","True","False","False","OF006","114.07","46-55","Cusco","True","1.9716666666666667","235.66666666666666","7.333333333333333","2.8333333333333335","115.31333333333333","7.333333333333333","1","0","7","Call In"
"CLI001146","prepago","87","True","False","","False","False","False","OF001","41.36","18-25","La Libertad","True","11.046666666666667","196.0","9.333333333333334","3.6666666666666665","41.64","0.0","0","0","5","Digital"
"CLI001147","postpago","96","True","False","","False","False","False","OF003","74.08","26-35","Piura","True","39.57833333333333","145.66666666666666","7.0","3.1666666666666665","73.17833333333334","14.5","2","3","8","Digital"
"CLI001148","prepago","139","True","False","","False","False","False","OF002","57.73","56-65","Otro","True","19.791666666666668","173.0","8.5","2.3333333333333335","57.25","0.0","0","0","3","Call In"
"CLI001149","prepago","125","True","True","OF005","True","False","False","OF002","61.34","65+","Otro","True","16.213333333333335","202.16666666666666","7.166666666666667","2.3333333333333335","60.65166666666667","9.166666666666666","1","2","7","Digital"
"CLI001150","postpago","154","True","False","","False","False","False","OF001","44.16","46-55","Arequipa","True","9.786666666666667","126.0","8.333333333333334","3.1666666666666665","45.078333333333326","3.0","1","0","4","Digital"
"CLI001151","postpago","67","True","False","","False","False","False","OF001","37.08","26-35","La Libertad","True","9.516666666666667","192.66666666666666","8.666666666666666","2.1666666666666665","37.431666666666665","0.0","0","0","8","Tienda"
"CLI001152","prepago","91","True","True","OF005","True","False","False","OF004","108.66","46-55","Ica","True","62.97666666666667","97.16666666666667","8.833333333333334","4.0","109.39833333333333","7.833333333333333","1","0","7","Digital"
"CLI001153","prepago","78","True","True","OF006","True","False","False","OF001","43.91","36-45","Lima","False","9.555","197.5","8.0","0.0","43.748333333333335","3.3333333333333335","1","0","8","Tienda"
"CLI001154","prepago","164","True","True","OF009","True","False","False","OF002","59.18","36-45","Lima","True","20.953333333333333","168.5","7.166666666666667","2.5","59.19833333333333","0.0","0","0","8","Tienda"
"CLI001155","prepago","55","True","False","","False","False","False","OF001","39.84","36-45","La Libertad","True","8.959999999999999","192.16666666666666","4.666666666666667","3.1666666666666665","39.76","11.5","2","0","5","Tienda"
"CLI001156","prepago","106","True","False","","False","False","False","OF004","95.34","36-45","Lima","True","61.548333333333325","142.0","9.0","3.0","97.20166666666667","9.166666666666666","1","0","4","Call Out"
"CLI001157","postpago","22","True","False","","False","False","False","OF004","92.03","26-35","Lima","True","52.745000000000005","205.66666666666666","8.0","3.8333333333333335","92.7","10.0","2","0","6","Digital"
"CLI001158","postpago","154","True","False","","False","False","False","OF004","94.88","36-45","Cusco","True","48.99166666666667","201.16666666666666","8.0","2.8333333333333335","95.71666666666665","3.5","1","1","3","Digital"
"CLI001159","prepago","70","True","True","OF005","True","False","False","OF004","90.07","18-25","Junin","True","64.63833333333334","206.83333333333334","8.333333333333334","3.5","90.99333333333334","0.0","0","0","6","Digital"
"CLI001160","postpago","62","True","False","","False","False","False","OF004","108.16","46-55","La Libertad","True","46.39666666666667","139.66666666666666","7.333333333333333","3.8333333333333335","108.49333333333334","4.333333333333333","1","2","3","Tienda"
"CLI001161","postpago","105","True","False","","False","False","False","OF003","73.75","56-65","Arequipa","True","33.98833333333334","180.66666666666666","10.333333333333334","3.5","73.94500000000001","15.333333333333334","2","0","2","Call Out"
"CLI001162","postpago","90","True","True","OF005","True","True","False","OF020","161.91","26-35","Lima","True","27.996666666666666","168.0","6.5","3.3333333333333335","163.095","12.333333333333334","2","0","4","Call Out"
"CLI001163","postpago","153","True","False","","False","False","False","OF003","68.15","56-65","La Libertad","True","33.830000000000005","226.16666666666666","7.333333333333333","2.8333333333333335","68.11333333333333","0.0","0","0","4","Call In"
"CLI001164","prepago","96","True","True","OF005","True","False","False","OF003","91.32","46-55","Otro","True","41.21333333333333","223.16666666666666","7.833333333333333","2.5","91.75","11.0","2","0","4","Digital"
"CLI001165","prepago","94","True","True","OF009","True","False","False","OF002","58.09","46-55","Piura","True","15.505","151.83333333333334","8.166666666666666","2.8333333333333335","58.16833333333333","0.0","0","0","5","Call Out"
"CLI001166","postpago","19","True","True","OF008","True","True","False","OF020","165.31","56-65","Lima","True","22.771666666666665","159.83333333333334","7.5","2.1666666666666665","165.97166666666666","25.5","4","0","7","Call Out"
"CLI001167","prepago","4","True","True","OF007","False","False","False","OF001","39.54","26-35","Lima","False","9.290000000000001","156.83333333333334","8.833333333333334","0.0","39.86833333333333","21.166666666666668","3","0","4","Digital"
"CLI001168","prepago","72","True","True","OF006","True","False","False","OF003","82.97","46-55","Lambayeque","True","32.23","153.33333333333334","8.5","2.8333333333333335","83.85333333333334","7.0","1","0","2","Digital"
"CLI001169","","180","False","True","OF008","True","False","False","OF008","135.23","18-25","Lima","True","2.2566666666666664","195.0","8.666666666666666","2.8333333333333335","136.60833333333332","0.0","0","0","7","Digital"
"CLI001170","postpago","166","True","True","OF005","True","False","True","OF004","106.38","65+","Lambayeque","True","58.870000000000005","188.83333333333334","7.833333333333333","3.3333333333333335","104.08833333333332","0.0","0","0","5","Digital"
"CLI001171","postpago","114","True","True","OF006","True","False","True","OF003","88.33","36-45","Lima","False","41.031666666666666","217.16666666666666","8.0","0.0","88.71333333333332","5.833333333333333","1","0","6","Call In"
"CLI001172","postpago","114","True","False","","False","False","False","OF002","60.86","46-55","Lima","True","19.49","161.16666666666666","8.666666666666666","2.6666666666666665","60.885","9.833333333333334","1","0","3","Digital"
"CLI001173","prepago","71","True","False","","False","False","False","OF001","39.33","26-35","Lima","False","10.604999999999999","213.0","7.0","0.0","39.72666666666667","0.0","0","0","1","Digital"
"CLI001174","prepago","32","True","False","","False","False","False","OF001","41.26","18-25","Arequipa","True","9.731666666666667","175.83333333333334","9.0","2.8333333333333335","41.175000000000004","15.0","2","0","6","Tienda"
"CLI001175","postpago","2","True","False","","False","False","False","OF004","109.79","26-35","Arequipa","False","52.16833333333333","196.16666666666666","10.333333333333334","0.0","110.27499999999999","14.833333333333334","3","0","1","Call Out"
"CLI001176","prepago","61","True","True","OF010","True","False","False","OF001","37.26","18-25","Piura","True","9.828333333333333","171.83333333333334","8.0","2.1666666666666665","36.81","13.0","2","0","7","Digital"
"CLI001177","","57","False","True","OF006","True","False","False","OF006","110.63","36-45","Lima","True","2.22","155.83333333333334","9.0","2.6666666666666665","108.78500000000001","7.666666666666667","2","0","5","Tienda"
"CLI001178","postpago","35","True","False","","False","False","False","OF003","81.74","26-35","Lima","True","36.72666666666667","174.33333333333334","6.5","2.8333333333333335","82.74666666666667","7.166666666666667","1","0","11","Digital"
"CLI001179","prepago","47","True","False","","False","False","False","OF001","45.64","56-65","Lima","True","9.205","185.66666666666666","8.833333333333334","3.8333333333333335","45.75833333333333","1.0","0","0","5","Digital"
"CLI001180","postpago","5","True","False","","False","False","False","OF004","103.91","46-55","Cusco","True","66.24333333333334","92.0","7.666666666666667","3.1666666666666665","102.70833333333333","26.333333333333332","4","1","2","Call In"
"CLI001181","postpago","110","True","False","","False","False","False","OF003","73.12","36-45","Lima","True","29.411666666666665","133.33333333333334","8.833333333333334","3.6666666666666665","72.94","0.0","0","0","4","Digital"
"CLI001182","postpago","167","True","False","","False","False","False","OF003","82.67","56-65","Lima","True","42.17333333333334","189.33333333333334","6.666666666666667","3.0","82.86833333333334","14.5","2","0","12","Tienda"
"CLI001183","postpago","125","True","True","OF010","True","False","True","OF003","76.58","36-45","Arequipa","False","37.675000000000004","180.16666666666666","9.166666666666666","0.0","77.83666666666666","0.0","0","0","2","Call In"
"CLI001184","","81","False","True","OF008","True","False","False","OF008","128.12","56-65","Junin","True","1.795","144.83333333333334","9.166666666666666","2.6666666666666665","129.495","2.3333333333333335","0","0","9","Call In"
"CLI001185","postpago","76","True","True","OF006","True","False","True","OF004","95.5","46-55","Lima","True","40.285000000000004","122.16666666666667","9.833333333333334","3.6666666666666665","93.24666666666667","0.0","0","1","4","Tienda"
"CLI001186","","56","False","True","OF006","True","False","False","OF006","126.96","46-55","Lima","True","2.0283333333333333","145.33333333333334","7.833333333333333","3.5","126.00333333333333","5.666666666666667","1","0","10","Digital"
"CLI001187","postpago","26","True","False","","False","False","False","OF003","80.44","26-35","Lima","True","35.971666666666664","153.33333333333334","8.833333333333334","3.0","80.86833333333334","4.833333333333333","1","0","4","Call In"
"CLI001188","prepago","108","True","True","OF010","True","False","False","OF004","95.18","46-55","Lima","True","61.21333333333333","114.5","6.666666666666667","1.8333333333333333","95.50666666666666","3.1666666666666665","0","1","3","Tienda"
"CLI001189","postpago","102","True","True","OF008","True","True","False","OF020","155.06","46-55","Lima","True","22.94333333333333","153.0","6.166666666666667","3.1666666666666665","152.87","1.0","0","0","4","Tienda"
"CLI001190","prepago","2","True","False","","False","False","False","OF001","43.68","18-25","La Libertad","False","7.81","189.33333333333334","8.0","0.0","42.026666666666664","12.166666666666666","2","0","3","Call Out"
"CLI001191","prepago","75","True","True","OF006","True","False","False","OF002","61.8","18-25","Piura","False","22.171666666666667","188.5","8.666666666666666","0.0","61.120000000000005","8.166666666666666","2","0","4","Call In"
"CLI001192","postpago","51","True","False","","False","False","False","OF001","45.09","56-65","Lambayeque","True","8.478333333333333","172.33333333333334","9.666666666666666","3.0","45.78666666666667","0.0","0","3","3","Tienda"
"CLI001193","postpago","31","True","True","OF008","True","False","True","OF004","104.11","65+","Lima","False","71.64","230.83333333333334","9.666666666666666","0.0","103.945","18.0","2","0","9","Tienda"
"CLI001194","prepago","127","True","True","OF005","True","False","False","OF001","35.5","36-45","La Libertad","True","9.456666666666667","161.83333333333334","9.166666666666666","2.6666666666666665","35.49333333333333","1.8333333333333333","0","0","2","Call In"
"CLI001195","prepago","95","True","False","","False","False","False","OF002","56.19","26-35","Otro","True","16.408333333333335","203.0","9.166666666666666","3.3333333333333335","55.25833333333333","1.0","0","0","4","Call Out"
"CLI001196","postpago","115","True","False","","False","False","False","OF004","114.96","26-35","Lima","True","44.385","232.66666666666666","6.666666666666667","4.166666666666667","115.39999999999999","9.833333333333334","1","0","8","Call Out"
"CLI001197","postpago","129","True","False","","False","False","False","OF003","71.06","18-25","Otro","True","40.824999999999996","177.83333333333334","7.833333333333333","4.0","71.59333333333333","3.8333333333333335","0","0","3","Digital"
"CLI001198","postpago","177","True","True","OF005","True","True","False","OF022","228.99","46-55","La Libertad","False","56.895","156.83333333333334","8.833333333333334","0.0","228.27333333333334","12.166666666666666","1","3","9","Digital"
"CLI001199","postpago","145","True","True","OF008","True","True","False","OF021","194.36","18-25","Lambayeque","True","47.27333333333333","131.66666666666666","6.5","2.0","194.04333333333332","5.666666666666667","1","0","7","Tienda"
"CLI001200","postpago","112","True","True","OF005","True","False","True","OF002","54.13","26-35","Lima","True","20.538333333333334","214.16666666666666","8.5","3.0","53.458333333333336","0.0","0","0","7","Tienda"
"CLI001201","postpago","159","True","True","OF007","False","False","False","OF002","49.46","36-45","Lima","True","17.453333333333333","170.33333333333334","6.666666666666667","2.8333333333333335","49.315","3.5","1","0","5","Call In"
"CLI001202","postpago","86","True","False","","False","False","False","OF004","88.1","46-55","Piura","True","57.62833333333333","192.5","9.5","3.6666666666666665","89.46333333333332","8.5","1","0","2","Tienda"
"CLI001203","postpago","178","True","True","OF006","True","False","True","OF004","92.97","56-65","Lima","True","67.66666666666667","213.66666666666666","8.166666666666666","2.8333333333333335","91.115","12.166666666666666","2","3","6","Digital"
"CLI001204","postpago","138","True","False","","False","False","False","OF002","58.89","26-35","Cusco","True","20.04","164.83333333333334","9.166666666666666","3.6666666666666665","58.97333333333333","0.0","0","0","2","Call In"
"CLI001205","postpago","118","True","False","","False","False","False","OF003","75.03","26-35","Ica","True","37.98","193.83333333333334","7.166666666666667","2.6666666666666665","74.12833333333333","7.833333333333333","1","0","4","Digital"
"CLI001206","prepago","163","True","True","OF007","False","False","False","OF002","60.2","18-25","Cusco","False","15.396666666666667","216.0","7.166666666666667","0.0","60.05833333333334","21.0","2","0","7","Digital"
"CLI001207","prepago","93","True","True","OF006","True","False","False","OF003","74.99","36-45","Lambayeque","True","40.39333333333334","199.83333333333334","9.333333333333334","2.1666666666666665","75.89","0.0","0","0","4","Call In"
"CLI001208","postpago","130","True","False","","False","False","False","OF004","97.04","18-25","Arequipa","True","56.129999999999995","211.0","6.666666666666667","3.0","98.33","0.0","0","0","2","Digital"
"CLI001209","postpago","52","True","False","","False","False","False","OF001","43.06","36-45","Lima","True","8.93","186.33333333333334","8.666666666666666","2.3333333333333335","42.56","12.833333333333334","2","0","3","Digital"
"CLI001210","prepago","174","True","True","OF008","True","False","False","OF001","35.32","36-45","La Libertad","True","7.133333333333333","161.0","5.833333333333333","3.8333333333333335","35.63666666666666","4.0","1","0","10","Digital"
"CLI001211","prepago","113","True","False","","False","False","False","OF003","76.58","26-35","Lima","True","30.205000000000002","259.3333333333333","8.333333333333334","2.5","77.34666666666666","8.833333333333334","1","0","5","Call In"
"CLI001212","postpago","141","True","False","","False","False","False","OF001","39.77","26-35","Lima","True","7.501666666666666","175.16666666666666","7.833333333333333","3.0","40.14666666666667","6.666666666666667","1","0","1","Digital"
"CLI001213","postpago","83","True","False","","False","False","False","OF004","93.27","56-65","Lima","True","53.07833333333334","99.33333333333333","6.166666666666667","2.5","93.02833333333332","14.833333333333334","3","0","5","Call In"
"CLI001214","postpago","157","True","False","","False","False","False","OF002","60.74","46-55","Cusco","False","19.221666666666668","227.5","10.5","0.0","61.065","15.666666666666666","2","2","7","Digital"
"CLI001215","postpago","14","True","True","OF005","True","False","True","OF001","37.65","36-45","La Libertad","False","8.833333333333334","201.0","6.333333333333333","0.0","38.44833333333333","27.5","4","2","5","Digital"
"CLI001216","postpago","21","True","True","OF008","True","False","True","OF003","90.84","26-35","Otro","True","38.90833333333333","173.83333333333334","8.0","3.0","92.49666666666667","20.5","4","2","6","Digital"
"CLI001217","prepago","92","True","False","","False","False","False","OF001","40.84","26-35","Arequipa","True","9.583333333333334","216.33333333333334","6.0","3.6666666666666665","40.14833333333333","13.833333333333334","2","0","8","Call Out"
"CLI001218","postpago","132","True","False","","False","False","False","OF003","91.7","26-35","Junin","False","37.74166666666667","160.5","7.333333333333333","0.0","89.91000000000001","0.0","0","0","13","Tienda"
"CLI001219","prepago","146","True","False","","False","False","False","OF001","44.18","56-65","Otro","False","8.121666666666666","206.83333333333334","6.333333333333333","0.0","43.826666666666675","3.3333333333333335","1","0","5","Digital"
"CLI001220","postpago","80","True","True","OF009","True","False","True","OF002","55.99","26-35","Lima","True","14.093333333333334","163.66666666666666","8.166666666666666","2.1666666666666665","55.251666666666665","0.0","0","0","1","Tienda"
"CLI001221","prepago","117","True","True","OF006","True","False","False","OF003","82.52","18-25","Lima","True","37.21333333333333","164.0","9.166666666666666","3.0","82.34166666666667","8.0","1","0","0",""
"CLI001222","","100","False","True","OF005","True","False","False","OF005","85.31","56-65","Lima","False","2.6733333333333333","199.0","7.333333333333333","0.0","86.21499999999999","0.0","0","0","2","Digital"
"CLI001223","postpago","174","True","True","OF009","True","True","False","OF021","184.97","36-45","Otro","False","53.376666666666665","196.66666666666666","7.5","0.0","187.81333333333336","9.833333333333334","2","0","10","Digital"
"CLI001224","","118","False","True","OF006","True","False","False","OF006","119.57","26-35","Lambayeque","False","2.1983333333333333","185.83333333333334","7.666666666666667","0.0","120.37","6.666666666666667","1","0","4","Digital"
"CLI001225","postpago","76","True","True","OF007","False","False","False","OF004","89.98","18-25","Lima","False","63.223333333333336","225.16666666666666","5.333333333333333","0.0","89.52666666666666","4.333333333333333","1","0","4","Tienda"
"CLI001226","prepago","175","True","False","","False","False","False","OF004","101.62","26-35","Lima","True","75.505","246.5","8.333333333333334","3.0","102.64666666666666","8.666666666666666","1","0","4","Call In"
"CLI001227","prepago","20","True","False","","False","False","False","OF002","56.5","36-45","Lima","True","19.495","187.33333333333334","7.333333333333333","2.6666666666666665","57.074999999999996","13.166666666666666","2","0","12","Digital"
"CLI001228","postpago","178","True","False","","False","False","False","OF003","85.89","56-65","Lambayeque","True","41.76833333333334","202.5","6.833333333333333","3.5","85.96499999999999","0.0","0","1","3","Call Out"
"CLI001229","prepago","28","True","False","","False","False","False","OF001","42.24","18-25","La Libertad","False","8.23","137.33333333333334","7.5","0.0","43.281666666666666","12.833333333333334","2","0","4","Call In"
"CLI001230","postpago","52","True","False","","False","False","False","OF001","36.59","26-35","Cusco","True","8.44","185.83333333333334","8.833333333333334","3.6666666666666665","36.45166666666667","8.666666666666666","1","0","8","Digital"
"CLI001231","","148","False","True","OF008","True","False","False","OF008","109.82","26-35","Cusco","False","2.25","189.33333333333334","7.833333333333333","0.0","110.98666666666666","0.0","0","0","8","Digital"
"CLI001232","","133","False","True","OF008","True","False","False","OF008","143.02","26-35","Lima","False","1.5433333333333332","208.83333333333334","7.833333333333333","0.0","139.21833333333333","0.0","0","0","12","Digital"
"CLI001233","postpago","175","True","False","","False","False","False","OF001","40.51","46-55","Lima","True","9.99","232.5","7.666666666666667","3.5","41.13","9.833333333333334","1","0","7","Digital"
"CLI001234","prepago","135","True","False","","False","False","False","OF002","59.57","26-35","Lima","False","17.31","218.66666666666666","8.5","0.0","58.531666666666666","6.0","1","0","7","Tienda"
"CLI001235","postpago","115","True","True","OF007","False","False","False","OF004","90.42","56-65","Cusco","True","59.635","202.33333333333334","9.166666666666666","2.8333333333333335","90.67333333333333","9.5","1","1","5","Digital"
"CLI001236","postpago","63","True","True","OF008","True","False","True","OF004","101.52","26-35","Otro","True","59.82","196.66666666666666","9.833333333333334","2.6666666666666665","102.92833333333333","4.333333333333333","0","0","3","Call In"
"CLI001237","","1","False","True","OF005","True","False","False","OF005","83.64","46-55","Lima","True","2.2383333333333333","158.5","10.333333333333334","2.8333333333333335","85.50166666666667","5.0","1","0","7","Call In"
"CLI001238","postpago","23","True","False","","False","False","False","OF003","80.44","36-45","Lambayeque","True","45.155","188.66666666666666","7.0","2.3333333333333335","78.88","14.833333333333334","2","0","12","Tienda"
"CLI001239","prepago","54","True","True","OF006","True","False","False","OF002","65.31","36-45","Lambayeque","False","19.521666666666665","178.66666666666666","6.333333333333333","0.0","66.79166666666667","10.833333333333334","1","0","6","Digital"
"CLI001240","postpago","8","True","True","OF005","True","True","False","OF022","216.63","46-55","Lima","True","59.21","160.33333333333334","8.5","3.0","217.875","4.666666666666667","1","0","7","Digital"
"CLI001241","postpago","92","True","False","","False","False","False","OF002","56.8","36-45","Lima","True","21.183333333333334","143.5","9.333333333333334","3.6666666666666665","56.99166666666667","0.0","0","0","4","Digital"
"CLI001242","prepago","140","True","False","","False","False","False","OF001","38.25","46-55","La Libertad","True","6.245","185.0","7.833333333333333","2.6666666666666665","38.51","10.333333333333334","2","0","6","Digital"
"CLI001243","prepago","174","True","False","","False","False","False","OF002","60.66","36-45","Lima","True","22.166666666666668","146.66666666666666","8.166666666666666","2.5","60.01","0.0","0","0","2","Digital"
"CLI001244","prepago","89","True","False","","False","False","False","OF004","83.91","46-55","Ica","True","70.63333333333334","157.33333333333334","8.333333333333334","3.1666666666666665","82.83166666666666","18.333333333333332","3","1","6","Tienda"
"CLI001245","prepago","158","True","False","","False","False","False","OF001","35.49","18-25","Lima","True","8.943333333333333","244.33333333333334","6.333333333333333","2.1666666666666665","35.61833333333333","8.0","1","0","5","Digital"
"CLI001246","prepago","178","True","True","OF006","True","False","False","OF001","43.47","36-45","Lima","True","9.781666666666666","117.83333333333333","6.833333333333333","3.8333333333333335","43.35166666666667","12.5","2","0","1","Digital"
"CLI001247","postpago","155","True","False","","False","False","False","OF002","58.82","56-65","Junin","True","20.34166666666667","201.83333333333334","10.166666666666666","4.5","58.449999999999996","6.166666666666667","1","0","8","Tienda"
"CLI001248","postpago","84","True","True","OF010","True","False","True","OF003","79.79","36-45","Lima","True","42.18666666666667","163.66666666666666","7.166666666666667","3.3333333333333335","78.96499999999999","2.0","0","0","4","Call Out"
"CLI001249","postpago","59","True","True","OF006","True","True","False","OF022","248.13","46-55","Otro","True","51.876666666666665","147.83333333333334","8.0","3.5","250.22166666666666","0.0","0","0","3","Digital"
"CLI001250","prepago","177","True","True","OF005","True","False","False","OF004","106.35","65+","Lima","True","56.77166666666667","162.66666666666666","8.5","4.166666666666667","105.96499999999999","9.5","1","0","3","Call Out"
"CLI001251","postpago","44","True","True","OF005","True","True","False","OF020","149.18","26-35","La Libertad","False","19.186666666666667","180.33333333333334","8.666666666666666","0.0","150.46666666666667","6.333333333333333","1","0","2","Digital"
"CLI001252","postpago","75","True","False","","False","False","False","OF001","42.78","46-55","Lambayeque","True","10.343333333333334","216.33333333333334","8.166666666666666","4.333333333333333","43.17166666666666","0.0","0","0","6","Digital"
"CLI001253","prepago","14","True","True","OF010","True","False","False","OF002","63.71","56-65","Lima","False","20.381666666666664","172.5","7.0","0.0","63.01166666666666","8.666666666666666","1","0","11","Tienda"
"CLI001254","prepago","143","True","True","OF009","True","False","False","OF001","37.61","18-25","Arequipa","False","10.533333333333333","225.66666666666666","8.333333333333334","0.0","36.98833333333334","9.0","1","0","6","Digital"
"CLI001255","postpago","117","True","True","OF005","True","True","False","OF022","218.29","26-35","Arequipa","True","62.199999999999996","122.83333333333333","8.833333333333334","2.5","220.39333333333332","10.0","1","0","5","Digital"
"CLI001256","postpago","16","True","False","","False","False","False","OF001","41.93","26-35","Lambayeque","True","8.973333333333333","225.83333333333334","7.0","3.1666666666666665","41.72333333333333","18.0","2","0","5","Call Out"
"CLI001257","postpago","40","True","True","OF009","True","True","False","OF020","145.48","56-65","Lima","True","19.53","150.0","8.333333333333334","4.833333333333333","145.91","11.0","2","0","3","Call In"
"CLI001258","postpago","100","True","False","","False","False","False","OF002","59.15","65+","Lima","True","18.615","121.33333333333333","8.333333333333334","2.5","59.95666666666667","1.8333333333333333","0","0","15","Tienda"
"CLI001259","postpago","98","True","True","OF006","True","False","True","OF004","95.24","56-65","Arequipa","True","53.56","64.83333333333333","9.333333333333334","2.1666666666666665","95.25333333333333","6.333333333333333","1","0","6","Digital"
"CLI001260","prepago","145","True","True","OF006","True","False","False","OF004","92.38","36-45","Otro","True","55.775","140.16666666666666","9.5","2.6666666666666665","91.245","10.833333333333334","2","3","5","Digital"
"CLI001261","postpago","48","True","False","","False","False","False","OF002","61.91","36-45","Piura","True","20.64166666666667","130.83333333333334","8.166666666666666","1.8333333333333333","61.528333333333336","11.666666666666666","2","0","3","Tienda"
"CLI001262","postpago","167","True","True","OF005","True","True","False","OF021","210.44","18-25","Otro","True","35.49","166.0","7.333333333333333","3.6666666666666665","212.76833333333332","0.0","0","0","8","Call In"
"CLI001263","postpago","81","True","False","","False","False","False","OF002","64.36","65+","Lima","True","20.436666666666667","165.0","10.0","3.6666666666666665","65.13833333333334","9.333333333333334","1","0","5","Digital"
"CLI001264","postpago","149","True","False","","False","False","False","OF001","35.59","56-65","Ica","False","8.385","197.0","9.166666666666666","0.0","35.99166666666667","4.833333333333333","1","0","5","Call Out"
"CLI001265","postpago","43","True","True","OF008","True","True","False","OF022","272.77","36-45","Junin","True","52.77","247.0","8.166666666666666","3.0","276.60499999999996","15.333333333333334","2","0","5","Call Out"
"CLI001266","postpago","7","True","False","","False","False","False","OF002","51.96","18-25","Lima","True","22.14","194.83333333333334","8.0","3.1666666666666665","52.0","22.833333333333332","3","0","10","Call In"
"CLI001267","prepago","10","True","False","","False","False","False","OF002","61.52","56-65","Lambayeque","False","20.798333333333336","201.5","7.5","0.0","61.53333333333333","7.5","1","0","7","Call In"
"CLI001268","prepago","68","True","False","","False","False","False","OF003","78.97","56-65","Lambayeque","True","37.56","151.83333333333334","8.666666666666666","5.5","78.35166666666667","0.0","0","0","4","Call In"
"CLI001269","prepago","172","True","False","","False","False","False","OF002","66.01","65+","Piura","False","12.171666666666667","194.66666666666666","8.333333333333334","0.0","64.705","7.5","1","0","6","Call Out"
"CLI001270","postpago","9","True","True","OF008","True","True","False","OF022","223.79","36-45","Lima","True","61.01333333333334","250.5","6.666666666666667","3.8333333333333335","224.51166666666666","8.333333333333334","1","3","4","Call Out"
"CLI001271","prepago","67","True","False","","False","False","False","OF003","80.96","26-35","Arequipa","True","40.58166666666667","191.0","7.666666666666667","2.8333333333333335","82.67333333333333","5.666666666666667","1","0","7","Call In"
"CLI001272","prepago","20","True","False","","False","False","False","OF001","39.67","26-35","Lima","True","8.435","187.16666666666666","7.0","2.3333333333333335","38.638333333333335","20.0","4","0","6","Call Out"
"CLI001273","prepago","168","True","False","","False","False","False","OF001","38.43","36-45","Otro","True","8.778333333333334","200.0","9.0","3.5","39.406666666666666","3.6666666666666665","1","0","8","Tienda"
"CLI001274","postpago","122","True","True","OF009","True","False","True","OF004","108.68","56-65","Lambayeque","False","56.02333333333333","216.0","8.5","0.0","108.99666666666667","4.5","1","0","2","Digital"
"CLI001275","prepago","138","True","True","OF005","True","False","False","OF004","91.38","18-25","Otro","True","52.335","121.66666666666667","7.666666666666667","2.8333333333333335","90.04333333333334","9.5","1","0","4","Digital"
"CLI001276","prepago","129","True","False","","False","False","False","OF001","43.98","36-45","Lima","True","8.763333333333334","262.5","7.5","2.8333333333333335","43.28666666666667","4.666666666666667","1","0","11","Digital"
"CLI001277","postpago","119","True","True","OF008","True","True","False","OF021","205.19","56-65","Arequipa","True","34.805","156.16666666666666","8.833333333333334","2.3333333333333335","203.9316666666667","7.0","1","0","8","Digital"
"CLI001278","prepago","140","True","True","OF008","True","False","False","OF001","42.31","26-35","Lima","True","12.511666666666665","122.66666666666667","8.166666666666666","3.5","42.715","7.166666666666667","1","0","5","Call Out"
"CLI001279","prepago","2","True","False","","False","False","False","OF001","44.05","36-45","La Libertad","True","8.603333333333333","77.5","5.5","2.1666666666666665","44.68166666666667","10.5","2","0","5","Call Out"
"CLI001280","postpago","156","True","True","OF009","True","True","False","OF022","226.2","46-55","Piura","True","68.35333333333334","166.83333333333334","10.5","3.8333333333333335","227.27166666666668","3.3333333333333335","1","0","3","Call Out"
"CLI001281","postpago","134","True","False","","False","False","False","OF003","85.66","36-45","Otro","False","34.339999999999996","191.33333333333334","8.0","0.0","86.15166666666666","8.5","1","0","4","Digital"
"CLI001282","postpago","134","True","True","OF005","True","False","True","OF001","44.77","36-45","Lima","True","7.778333333333333","184.5","7.833333333333333","3.5","45.665","22.5","3","0","5","Digital"
"CLI001283","postpago","71","True","True","OF005","True","True","False","OF020","140.63","46-55","Junin","True","22.623333333333335","176.5","7.0","3.5","143.47666666666666","9.833333333333334","1","0","8","Digital"
"CLI001284","postpago","145","True","True","OF006","True","False","True","OF002","60.43","26-35","Ica","True","21.40833333333333","175.83333333333334","9.5","3.8333333333333335","60.00333333333333","14.5","2","0","5","Digital"
"CLI001285","prepago","69","True","False","","False","False","False","OF004","98.15","46-55","Arequipa","True","66.845","181.16666666666666","8.5","2.8333333333333335","98.23166666666667","3.1666666666666665","1","0","8","Tienda"
"CLI001286","prepago","9","True","True","OF005","True","False","False","OF002","53.97","56-65","Lima","True","21.981666666666666","128.33333333333334","7.333333333333333","2.5","53.49333333333333","24.0","3","0","8","Digital"
"CLI001287","prepago","164","True","False","","False","False","False","OF002","66.73","18-25","Lima","True","21.59","191.5","7.833333333333333","2.1666666666666665","67.14999999999999","2.3333333333333335","0","0","10","Tienda"
"CLI001288","postpago","43","True","True","OF005","True","True","False","OF020","135.16","18-25","Cusco","True","26.926666666666666","159.16666666666666","6.166666666666667","3.3333333333333335","133.90666666666667","5.666666666666667","1","2","3","Digital"
"CLI001289","postpago","19","True","True","OF007","False","False","False","OF001","42.22","18-25","Lambayeque","True","9.876666666666667","151.5","8.166666666666666","4.166666666666667","41.98","12.333333333333334","2","0","8","Call Out"
"CLI001290","prepago","112","True","False","","False","False","False","OF003","88.66","46-55","Junin","False","46.75833333333333","133.83333333333334","6.666666666666667","0.0","90.96833333333332","6.166666666666667","1","0","3","Call In"
"CLI001291","prepago","43","True","True","OF005","True","False","False","OF004","106.79","26-35","Otro","True","51.56166666666667","137.0","6.5","3.0","105.27499999999999","4.0","0","2","4","Call In"
"CLI001292","prepago","155","True","True","OF010","True","False","False","OF004","100.89","36-45","La Libertad","False","66.07000000000001","244.5","8.166666666666666","0.0","99.86500000000001","18.5","2","0","6","Digital"
"CLI001293","postpago","80","True","False","","False","False","False","OF001","39.61","46-55","Arequipa","True","9.218333333333334","179.33333333333334","7.833333333333333","2.3333333333333335","39.525","11.166666666666666","2","0","5","Call Out"
"CLI001294","prepago","1","True","False","","False","False","False","OF004","85.38","36-45","Lima","True","50.498333333333335","189.83333333333334","7.166666666666667","3.5","84.62","13.666666666666666","3","0","6","Digital"
"CLI001295","postpago","172","True","True","OF006","True","True","False","OF022","229.89","36-45","Lima","True","60.00333333333333","154.83333333333334","9.0","3.3333333333333335","229.49333333333334","0.0","0","0","2","Digital"
"CLI001296","postpago","93","True","True","OF007","False","False","False","OF001","40.88","56-65","Lima","True","7.973333333333334","239.5","8.0","3.6666666666666665","40.916666666666664","11.833333333333334","2","0","7","Call Out"
"CLI001297","prepago","48","True","True","OF010","True","False","False","OF002","61.57","36-45","Junin","False","21.211666666666666","211.16666666666666","9.333333333333334","0.0","60.10666666666666","0.0","0","0","6","Tienda"
"CLI001298","postpago","122","True","False","","False","False","False","OF001","44.79","56-65","Otro","False","8.66","125.16666666666667","7.666666666666667","0.0","45.33166666666667","0.0","0","0","4","Call Out"
"CLI001299","prepago","96","True","False","","False","False","False","OF003","76.96","36-45","La Libertad","True","35.94166666666667","104.0","8.0","2.8333333333333335","77.94166666666666","23.166666666666668","3","0","5","Digital"
"CLI001300","postpago","6","True","True","OF006","True","False","True","OF001","41.63","26-35","Otro","False","9.871666666666668","125.16666666666667","9.0","0.0","42.455","8.833333333333334","2","0","3","Digital"
"CLI001301","","137","False","True","OF006","True","False","False","OF006","106.11","26-35","Lima","True","2.235","179.83333333333334","7.333333333333333","1.8333333333333333","107.055","0.0","0","0","8","Tienda"
"CLI001302","prepago","73","True","True","OF006","True","False","False","OF004","98.88","46-55","Piura","True","59.44833333333333","154.33333333333334","6.833333333333333","2.5","96.71833333333332","21.0","3","3","2","Call In"
"CLI001303","postpago","126","True","True","OF005","True","True","False","OF021","187.09","36-45","Arequipa","True","34.39666666666667","152.0","7.833333333333333","2.0","187.69000000000003","0.0","0","0","5","Call In"
"CLI001304","postpago","162","True","False","","False","False","False","OF001","40.53","46-55","Lima","True","12.354999999999999","222.16666666666666","8.333333333333334","3.6666666666666665","39.846666666666664","7.666666666666667","1","0","6","Call In"
"CLI001305","prepago","110","True","True","OF010","True","False","False","OF001","40.63","36-45","Lima","True","8.736666666666666","157.83333333333334","7.0","2.6666666666666665","40.335","3.0","1","0","7","Digital"
"CLI001306","prepago","121","True","True","OF006","True","False","False","OF003","73.47","56-65","Cusco","False","36.778333333333336","161.0","10.333333333333334","0.0","72.67666666666666","10.5","1","0","4","Tienda"
"CLI001307","postpago","46","True","True","OF008","True","True","False","OF021","185.55","26-35","Lima","True","48.163333333333334","128.0","8.666666666666666","3.6666666666666665","182.54666666666665","0.0","0","0","6","Digital"
"CLI001308","prepago","43","True","False","","False","False","False","OF003","82.24","46-55","Lima","True","44.870000000000005","229.66666666666666","7.0","3.3333333333333335","80.74","2.5","0","0","7","Call In"
"CLI001309","postpago","75","True","False","","False","False","False","OF003","69.05","26-35","Lima","False","37.291666666666664","137.16666666666666","8.0","0.0","68.54833333333333","14.166666666666666","2","0","3","Tienda"
"CLI001310","prepago","154","True","True","OF007","False","False","False","OF004","102.81","18-25","Lima","True","41.87","199.83333333333334","8.0","3.5","100.74666666666667","14.666666666666666","2","0","5","Call Out"
"CLI001311","postpago","95","True","False","","False","False","False","OF003","102.63","36-45","Lima","True","31.24","210.5","9.166666666666666","2.3333333333333335","103.26166666666666","4.833333333333333","1","0","1","Tienda"
"CLI001312","postpago","63","True","True","OF007","False","False","False","OF003","82.0","26-35","Piura","True","36.22833333333333","206.16666666666666","8.0","4.0","80.86666666666666","7.0","1","2","8","Digital"
"CLI001313","postpago","141","True","False","","False","False","False","OF003","98.3","18-25","Lima","False","35.17333333333333","124.5","7.333333333333333","0.0","96.86666666666667","12.166666666666666","2","0","8","Tienda"
"CLI001314","postpago","154","True","True","OF008","True","False","True","OF004","91.43","26-35","Lima","True","53.11333333333334","209.66666666666666","9.666666666666666","3.3333333333333335","89.72833333333334","0.0","0","0","7","Call In"
"CLI001315","postpago","163","True","False","","False","False","False","OF001","43.55","65+","Lima","False","7.506666666666667","175.83333333333334","7.166666666666667","0.0","43.85166666666667","9.833333333333334","1","0","8","Digital"
"CLI001316","postpago","54","True","False","","False","False","False","OF002","57.09","56-65","Lima","True","20.67833333333333","145.83333333333334","8.0","3.1666666666666665","57.31166666666667","2.1666666666666665","0","0","4","Tienda"
"CLI001317","prepago","128","True","False","","False","False","False","OF002","61.77","65+","Piura","False","22.19666666666667","157.66666666666666","8.833333333333334","0.0","62.24666666666667","5.0","1","0","6","Digital"
"CLI001318","postpago","107","True","False","","False","False","False","OF001","45.56","18-25","Piura","True","8.94","239.16666666666666","7.166666666666667","4.166666666666667","46.11833333333334","5.5","1","0","10","Call In"
"CLI001319","postpago","81","True","True","OF005","True","True","False","OF020","154.45","26-35","Arequipa","True","25.333333333333332","201.83333333333334","8.166666666666666","2.3333333333333335","153.37833333333333","0.0","0","0","11","Digital"
"CLI001320","postpago","72","True","False","","False","False","False","OF002","59.75","26-35","Otro","True","13.786666666666667","171.33333333333334","8.333333333333334","3.1666666666666665","57.93","17.333333333333332","2","0","9","Digital"
"CLI001321","postpago","21","True","True","OF008","True","False","True","OF003","66.31","46-55","Junin","True","31.543333333333333","174.33333333333334","8.833333333333334","3.5","65.46833333333333","21.666666666666668","3","0","7","Digital"
"CLI001322","prepago","50","True","False","","False","False","False","OF002","51.68","65+","La Libertad","False","24.048333333333332","174.0","7.666666666666667","0.0","50.565","7.0","1","0","6","Digital"
"CLI001323","postpago","99","True","True","OF005","True","False","True","OF002","61.65","26-35","Ica","True","14.326666666666666","154.33333333333334","8.833333333333334","3.5","62.08833333333333","9.5","1","0","3","Call In"
"CLI001324","prepago","160","True","False","","False","False","False","OF002","66.77","36-45","Lima","True","19.584999999999997","189.0","7.5","3.5","66.32333333333334","2.0","0","0","8","Digital"
"CLI001325","prepago","156","True","True","OF005","True","False","False","OF002","65.48","18-25","Arequipa","True","19.97","237.66666666666666","8.0","2.8333333333333335","66.17999999999999","7.833333333333333","1","0","4","Tienda"
"CLI001326","prepago","34","True","False","","False","False","False","OF003","86.87","36-45","Arequipa","True","35.36333333333334","203.83333333333334","9.5","3.5","88.54","15.0","2","0","10","Digital"
"CLI001327","postpago","123","True","True","OF005","True","True","False","OF022","243.7","56-65","Lima","True","64.86999999999999","220.0","8.0","5.0","242.12833333333333","9.166666666666666","2","2","4","Call In"
"CLI001328","prepago","16","True","False","","False","False","False","OF004","101.75","36-45","Ica","False","60.69333333333333","166.16666666666666","7.666666666666667","0.0","103.185","5.0","1","2","9","Digital"
"CLI001329","postpago","122","True","True","OF009","True","False","True","OF001","38.24","36-45","Lima","True","8.445","205.16666666666666","6.5","2.5","38.175","14.5","2","0","7","Call In"
"CLI001330","postpago","62","True","False","","False","False","False","OF002","60.87","36-45","Lima","True","23.115","141.66666666666666","7.833333333333333","3.5","59.41166666666667","1.3333333333333333","0","0","3","Call In"
"CLI001331","prepago","81","True","False","","False","False","False","OF004","89.15","36-45","Lambayeque","False","65.40166666666667","224.16666666666666","7.666666666666667","0.0","88.39166666666667","0.0","0","0","4","Tienda"
"CLI001332","postpago","130","True","False","","False","False","False","OF002","66.15","26-35","Lima","True","17.993333333333332","199.33333333333334","9.333333333333334","3.0","65.76166666666667","7.333333333333333","1","0","3","Call In"
"CLI001333","prepago","77","True","True","OF006","True","False","False","OF004","96.45","46-55","Lima","True","47.665","215.83333333333334","7.666666666666667","2.0","96.76666666666667","4.166666666666667","1","0","5","Call In"
"CLI001334","","146","False","True","OF008","True","False","False","OF008","116.42","36-45","Arequipa","True","2.348333333333333","179.33333333333334","8.333333333333334","2.6666666666666665","117.83666666666666","0.0","0","0","7","Digital"
"CLI001335","postpago","97","True","True","OF010","True","False","True","OF003","82.24","26-35","Otro","True","29.605","173.5","7.333333333333333","2.3333333333333335","82.33999999999999","5.833333333333333","1","0","3","Call Out"
"CLI001336","postpago","180","True","True","OF008","True","False","True","OF001","40.35","36-45","Lima","False","9.615","169.66666666666666","8.666666666666666","0.0","39.07333333333333","6.166666666666667","1","0","5","Digital"
"CLI001337","prepago","115","True","True","OF006","True","False","False","OF002","62.67","18-25","Lima","True","20.738333333333333","186.16666666666666","6.833333333333333","2.1666666666666665","62.45333333333334","0.0","0","0","6","Digital"
"CLI001338","prepago","54","True","True","OF008","True","False","False","OF002","61.45","18-25","Ica","True","18.206666666666667","203.83333333333334","7.333333333333333","2.8333333333333335","62.71666666666667","2.0","0","0","7","Tienda"
"CLI001339","prepago","140","True","True","OF006","True","False","False","OF001","36.26","18-25","Lima","False","10.295","195.33333333333334","8.333333333333334","0.0","36.115","12.0","2","0","7","Digital"
"CLI001340","postpago","74","True","True","OF010","True","False","True","OF004","98.7","56-65","Otro","True","71.67","171.0","6.5","2.3333333333333335","99.36166666666666","5.5","1","0","11","Tienda"
"CLI001341","","97","False","True","OF008","True","False","False","OF008","132.49","26-35","Lima","True","2.0500000000000003","167.16666666666666","8.833333333333334","4.0","133.10333333333332","3.6666666666666665","1","0","8","Call Out"
"CLI001342","postpago","25","True","True","OF007","False","False","False","OF001","46.5","65+","Lima","True","9.6","173.33333333333334","6.166666666666667","3.1666666666666665","46.12166666666667","37.833333333333336","6","0","4","Digital"
"CLI001343","postpago","22","True","False","","False","False","False","OF004","96.74","26-35","La Libertad","True","59.58833333333333","141.33333333333334","6.5","2.6666666666666665","97.09666666666665","18.166666666666668","2","0","4","Call In"
"CLI001344","postpago","104","True","True","OF006","True","True","False","OF020","170.5","26-35","Lima","False","23.771666666666665","144.16666666666666","8.0","0.0","174.11166666666668","2.6666666666666665","1","0","4","Digital"
"CLI001345","postpago","34","True","False","","False","False","False","OF003","89.48","46-55","Arequipa","True","32.711666666666666","171.33333333333334","6.833333333333333","1.3333333333333333","90.375","6.166666666666667","1","0","6","Digital"
"CLI001346","postpago","180","True","True","OF007","False","False","False","OF002","60.31","26-35","Lima","True","14.941666666666668","153.16666666666666","8.333333333333334","2.5","59.919999999999995","0.0","0","0","7","Tienda"
"CLI001347","prepago","155","True","True","OF008","True","False","False","OF004","102.79","56-65","Lima","True","50.26500000000001","183.33333333333334","7.833333333333333","3.3333333333333335","102.43166666666667","4.166666666666667","1","3","6","Tienda"
"CLI001348","prepago","127","True","True","OF008","True","False","False","OF002","58.34","36-45","Lima","True","18.246666666666666","140.83333333333334","9.333333333333334","2.5","57.211666666666666","0.0","0","2","2","Call In"
"CLI001349","prepago","133","True","False","","False","False","False","OF001","38.15","18-25","Lima","True","10.26","200.66666666666666","7.5","2.6666666666666665","38.645","12.166666666666666","2","0","6","Digital"
"CLI001350","","108","False","True","OF006","True","False","False","OF006","103.08","65+","Junin","True","2.01","159.5","7.0","2.0","101.39999999999999","8.5","1","0","7","Tienda"
"CLI001351","postpago","11","True","False","","False","False","False","OF002","59.68","26-35","Lima","True","20.858333333333334","193.5","7.333333333333333","2.1666666666666665","60.65333333333333","16.0","2","0","7","Tienda"
"CLI001352","postpago","71","True","True","OF005","True","True","False","OF021","230.07","26-35","Piura","True","47.815","234.0","7.666666666666667","2.6666666666666665","232.18833333333336","0.0","0","3","10","Digital"
"CLI001353","postpago","90","True","True","OF006","True","False","True","OF001","46.17","56-65","Cusco","True","9.421666666666667","189.5","7.333333333333333","3.0","45.56666666666666","8.5","2","0","3","Call In"
"CLI001354","postpago","165","True","False","","False","False","False","OF001","43.88","26-35","Arequipa","True","7.11","116.33333333333333","6.666666666666667","2.3333333333333335","44.623333333333335","3.6666666666666665","1","0","8","Digital"
"CLI001355","prepago","40","True","False","","False","False","False","OF004","98.26","46-55","La Libertad","True","51.65","153.33333333333334","9.0","2.5","96.31","23.5","3","0","4","Call In"
"CLI001356","prepago","90","True","False","","False","False","False","OF002","60.53","18-25","La Libertad","False","23.035","228.83333333333334","6.833333333333333","0.0","61.135","0.0","0","0","2","Tienda"
"CLI001357","postpago","62","True","True","OF008","True","False","True","OF001","41.87","56-65","Lima","True","7.341666666666666","146.0","7.166666666666667","2.3333333333333335","41.526666666666664","0.0","0","0","2","Call In"
"CLI001358","prepago","25","True","False","","False","False","False","OF001","50.29","26-35","Otro","False","9.07","223.16666666666666","8.666666666666666","0.0","50.23166666666666","5.666666666666667","1","0","5","Digital"
"CLI001359","postpago","19","True","True","OF009","True","False","True","OF003","85.75","26-35","Arequipa","True","35.78","217.16666666666666","9.333333333333334","2.5","85.04833333333333","22.666666666666668","3","2","7","Call In"
"CLI001360","prepago","66","True","False","","False","False","False","OF004","81.21","65+","Lima","True","46.835","209.33333333333334","10.166666666666666","2.5","81.14833333333333","10.833333333333334","2","3","5","Digital"
"CLI001361","prepago","15","True","True","OF005","True","False","False","OF002","66.16","46-55","Arequipa","True","21.116666666666667","148.16666666666666","11.0","4.833333333333333","65.88333333333334","12.0","3","0","9","Call In"
"CLI001362","postpago","13","True","True","OF005","True","True","False","OF021","194.28","46-55","Lima","False","39.348333333333336","178.0","6.333333333333333","0.0","197.71333333333334","11.166666666666666","2","0","5","Digital"
"CLI001363","prepago","64","True","False","","False","False","False","OF004","121.19","36-45","Junin","True","68.31666666666666","154.0","7.833333333333333","1.8333333333333333","122.71999999999998","15.833333333333334","3","0","8","Digital"
"CLI001364","prepago","37","True","True","OF009","True","False","False","OF004","115.09","46-55","Lima","True","56.60999999999999","147.16666666666666","7.333333333333333","3.0","117.98666666666668","4.333333333333333","1","0","7","Tienda"
"CLI001365","postpago","100","True","False","","False","False","False","OF004","106.66","26-35","La Libertad","True","45.63999999999999","233.83333333333334","8.333333333333334","3.8333333333333335","106.69833333333332","0.0","0","0","9","Tienda"
"CLI001366","postpago","4","True","False","","False","False","False","OF003","80.37","36-45","Lima","True","40.67333333333334","192.66666666666666","8.166666666666666","3.1666666666666665","80.925","19.5","4","1","5","Tienda"
"CLI001367","postpago","55","True","True","OF010","True","False","True","OF002","56.68","26-35","Lima","True","24.485","219.33333333333334","9.333333333333334","4.333333333333333","58.08833333333333","13.666666666666666","2","1","3","Call Out"
"CLI001368","","82","False","True","OF006","True","False","False","OF006","121.41","26-35","Otro","True","1.9066666666666665","215.66666666666666","8.666666666666666","2.8333333333333335","123.05","8.0","1","0","9","Digital"
"CLI001369","postpago","174","True","False","","False","False","False","OF003","78.46","18-25","Cusco","True","51.31166666666667","111.0","7.166666666666667","2.6666666666666665","78.61166666666666","0.0","0","3","8","Tienda"
"CLI001370","postpago","115","True","True","OF007","False","False","False","OF002","55.77","46-55","Lima","True","21.203333333333333","163.16666666666666","6.833333333333333","4.333333333333333","55.10833333333333","9.833333333333334","1","3","3","Digital"
"CLI001371","prepago","159","True","False","","False","False","False","OF003","86.92","26-35","Lima","True","37.37166666666666","138.0","6.833333333333333","3.6666666666666665","87.125","0.0","0","3","12","Digital"
"CLI001372","prepago","62","True","True","OF007","False","False","False","OF001","39.99","36-45","Lima","True","9.705","125.5","7.0","1.6666666666666667","40.11666666666667","2.1666666666666665","0","0","8","Digital"
"CLI001373","prepago","81","True","False","","False","False","False","OF002","57.44","36-45","Lima","False","15.986666666666666","117.16666666666667","8.333333333333334","0.0","57.788333333333334","0.0","0","0","8","Tienda"
"CLI001374","postpago","76","True","True","OF009","True","False","True","OF003","76.12","18-25","Lima","True","42.001666666666665","180.5","7.666666666666667","3.5","74.30333333333333","0.0","0","0","2","Call In"
"CLI001375","prepago","160","True","True","OF005","True","False","False","OF002","59.72","26-35","Ica","False","24.10166666666667","165.5","8.666666666666666","0.0","58.781666666666666","6.166666666666667","1","0","5","Tienda"
"CLI001376","","173","False","True","OF007","False","False","False","OF007","61.05","26-35","Ica","True","2.6916666666666664","177.33333333333334","9.666666666666666","1.5","60.673333333333325","0.0","0","0","6","Digital"
"CLI001377","postpago","174","True","True","OF005","True","False","True","OF001","38.95","18-25","Lima","True","10.281666666666666","182.66666666666666","7.666666666666667","2.5","39.788333333333334","0.0","0","0","2","Digital"
"CLI001378","postpago","136","True","False","","False","False","False","OF003","88.92","46-55","Otro","False","49.355","139.33333333333334","7.833333333333333","0.0","88.69","4.666666666666667","1","1","6","Digital"
"CLI001379","prepago","91","True","False","","False","False","False","OF003","72.51","36-45","Lima","True","38.02833333333333","158.33333333333334","7.5","4.5","72.44333333333333","4.0","1","0","6","Tienda"
"CLI001380","prepago","98","True","False","","False","False","False","OF001","42.94","36-45","Lima","True","9.816666666666666","202.83333333333334","8.833333333333334","1.6666666666666667","43.074999999999996","3.8333333333333335","1","0","10","Digital"
"CLI001381","prepago","177","True","True","OF008","True","False","False","OF003","78.7","18-25","Lambayeque","True","32.595","147.83333333333334","8.0","2.8333333333333335","78.25166666666667","5.666666666666667","1","0","4","Tienda"
"CLI001382","postpago","52","True","False","","False","False","False","OF001","32.69","36-45","Ica","True","8.758333333333333","193.83333333333334","9.166666666666666","3.3333333333333335","32.67666666666667","4.5","1","0","4","Digital"
"CLI001383","postpago","63","True","True","OF008","True","False","True","OF002","57.73","26-35","Lima","False","17.974999999999998","168.33333333333334","8.0","0.0","58.14333333333334","5.0","1","0","6","Tienda"
"CLI001384","prepago","162","True","False","","False","False","False","OF003","71.72","18-25","Lima","True","37.48833333333334","216.83333333333334","8.166666666666666","2.5","71.44500000000001","0.0","0","0","8","Digital"
"CLI001385","prepago","70","True","False","","False","False","False","OF001","36.98","36-45","Lima","False","8.743333333333334","142.16666666666666","8.666666666666666","0.0","37.031666666666666","9.0","1","0","6","Call In"
"CLI001386","postpago","43","True","False","","False","False","False","OF004","108.64","46-55","Lima","True","39.778333333333336","155.33333333333334","8.0","2.8333333333333335","107.81666666666666","0.0","0","0","11","Tienda"
"CLI001387","","101","False","True","OF008","True","False","False","OF008","131.87","18-25","Ica","True","2.1983333333333337","204.33333333333334","8.0","2.5","133.85166666666666","0.0","0","0","5","Digital"
"CLI001388","prepago","59","True","False","","False","False","False","OF002","60.24","18-25","Lima","False","15.87","191.0","6.0","0.0","59.68333333333334","3.1666666666666665","1","0","6","Digital"
"CLI001389","postpago","161","True","True","OF010","True","True","False","OF020","141.91","46-55","Otro","True","18.68166666666667","140.83333333333334","7.166666666666667","3.1666666666666665","142.435","0.0","0","0","3","Tienda"
"CLI001390","prepago","164","True","True","OF008","True","False","False","OF002","54.59","26-35","Lima","False","18.216666666666665","159.0","8.333333333333334","0.0","54.18166666666667","7.5","1","0","6","Digital"
"CLI001391","postpago","56","True","False","","False","False","False","OF004","90.23","26-35","Junin","True","70.79166666666667","150.66666666666666","7.333333333333333","2.3333333333333335","88.77333333333333","11.5","1","0","3","Tienda"
"CLI001392","prepago","96","True","False","","False","False","False","OF003","78.85","65+","Arequipa","True","33.714999999999996","152.66666666666666","7.833333333333333","2.1666666666666665","79.06333333333333","8.333333333333334","2","0","12","Call In"
"CLI001393","postpago","178","True","False","","False","False","False","OF004","93.52","26-35","Piura","True","53.306666666666665","196.33333333333334","7.0","4.333333333333333","93.13","1.8333333333333333","0","0","9","Call In"
"CLI001394","prepago","134","True","False","","False","False","False","OF003","91.6","46-55","Lima","True","36.016666666666666","167.83333333333334","9.5","2.8333333333333335","90.73666666666666","9.0","1","0","12","Digital"
"CLI001395","postpago","39","True","False","","False","False","False","OF003","87.01","46-55","Lima","False","34.04333333333333","205.66666666666666","8.833333333333334","0.0","88.12833333333333","21.833333333333332","3","0","3","Digital"
"CLI001396","prepago","107","True","False","","False","False","False","OF001","39.15","26-35","Lima","False","11.503333333333332","148.66666666666666","9.0","0.0","38.751666666666665","0.0","0","0","6","Call In"
"CLI001397","prepago","112","True","False","","False","False","False","OF004","91.47","36-45","Lima","False","63.30833333333333","184.16666666666666","6.5","0.0","90.50333333333333","13.833333333333334","2","0","5","Call In"
"CLI001398","prepago","118","True","True","OF006","True","False","False","OF001","42.98","36-45","Lambayeque","True","9.013333333333334","189.83333333333334","6.666666666666667","3.0","43.254999999999995","9.666666666666666","1","0","2","Call Out"
"CLI001399","postpago","5","True","False","","False","False","False","OF001","37.83","26-35","Lima","True","9.168333333333333","102.66666666666667","7.666666666666667","3.0","37.501666666666665","13.166666666666666","2","0","8","Tienda"
"CLI001400","prepago","54","True","False","","False","False","False","OF002","60.13","26-35","Lima","True","18.378333333333334","181.16666666666666","6.833333333333333","3.6666666666666665","60.24166666666667","9.166666666666666","2","0","8","Digital"
"CLI001401","postpago","154","True","False","","False","False","False","OF002","67.04","65+","Lambayeque","False","16.506666666666664","162.66666666666666","8.0","0.0","66.94833333333334","10.833333333333334","1","0","5","Tienda"
"CLI001402","prepago","44","True","False","","False","False","False","OF003","81.56","26-35","Lima","False","43.653333333333336","194.0","7.333333333333333","0.0","81.82000000000001","12.166666666666666","2","0","6","Call In"
"CLI001403","postpago","54","True","True","OF009","True","True","False","OF022","264.49","46-55","Junin","True","52.49333333333334","178.66666666666666","9.166666666666666","3.0","265.955","0.0","0","1","9","Tienda"
"CLI001404","postpago","59","True","False","","False","False","False","OF002","62.61","36-45","Lima","True","21.028333333333332","129.33333333333334","8.666666666666666","3.1666666666666665","62.23166666666666","23.666666666666668","3","0","5","Tienda"
"CLI001405","postpago","32","True","False","","False","False","False","OF001","36.73","36-45","Arequipa","True","9.68","234.66666666666666","8.666666666666666","3.3333333333333335","36.589999999999996","5.666666666666667","1","0","2","Call In"
"CLI001406","","28","False","True","OF005","True","False","False","OF005","95.17","36-45","Lima","False","2.36","166.33333333333334","10.166666666666666","0.0","94.56666666666666","14.5","2","3","4","Digital"
"CLI001407","prepago","63","True","False","","False","False","False","OF003","80.66","36-45","Lima","True","24.57166666666667","142.5","5.333333333333333","2.8333333333333335","80.87666666666667","5.333333333333333","1","1","1","Tienda"
"CLI001408","postpago","158","True","False","","False","False","False","OF003","80.85","36-45","Junin","False","40.33166666666666","229.0","8.666666666666666","0.0","79.89999999999999","1.6666666666666667","0","0","1","Digital"
"CLI001409","prepago","1","True","True","OF005","True","False","False","OF004","112.39","36-45","Lima","False","52.01166666666666","203.5","7.5","0.0","112.42166666666667","21.166666666666668","4","0","6","Call Out"
"CLI001410","prepago","51","True","True","OF008","True","False","False","OF001","37.51","46-55","Arequipa","True","8.87","207.33333333333334","8.5","4.333333333333333","38.125","9.166666666666666","1","0","7","Digital"
"CLI001411","postpago","11","True","False","","False","False","False","OF003","99.16","56-65","Lima","False","34.21666666666667","160.5","8.166666666666666","0.0","99.45","21.833333333333332","4","0","5","Digital"
"CLI001412","postpago","102","True","True","OF009","True","True","False","OF020","138.52","26-35","Lima","False","24.040000000000003","195.0","6.833333333333333","0.0","138.27666666666667","1.0","0","0","5","Digital"
"CLI001413","postpago","46","True","False","","False","False","False","OF004","100.54","18-25","Cusco","True","49.99","175.66666666666666","9.0","2.5","100.41000000000001","15.166666666666666","2","1","9","Digital"
"CLI001414","prepago","143","True","False","","False","False","False","OF001","46.22","46-55","Lambayeque","True","7.696666666666666","220.33333333333334","9.0","2.3333333333333335","44.84833333333333","4.166666666666667","1","0","1","Digital"
"CLI001415","postpago","106","True","False","","False","False","False","OF003","75.04","26-35","Lima","True","47.093333333333334","263.8333333333333","9.0","2.8333333333333335","75.115","0.0","0","0","7","Digital"
"CLI001416","","142","False","True","OF008","True","False","False","OF008","123.2","56-65","Lima","False","2.0066666666666664","198.66666666666666","8.333333333333334","0.0","122.505","2.5","0","0","9","Tienda"
"CLI001417","postpago","115","True","False","","False","False","False","OF004","100.17","18-25","Piura","True","57.72666666666667","192.83333333333334","7.333333333333333","2.6666666666666665","101.34499999999998","13.5","2","0","7","Digital"
"CLI001418","prepago","79","True","False","","False","False","False","OF003","80.38","18-25","Lima","True","41.358333333333334","145.5","9.5","3.0","79.82833333333333","0.0","0","2","7","Digital"
"CLI001419","postpago","155","True","False","","False","False","False","OF003","75.54","26-35","Lima","False","34.343333333333334","148.83333333333334","9.333333333333334","0.0","75.09333333333333","9.5","2","0","5","Tienda"
"CLI001420","postpago","86","True","False","","False","False","False","OF004","95.37","18-25","Cusco","False","56.968333333333334","208.5","5.5","0.0","94.08666666666666","0.0","0","0","3","Call In"
"CLI001421","prepago","171","True","True","OF008","True","False","False","OF003","81.01","46-55","Lima","True","39.76166666666666","198.33333333333334","8.333333333333334","2.1666666666666665","80.25666666666667","7.833333333333333","2","0","5","Digital"
"CLI001422","prepago","180","True","True","OF009","True","False","False","OF003","85.55","26-35","Lima","True","40.376666666666665","86.83333333333333","7.166666666666667","2.1666666666666665","85.96","0.0","0","0","13","Digital"
"CLI001423","postpago","107","True","False","","False","False","False","OF004","77.1","56-65","Lima","True","66.34166666666665","148.83333333333334","6.5","3.5","77.28","0.0","0","2","5","Call In"
"CLI001424","postpago","122","True","True","OF008","True","True","False","OF022","264.53","26-35","Piura","True","64.67333333333333","194.33333333333334","8.166666666666666","2.8333333333333335","260.26","0.0","0","0","5","Tienda"
"CLI001425","postpago","47","True","False","","False","False","False","OF002","63.98","46-55","Lima","False","19.919999999999998","249.5","7.833333333333333","0.0","64.75166666666667","5.166666666666667","1","0","4","Call In"
"CLI001426","postpago","147","True","True","OF005","True","False","True","OF003","87.53","46-55","La Libertad","True","40.665","151.0","6.5","3.5","87.24833333333333","1.6666666666666667","0","0","4","Digital"
"CLI001427","postpago","121","True","False","","False","False","False","OF004","92.41","26-35","Lima","True","57.88","250.33333333333334","7.0","3.5","92.36333333333334","0.0","0","0","4","Tienda"
"CLI001428","postpago","163","True","True","OF006","True","False","True","OF003","78.76","56-65","Arequipa","False","34.821666666666665","219.5","9.666666666666666","0.0","77.52333333333333","0.0","0","0","7","Digital"
"CLI001429","prepago","49","True","False","","False","False","False","OF002","59.49","26-35","Otro","True","20.351666666666667","199.5","7.666666666666667","3.0","60.571666666666665","0.0","0","0","7","Digital"
"CLI001430","prepago","142","True","True","OF007","False","False","False","OF002","56.92","36-45","Lima","False","24.403333333333332","196.33333333333334","8.833333333333334","0.0","57.875","1.8333333333333333","0","1","4","Digital"
"CLI001431","prepago","85","True","False","","False","False","False","OF004","104.82","26-35","Lima","True","50.028333333333336","188.66666666666666","7.666666666666667","3.8333333333333335","104.53666666666668","0.0","0","0","6","Digital"
"CLI001432","prepago","34","True","False","","False","False","False","OF004","108.33","36-45","La Libertad","True","55.31","154.66666666666666","9.0","2.3333333333333335","109.19833333333334","17.666666666666668","2","0","6","Call Out"
"CLI001433","postpago","31","True","False","","False","False","False","OF004","96.9","18-25","Lima","False","58.175000000000004","194.0","9.166666666666666","0.0","94.83333333333333","6.666666666666667","1","2","4","Call In"
"CLI001434","prepago","102","True","False","","False","False","False","OF003","84.4","26-35","Arequipa","False","41.385","249.66666666666666","7.666666666666667","0.0","83.66333333333334","18.833333333333332","3","0","9","Tienda"
"CLI001435","prepago","58","True","False","","False","False","False","OF002","59.03","56-65","Lima","True","24.135","162.16666666666666","9.0","4.333333333333333","58.24333333333333","9.333333333333334","1","0","3","Digital"
"CLI001436","postpago","19","True","True","OF009","True","False","True","OF001","40.59","46-55","Otro","True","5.858333333333333","183.0","8.166666666666666","1.5","40.335","16.5","3","1","5","Call In"
"CLI001437","","77","False","True","OF009","True","False","False","OF009","109.7","56-65","Junin","False","2.026666666666667","202.33333333333334","7.833333333333333","0.0","109.91666666666667","16.166666666666668","2","0","11","Digital"
"CLI001438","","118","False","True","OF006","True","False","False","OF006","122.27","46-55","Lambayeque","True","1.035","130.0","8.666666666666666","3.1666666666666665","122.12","14.833333333333334","2","0","2","Digital"
"CLI001439","prepago","58","True","True","OF009","True","False","False","OF001","39.3","36-45","Piura","False","8.246666666666668","172.83333333333334","7.333333333333333","0.0","38.82833333333333","0.0","0","0","4","Call In"
"CLI001440","","172","False","True","OF008","True","False","False","OF008","132.4","56-65","Arequipa","True","2.7466666666666666","182.16666666666666","7.5","3.0","129.57500000000002","0.0","0","0","4","Tienda"
"CLI001441","postpago","141","True","True","OF007","False","False","False","OF004","100.82","36-45","Otro","False","62.031666666666666","165.5","8.5","0.0","103.245","7.333333333333333","1","0","7","Tienda"
"CLI001442","prepago","93","True","True","OF005","True","False","False","OF004","90.13","56-65","Piura","True","63.276666666666664","241.16666666666666","7.166666666666667","3.3333333333333335","89.77166666666666","6.5","1","0","8","Tienda"
"CLI001443","postpago","169","True","False","","False","False","False","OF004","100.75","26-35","Otro","False","70.78333333333333","241.5","7.5","0.0","100.87333333333333","4.0","1","0","7","Digital"
"CLI001444","postpago","78","True","False","","False","False","False","OF003","72.76","36-45","Arequipa","True","38.33","180.16666666666666","9.166666666666666","3.1666666666666665","72.20666666666666","8.666666666666666","1","0","5","Call In"
"CLI001445","postpago","26","True","True","OF008","True","False","True","OF004","99.01","36-45","Lambayeque","True","53.91","213.5","7.833333333333333","4.166666666666667","98.70666666666666","11.166666666666666","2","0","5","Tienda"
"CLI001446","postpago","7","True","False","","False","False","False","OF001","34.73","18-25","Lima","True","7.605","183.66666666666666","7.333333333333333","2.3333333333333335","34.74666666666666","17.5","3","0","4","Call Out"
"CLI001447","prepago","169","True","False","","False","False","False","OF002","61.5","26-35","Arequipa","True","21.53","150.16666666666666","8.5","3.3333333333333335","62.423333333333325","0.0","0","0","5","Digital"
"CLI001448","prepago","173","True","True","OF007","False","False","False","OF001","39.45","56-65","Cusco","True","8.268333333333333","135.33333333333334","6.0","1.6666666666666667","39.681666666666665","12.0","2","3","7","Call In"
"CLI001449","prepago","134","True","False","","False","False","False","OF004","91.44","36-45","Arequipa","True","48.16833333333333","144.16666666666666","8.333333333333334","3.3333333333333335","91.235","3.1666666666666665","1","1","3","Digital"
"CLI001450","postpago","19","True","True","OF006","True","False","True","OF002","53.06","18-25","Ica","True","23.94333333333333","207.33333333333334","9.5","2.5","52.62166666666667","25.333333333333332","4","0","3","Call Out"
"CLI001451","postpago","53","True","False","","False","False","False","OF003","79.77","65+","Lima","True","27.33","215.0","8.166666666666666","2.1666666666666665","81.69666666666667","9.0","1","0","3","Call Out"
"CLI001452","prepago","8","True","True","OF007","False","False","False","OF004","99.29","56-65","Lambayeque","True","53.53666666666667","210.0","7.833333333333333","3.0","98.255","27.0","4","3","3","Digital"
"CLI001453","postpago","10","True","False","","False","False","False","OF001","35.26","46-55","Lima","True","6.811666666666667","188.16666666666666","10.666666666666666","4.0","35.031666666666666","8.0","1","0","9","Digital"
"CLI001454","postpago","45","True","True","OF008","True","False","True","OF003","81.89","26-35","Lima","False","44.38999999999999","221.33333333333334","8.5","0.0","81.50333333333333","0.0","0","0","7","Digital"
"CLI001455","prepago","103","True","False","","False","False","False","OF001","41.93","26-35","Lima","True","8.875","246.5","8.166666666666666","1.8333333333333333","41.723333333333336","9.0","1","0","7","Digital"
"CLI001456","prepago","12","True","False","","False","False","False","OF001","49.62","56-65","Otro","True","9.445","135.66666666666666","5.333333333333333","3.8333333333333335","50.446666666666665","0.0","0","0","4","Call Out"
"CLI001457","prepago","178","True","False","","False","False","False","OF004","90.76","18-25","Junin","False","70.155","200.83333333333334","6.166666666666667","0.0","89.12166666666667","2.8333333333333335","1","0","4","Tienda"
"CLI001458","postpago","82","True","False","","False","False","False","OF003","82.96","26-35","Lima","True","36.73","232.83333333333334","8.0","2.5","83.17","5.666666666666667","1","2","9","Call In"
"CLI001459","postpago","48","True","False","","False","False","False","OF004","97.14","26-35","Lima","True","57.568333333333335","155.83333333333334","6.833333333333333","1.6666666666666667","99.34499999999998","10.0","1","0","4","Call In"
"CLI001460","prepago","93","True","False","","False","False","False","OF003","82.96","46-55","La Libertad","False","42.525","205.0","8.5","0.0","84.72833333333334","9.666666666666666","1","0","5","Call In"
"CLI001461","postpago","143","True","False","","False","False","False","OF001","37.02","26-35","Cusco","True","7.793333333333333","150.33333333333334","9.333333333333334","3.8333333333333335","37.038333333333334","9.666666666666666","1","0","4","Digital"
"CLI001462","prepago","57","True","False","","False","False","False","OF002","62.28","56-65","Cusco","True","17.441666666666666","154.5","7.0","3.0","62.46","7.5","1","0","4","Digital"
"CLI001463","prepago","9","True","False","","False","False","False","OF001","44.85","46-55","Lima","True","7.033333333333334","153.33333333333334","9.166666666666666","2.6666666666666665","45.34833333333333","0.0","0","0","5","Digital"
"CLI001464","postpago","10","True","False","","False","False","False","OF002","52.21","65+","Junin","True","17.400000000000002","201.66666666666666","6.833333333333333","2.5","51.835","19.166666666666668","3","1","6","Call Out"
"CLI001465","postpago","154","True","True","OF008","True","False","True","OF001","41.65","26-35","Lima","True","9.253333333333332","211.16666666666666","6.833333333333333","3.8333333333333335","42.406666666666666","0.0","0","0","8","Tienda"
"CLI001466","postpago","21","True","False","","False","False","False","OF002","55.9","36-45","Lima","True","16.28833333333333","214.0","6.666666666666667","4.0","56.62833333333333","17.5","3","0","8","Digital"
"CLI001467","postpago","115","True","False","","False","False","False","OF004","108.09","36-45","La Libertad","True","54.07333333333333","196.5","6.833333333333333","3.5","108.98333333333333","7.166666666666667","1","0","7","Digital"
"CLI001468","postpago","70","True","True","OF006","True","False","True","OF001","46.64","65+","Cusco","True","9.968333333333334","193.66666666666666","7.666666666666667","4.166666666666667","46.24166666666667","0.0","0","0","2","Digital"
"CLI001469","postpago","140","True","False","","False","False","False","OF003","80.05","26-35","Lambayeque","True","39.208333333333336","193.33333333333334","10.0","1.5","79.49666666666666","5.166666666666667","1","0","5","Digital"
"CLI001470","prepago","11","True","False","","False","False","False","OF003","78.08","26-35","Lima","True","39.305","124.83333333333333","6.0","3.8333333333333335","78.78166666666665","6.166666666666667","2","0","7","Tienda"
"CLI001471","postpago","162","True","False","","False","False","False","OF002","62.05","36-45","Lima","True","20.868333333333332","203.0","6.5","2.8333333333333335","62.065","4.666666666666667","1","0","3","Call In"
"CLI001472","postpago","126","True","False","","False","False","False","OF003","76.76","36-45","Junin","False","44.88833333333333","125.33333333333333","6.0","0.0","75.45833333333333","0.0","0","0","6","Tienda"
"CLI001473","postpago","81","True","True","OF010","True","True","False","OF021","179.68","26-35","Cusco","False","47.151666666666664","179.83333333333334","7.0","0.0","176.68833333333336","7.0","1","2","11","Tienda"
"CLI001474","postpago","38","True","True","OF005","True","False","True","OF004","100.15","36-45","Lima","True","46.395","151.0","7.833333333333333","3.0","99.00833333333333","14.166666666666666","2","3","0",""
"CLI001475","postpago","176","True","False","","False","False","False","OF003","80.26","26-35","Lima","True","29.19666666666667","167.0","6.166666666666667","2.6666666666666665","81.20333333333333","6.166666666666667","1","0","6","Tienda"
"CLI001476","postpago","55","True","True","OF008","True","True","False","OF022","251.22","26-35","Lima","False","61.27666666666667","209.66666666666666","9.0","0.0","252.93833333333336","0.0","0","0","9","Digital"
"CLI001477","prepago","89","True","False","","False","False","False","OF001","34.45","18-25","Lima","True","8.613333333333333","180.33333333333334","7.333333333333333","1.8333333333333333","33.98833333333334","0.0","0","0","6","Tienda"
"CLI001478","postpago","71","True","True","OF005","True","False","True","OF004","104.92","36-45","Lima","False","68.40333333333334","186.16666666666666","7.166666666666667","0.0","104.45166666666667","7.833333333333333","1","0","3","Call Out"
"CLI001479","postpago","42","True","False","","False","False","False","OF002","68.34","26-35","Lima","False","22.266666666666666","225.83333333333334","7.666666666666667","0.0","69.36","6.5","1","0","7","Digital"
"CLI001480","postpago","75","True","True","OF008","True","False","True","OF002","59.2","18-25","Lima","True","21.840000000000003","251.16666666666666","8.333333333333334","2.3333333333333335","58.446666666666665","3.0","1","0","7","Digital"
"CLI001481","prepago","28","True","False","","False","False","False","OF004","91.63","36-45","Lima","False","54.72333333333333","155.5","8.333333333333334","0.0","90.35166666666667","7.833333333333333","1","0","5","Digital"
"CLI001482","prepago","1","True","False","","False","False","False","OF003","80.9","18-25","Lima","False","43.001666666666665","164.33333333333334","6.833333333333333","0.0","81.66833333333334","13.333333333333334","3","0","7","Call In"
"CLI001483","postpago","53","True","True","OF005","True","False","True","OF004","99.26","36-45","Lima","False","68.25","133.16666666666666","8.333333333333334","0.0","100.39333333333333","12.166666666666666","2","2","3","Call Out"
"CLI001484","prepago","21","True","False","","False","False","False","OF002","58.45","36-45","La Libertad","False","19.81","163.33333333333334","9.5","0.0","57.461666666666666","6.5","1","0","1","Tienda"
"CLI001485","prepago","75","True","False","","False","False","False","OF001","32.44","36-45","Junin","True","9.715000000000002","153.83333333333334","6.833333333333333","2.1666666666666665","33.29833333333334","0.8333333333333334","0","0","5","Call Out"
"CLI001486","prepago","156","True","False","","False","False","False","OF001","35.08","18-25","Lima","True","9.865","188.16666666666666","10.166666666666666","2.6666666666666665","34.84166666666667","0.0","0","0","6","Digital"
"CLI001487","postpago","30","True","False","","False","False","False","OF001","46.59","18-25","Lima","True","7.491666666666667","129.0","5.833333333333333","3.6666666666666665","46.64666666666667","6.666666666666667","1","0","4","Digital"
"CLI001488","postpago","1","True","False","","False","False","False","OF004","96.16","36-45","La Libertad","True","61.34666666666667","186.0","8.333333333333334","2.8333333333333335","96.21333333333332","28.166666666666668","4","1","6","Digital"
"CLI001489","prepago","20","True","False","","False","False","False","OF003","79.09","18-25","Junin","True","30.96666666666667","202.83333333333334","7.666666666666667","2.6666666666666665","77.995","4.0","1","0","3","Digital"
"CLI001490","postpago","92","True","False","","False","False","False","OF002","63.35","18-25","Lima","True","19.046666666666667","189.33333333333334","8.666666666666666","2.6666666666666665","63.0","16.0","3","0","6","Digital"
"CLI001491","postpago","50","True","False","","False","False","False","OF002","63.71","46-55","Ica","True","16.598333333333333","136.33333333333334","9.5","2.3333333333333335","64.97500000000001","6.5","1","2","9","Tienda"
"CLI001492","postpago","89","True","False","","False","False","False","OF001","44.69","26-35","Lima","False","8.056666666666667","247.33333333333334","10.0","0.0","45.01333333333333","21.5","3","0","4","Call Out"
"CLI001493","postpago","6","True","False","","False","False","False","OF001","35.09","36-45","Piura","True","9.568333333333333","135.66666666666666","7.166666666666667","3.3333333333333335","35.185","12.333333333333334","2","3","2","Digital"
"CLI001494","prepago","60","True","True","OF006","True","False","False","OF002","61.81","18-25","Arequipa","False","19.691666666666666","116.66666666666667","6.5","0.0","61.26833333333334","1.1666666666666667","0","0","4","Digital"
"CLI001495","postpago","74","True","True","OF009","True","False","True","OF001","37.43","26-35","Lambayeque","True","9.138333333333334","189.83333333333334","10.666666666666666","4.333333333333333","37.73833333333334","1.6666666666666667","0","0","13","Tienda"
"CLI001496","prepago","78","True","False","","False","False","False","OF004","89.3","56-65","Lima","False","61.525","112.0","6.833333333333333","0.0","89.49166666666667","0.0","0","0","3","Tienda"
"CLI001497","prepago","100","True","True","OF008","True","False","False","OF003","70.67","46-55","Lambayeque","True","29.795","147.83333333333334","9.666666666666666","2.8333333333333335","70.31166666666667","0.0","0","0","0",""
"CLI001498","prepago","141","True","True","OF005","True","False","False","OF001","42.24","26-35","Lima","True","9.56","155.0","7.5","2.6666666666666665","42.1","2.3333333333333335","0","0","4","Digital"
"CLI001499","postpago","85","True","True","OF006","True","True","False","OF021","201.76","26-35","Lima","True","49.778333333333336","141.16666666666666","9.333333333333334","1.6666666666666667","202.41833333333332","15.833333333333334","3","0","3","Digital"
"CLI001500","","152","False","True","OF010","True","False","False","OF010","161.01","36-45","Lima","True","1.7683333333333333","199.5","7.333333333333333","2.8333333333333335","163.81666666666666","6.5","1","0","3","Digital"
"CLI001501","postpago","96","True","False","","False","False","False","OF004","102.07","36-45","La Libertad","True","62.81","185.33333333333334","8.833333333333334","3.0","102.71166666666666","0.0","0","0","3","Call In"
"CLI001502","postpago","47","True","False","","False","False","False","OF004","102.52","36-45","Piura","True","57.64000000000001","179.0","9.666666666666666","2.5","102.36333333333333","18.5","2","0","8","Call In"
"CLI001503","prepago","42","True","True","OF005","True","False","False","OF001","46.71","26-35","Piura","True","8.976666666666667","131.0","8.0","2.6666666666666665","46.428333333333335","4.5","1","1","7","Tienda"
"CLI001504","prepago","59","True","True","OF007","False","False","False","OF003","66.34","56-65","Arequipa","True","40.211666666666666","184.66666666666666","9.833333333333334","3.3333333333333335","66.47333333333334","5.333333333333333","1","0","6","Digital"
"CLI001505","prepago","108","True","False","","False","False","False","OF001","38.77","46-55","Piura","True","9.998333333333333","189.16666666666666","9.0","3.3333333333333335","38.67166666666667","9.333333333333334","2","0","6","Digital"
"CLI001506","prepago","44","True","False","","False","False","False","OF002","56.59","36-45","La Libertad","False","15.005","88.16666666666667","7.5","0.0","56.975","10.666666666666666","2","0","5","Tienda"
"CLI001507","postpago","165","True","True","OF010","True","False","True","OF002","63.01","56-65","Arequipa","True","19.05333333333333","207.0","8.5","3.3333333333333335","62.348333333333336","4.0","1","0","2","Call In"
"CLI001508","postpago","87","True","True","OF010","True","True","False","OF020","179.73","26-35","Lima","True","27.311666666666667","264.6666666666667","7.833333333333333","2.8333333333333335","181.39333333333332","6.5","1","0","5","Digital"
"CLI001509","postpago","156","True","False","","False","False","False","OF001","35.38","26-35","Otro","True","7.308333333333334","190.0","7.833333333333333","2.3333333333333335","35.733333333333334","0.0","0","0","6","Call Out"
"CLI001510","postpago","123","True","False","","False","False","False","OF001","36.96","26-35","Lima","True","7.28","192.0","7.833333333333333","4.0","36.78","10.0","2","0","9","Digital"
"CLI001511","postpago","61","True","False","","False","False","False","OF004","103.58","26-35","Lambayeque","True","50.71","145.83333333333334","8.166666666666666","3.1666666666666665","103.78666666666668","6.5","1","0","5","Digital"
"CLI001512","prepago","42","True","True","OF007","False","False","False","OF002","57.45","18-25","Cusco","True","16.453333333333333","192.66666666666666","7.166666666666667","1.8333333333333333","57.25333333333333","15.666666666666666","2","0","4","Call In"
"CLI001513","postpago","134","True","True","OF005","True","False","True","OF003","67.06","56-65","Lima","True","41.88833333333333","195.16666666666666","9.333333333333334","4.0","67.16333333333334","9.333333333333334","2","3","7","Digital"
"CLI001514","prepago","60","True","False","","False","False","False","OF002","63.53","56-65","Otro","True","14.173333333333332","209.66666666666666","8.0","3.3333333333333335","64.77166666666666","1.5","0","0","11","Digital"
"CLI001515","prepago","45","True","False","","False","False","False","OF004","112.01","36-45","Lima","True","44.64000000000001","183.16666666666666","8.333333333333334","4.5","110.76166666666666","0.8333333333333334","0","1","8","Digital"
"CLI001516","postpago","168","True","False","","False","False","False","OF004","90.43","36-45","Lima","True","54.73666666666667","192.16666666666666","7.666666666666667","2.5","88.94833333333334","7.833333333333333","2","0","5","Call In"
"CLI001517","prepago","87","True","False","","False","False","False","OF002","65.02","26-35","Otro","False","17.305","185.83333333333334","8.166666666666666","0.0","65.33","0.0","0","0","5","Tienda"
"CLI001518","postpago","9","True","False","","False","False","False","OF004","92.35","18-25","Piura","False","60.29","177.66666666666666","9.0","0.0","93.83333333333333","26.666666666666668","4","0","5","Digital"
"CLI001519","postpago","90","True","False","","False","False","False","OF003","89.68","36-45","Lambayeque","True","33.055","178.66666666666666","8.333333333333334","2.1666666666666665","87.25","0.0","0","0","4","Call In"
"CLI001520","prepago","83","True","True","OF009","True","False","False","OF004","105.07","36-45","Ica","True","57.10999999999999","158.16666666666666","8.5","2.1666666666666665","103.23166666666667","0.0","0","0","7","Digital"
"CLI001521","prepago","156","True","False","","False","False","False","OF004","98.45","46-55","Lima","False","68.75166666666667","162.16666666666666","6.5","0.0","100.185","8.166666666666666","1","0","9","Digital"
"CLI001522","postpago","129","True","True","OF010","True","False","True","OF003","84.93","36-45","Lambayeque","True","33.10166666666667","199.16666666666666","8.166666666666666","2.6666666666666665","86.545","12.333333333333334","2","0","5","Tienda"
"CLI001523","postpago","35","True","False","","False","False","False","OF002","55.1","56-65","Lima","True","19.09","184.5","7.833333333333333","2.8333333333333335","55.905","15.666666666666666","3","0","3","Digital"
"CLI001524","postpago","28","True","False","","False","False","False","OF002","65.1","26-35","Lima","True","18.136666666666667","255.66666666666666","7.5","3.0","65.80333333333333","26.833333333333332","4","2","7","Digital"
"CLI001525","","109","False","True","OF005","True","False","False","OF005","86.94","26-35","Lima","True","1.955","199.16666666666666","8.0","3.0","85.72333333333334","5.333333333333333","1","0","1","Call In"
"CLI001526","prepago","9","True","False","","False","False","False","OF001","36.66","18-25","Lima","False","9.886666666666667","216.5","6.0","0.0","36.906666666666666","13.833333333333334","2","0","4","Digital"
"CLI001527","postpago","58","True","False","","False","False","False","OF003","72.93","56-65","Otro","True","33.824999999999996","160.0","8.166666666666666","3.3333333333333335","72.62","6.333333333333333","1","2","6","Tienda"
"CLI001528","prepago","25","True","True","OF005","True","False","False","OF003","66.4","36-45","Piura","True","36.638333333333335","182.66666666666666","7.666666666666667","2.3333333333333335","66.86666666666666","15.0","2","0","5","Call In"
"CLI001529","prepago","4","True","False","","False","False","False","OF001","37.76","26-35","Ica","False","9.361666666666666","130.33333333333334","7.5","0.0","37.70166666666667","15.666666666666666","2","0","5","Call Out"
"CLI001530","prepago","166","True","False","","False","False","False","OF003","82.66","65+","Lima","False","31.45","213.0","8.5","0.0","84.08","1.8333333333333333","0","0","2","Tienda"
"CLI001531","postpago","17","True","False","","False","False","False","OF003","80.77","26-35","Lima","True","32.44833333333333","164.66666666666666","7.0","2.5","79.53333333333333","16.833333333333332","2","3","9","Digital"
"CLI001532","postpago","2","True","False","","False","False","False","OF001","39.44","26-35","Lima","True","9.453333333333333","186.0","8.166666666666666","2.6666666666666665","39.669999999999995","16.0","2","0","1","Call Out"
"CLI001533","prepago","168","True","False","","False","False","False","OF004","99.34","26-35","Piura","False","59.74333333333333","96.83333333333333","10.333333333333334","0.0","99.13666666666667","5.666666666666667","1","0","8","Digital"
"CLI001534","prepago","34","True","True","OF008","True","False","False","OF003","79.07","36-45","Lima","True","35.68666666666667","235.83333333333334","10.666666666666666","2.0","79.01833333333333","15.5","2","0","6","Digital"
"CLI001535","prepago","147","True","False","","False","False","False","OF004","114.91","46-55","Lima","True","60.29333333333333","111.83333333333333","6.0","3.0","114.115","14.0","2","3","3","Call Out"
"CLI001536","prepago","6","True","False","","False","False","False","OF003","72.04","56-65","Cusco","True","31.593333333333334","179.0","9.0","3.0","72.41166666666668","20.333333333333332","3","0","9","Tienda"
"CLI001537","postpago","28","True","False","","False","False","False","OF001","38.46","26-35","Cusco","False","7.166666666666667","152.66666666666666","8.0","0.0","37.86","13.666666666666666","2","0","4","Digital"
"CLI001538","","20","False","True","OF005","True","False","False","OF005","91.59","46-55","Lima","True","1.6033333333333333","198.16666666666666","7.166666666666667","2.6666666666666665","90.685","5.833333333333333","1","0","5","Digital"
"CLI001539","postpago","128","True","False","","False","False","False","OF004","100.29","18-25","Lima","False","51.123333333333335","196.16666666666666","6.333333333333333","0.0","98.13666666666667","0.0","0","0","8","Call In"
"CLI001540","prepago","112","True","False","","False","False","False","OF001","42.81","46-55","Lima","True","10.388333333333334","169.5","9.5","2.3333333333333335","42.59166666666666","0.0","0","0","4","Digital"
"CLI001541","prepago","86","True","False","","False","False","False","OF003","85.78","26-35","Lima","True","41.71333333333333","219.83333333333334","6.5","2.8333333333333335","86.56333333333333","5.666666666666667","1","0","7","Call In"
"CLI001542","prepago","44","True","False","","False","False","False","OF003","84.57","18-25","Arequipa","True","26.74","134.83333333333334","9.5","2.5","86.59166666666665","1.3333333333333333","0","0","8","Digital"
"CLI001543","prepago","16","True","False","","False","False","False","OF002","47.64","26-35","La Libertad","False","17.11","190.16666666666666","9.0","0.0","48.05166666666667","3.8333333333333335","1","0","4","Call Out"
"CLI001544","prepago","103","True","False","","False","False","False","OF002","60.01","56-65","Arequipa","True","19.904999999999998","315.5","10.833333333333334","3.0","60.96333333333333","12.5","2","3","5","Digital"
"CLI001545","prepago","42","True","False","","False","False","False","OF004","98.04","26-35","Lima","False","65.26833333333333","204.33333333333334","7.666666666666667","0.0","98.49000000000001","26.666666666666668","4","3","6","Call In"
"CLI001546","postpago","107","True","True","OF008","True","False","True","OF003","69.49","26-35","Lima","True","39.51833333333333","254.66666666666666","7.833333333333333","3.0","68.67333333333333","7.166666666666667","1","0","10","Digital"
"CLI001547","prepago","124","True","True","OF008","True","False","False","OF002","57.89","26-35","Lima","False","21.78833333333333","228.16666666666666","7.166666666666667","0.0","56.781666666666666","0.0","0","0","12","Tienda"
"CLI001548","prepago","153","True","False","","False","False","False","OF003","81.87","65+","Lima","True","45.08833333333333","98.5","9.166666666666666","3.6666666666666665","81.56333333333333","3.0","1","0","2","Digital"
"CLI001549","postpago","89","True","False","","False","False","False","OF001","39.52","36-45","Junin","True","9.885","207.66666666666666","8.333333333333334","3.6666666666666665","39.45666666666667","4.166666666666667","1","0","6","Digital"
"CLI001550","prepago","1","True","True","OF005","True","False","False","OF004","86.63","56-65","Lima","True","57.12","183.66666666666666","7.5","4.0","86.70166666666667","23.666666666666668","3","0","12","Tienda"
"CLI001551","postpago","51","True","False","","False","False","False","OF001","40.41","18-25","Lima","False","8.453333333333333","186.0","8.0","0.0","40.919999999999995","5.0","1","0","14","Call In"
"CLI001552","postpago","154","True","False","","False","False","False","OF003","77.42","36-45","Otro","True","40.153333333333336","168.16666666666666","8.333333333333334","3.8333333333333335","77.57833333333333","0.0","0","2","5","Digital"
"CLI001553","postpago","96","True","False","","False","False","False","OF001","43.04","36-45","Lima","True","8.906666666666666","160.5","8.833333333333334","2.6666666666666665","43.68666666666667","22.666666666666668","3","0","4","Tienda"
"CLI001554","prepago","112","True","False","","False","False","False","OF002","54.03","26-35","Piura","False","17.816666666666666","203.33333333333334","8.0","0.0","54.98499999999999","0.0","0","0","5","Call Out"
"CLI001555","postpago","83","True","False","","False","False","False","OF004","101.62","36-45","Piura","True","49.123333333333335","168.83333333333334","8.166666666666666","2.1666666666666665","101.68666666666667","0.0","0","0","2","Digital"
"CLI001556","prepago","30","True","True","OF009","True","False","False","OF003","79.43","26-35","Lima","False","35.78","258.1666666666667","7.833333333333333","0.0","79.60166666666667","16.666666666666668","3","0","7","Digital"
"CLI001557","postpago","162","True","False","","False","False","False","OF001","39.04","26-35","Junin","True","9.871666666666666","159.83333333333334","7.666666666666667","2.5","39.215","8.166666666666666","1","0","3","Digital"
"CLI001558","prepago","140","True","False","","False","False","False","OF004","95.73","26-35","Cusco","True","45.07666666666666","153.5","7.833333333333333","2.6666666666666665","97.11166666666666","18.333333333333332","3","0","5","Call In"
"CLI001559","postpago","180","True","True","OF009","True","False","True","OF004","104.77","36-45","Lambayeque","True","34.278333333333336","243.33333333333334","7.333333333333333","3.6666666666666665","104.35833333333333","0.0","0","0","4","Digital"
"CLI001560","prepago","154","True","True","OF010","True","False","False","OF002","63.19","36-45","La Libertad","True","20.076666666666668","162.5","7.5","2.6666666666666665","64.21166666666666","0.0","0","0","6","Call In"
"CLI001561","prepago","53","True","False","","False","False","False","OF002","57.88","26-35","Lambayeque","False","20.926666666666666","180.0","7.166666666666667","0.0","59.10166666666667","0.0","0","0","5","Digital"
"CLI001562","prepago","46","True","False","","False","False","False","OF004","109.04","56-65","La Libertad","True","67.245","192.5","6.833333333333333","3.1666666666666665","109.44166666666666","7.166666666666667","1","0","3","Digital"
"CLI001563","prepago","45","True","True","OF010","True","False","False","OF002","57.9","36-45","Lima","False","16.396666666666665","181.16666666666666","5.833333333333333","0.0","57.083333333333336","6.833333333333333","1","0","5","Digital"
"CLI001564","prepago","166","True","True","OF008","True","False","False","OF004","115.99","36-45","Arequipa","True","60.925000000000004","160.0","8.333333333333334","3.8333333333333335","114.02166666666666","9.666666666666666","1","0","6","Digital"
"CLI001565","postpago","101","True","False","","False","False","False","OF004","104.92","26-35","La Libertad","True","50.57333333333333","164.5","7.5","4.166666666666667","104.51333333333332","8.166666666666666","2","0","4","Call In"
"CLI001566","prepago","82","True","False","","False","False","False","OF002","63.34","46-55","Otro","True","18.19","128.0","8.666666666666666","3.3333333333333335","64.245","4.0","1","0","7","Call Out"
"CLI001567","postpago","175","True","True","OF005","True","True","False","OF021","197.5","18-25","Ica","True","37.85666666666666","186.66666666666666","6.833333333333333","3.0","201.77166666666665","4.166666666666667","1","0","10","Digital"
"CLI001568","postpago","109","True","False","","False","False","False","OF004","102.82","26-35","Arequipa","True","69.37333333333333","180.0","9.166666666666666","2.0","102.46666666666665","7.0","1","1","2","Call In"
"CLI001569","prepago","164","True","False","","False","False","False","OF003","80.15","26-35","La Libertad","True","36.73666666666667","212.5","8.5","3.0","80.395","12.833333333333334","2","0","3","Digital"
"CLI001570","prepago","178","True","False","","False","False","False","OF003","83.94","56-65","Lambayeque","True","39.295","158.5","6.0","2.6666666666666665","83.20333333333333","3.0","0","0","10","Call In"
"CLI001571","postpago","15","True","False","","False","False","False","OF004","90.67","18-25","Junin","True","70.78","137.0","7.666666666666667","3.0","91.64666666666666","11.5","1","0","5","Call In"
"CLI001572","","66","False","True","OF005","True","False","False","OF005","91.46","36-45","La Libertad","True","1.9916666666666665","225.83333333333334","7.5","2.5","92.08666666666666","6.833333333333333","1","0","5","Digital"
"CLI001573","prepago","133","True","False","","False","False","False","OF004","94.35","18-25","Lima","True","53.19833333333333","166.66666666666666","7.333333333333333","2.0","93.77999999999999","11.0","2","0","1","Call In"
"CLI001574","prepago","147","True","True","OF005","True","False","False","OF003","86.67","26-35","Lima","True","34.805","182.33333333333334","9.166666666666666","3.1666666666666665","85.28333333333333","6.333333333333333","1","0","2","Call In"
"CLI001575","postpago","27","True","False","","False","False","False","OF002","63.3","26-35","Otro","True","17.676666666666666","149.0","7.333333333333333","4.0","62.67166666666666","0.0","0","0","6","Digital"
"CLI001576","prepago","58","True","False","","False","False","False","OF004","99.24","18-25","Lambayeque","False","52.48166666666666","176.83333333333334","9.166666666666666","0.0","98.31","0.0","0","0","6","Digital"
"CLI001577","postpago","99","True","False","","False","False","False","OF004","92.97","46-55","Piura","True","54.06333333333333","221.66666666666666","11.0","1.8333333333333333","94.78666666666668","1.8333333333333333","0","0","3","Tienda"
"CLI001578","prepago","144","True","False","","False","False","False","OF002","67.87","18-25","Lima","True","24.301666666666666","135.16666666666666","5.666666666666667","4.0","67.93833333333333","0.0","0","0","9","Call Out"
"CLI001579","postpago","21","True","False","","False","False","False","OF001","35.13","36-45","Lima","True","9.005","213.16666666666666","7.666666666666667","2.3333333333333335","34.95666666666667","8.666666666666666","1","0","7","Tienda"
"CLI001580","prepago","109","True","True","OF006","True","False","False","OF003","70.11","26-35","Lambayeque","True","37.745","200.33333333333334","8.666666666666666","4.166666666666667","68.62","2.6666666666666665","1","0","3","Call Out"
"CLI001581","prepago","54","True","False","","False","False","False","OF004","104.04","18-25","La Libertad","True","65.20333333333333","178.0","7.833333333333333","3.1666666666666665","104.08","0.0","0","0","14","Digital"
"CLI001582","postpago","39","True","False","","False","False","False","OF004","116.57","36-45","Cusco","True","63.71666666666667","204.5","7.333333333333333","1.6666666666666667","117.27333333333333","16.666666666666668","2","2","12","Tienda"
"CLI001583","prepago","93","True","True","OF005","True","False","False","OF001","40.96","26-35","Lima","True","9.048333333333334","229.0","8.833333333333334","2.0","40.36833333333333","22.166666666666668","4","0","6","Call In"
"CLI001584","","75","False","True","OF009","True","False","False","OF009","130.96","18-25","Arequipa","False","1.7783333333333333","207.5","5.166666666666667","0.0","130.15333333333334","3.3333333333333335","1","0","3","Tienda"
"CLI001585","postpago","115","True","False","","False","False","False","OF004","108.17","18-25","Cusco","True","51.64333333333334","137.33333333333334","8.0","4.0","107.63666666666666","9.166666666666666","1","2","5","Digital"
"CLI001586","postpago","58","True","False","","False","False","False","OF002","60.3","26-35","Lima","False","19.653333333333332","191.0","8.5","0.0","60.94166666666666","0.0","0","0","6","Call In"
"CLI001587","postpago","149","True","False","","False","False","False","OF004","98.05","46-55","Ica","True","56.218333333333334","190.5","7.833333333333333","2.6666666666666665","99.26666666666667","9.833333333333334","2","0","6","Digital"
"CLI001588","postpago","15","True","True","OF005","True","False","True","OF001","38.66","56-65","Lima","True","8.581666666666665","186.16666666666666","8.5","2.5","39.34166666666667","16.5","2","0","5","Call In"
"CLI001589","postpago","156","True","False","","False","False","False","OF003","79.78","18-25","Cusco","True","40.25333333333333","203.33333333333334","6.666666666666667","4.166666666666667","79.66000000000001","14.5","2","1","6","Digital"
"CLI001590","postpago","6","True","True","OF005","True","False","True","OF004","104.85","26-35","Ica","True","64.23166666666667","233.5","6.5","2.8333333333333335","103.62833333333333","35.0","6","1","7","Digital"
"CLI001591","postpago","133","True","False","","False","False","False","OF004","99.81","26-35","Lima","True","30.689999999999998","111.5","10.166666666666666","3.6666666666666665","98.44333333333333","8.333333333333334","1","1","7","Digital"
"CLI001592","prepago","63","True","True","OF008","True","False","False","OF003","82.91","36-45","Arequipa","False","32.71666666666667","142.5","7.833333333333333","0.0","83.08","0.0","0","0","8","Call Out"
"CLI001593","postpago","70","True","True","OF006","True","True","False","OF020","138.36","26-35","Lima","True","20.133333333333333","138.33333333333334","7.333333333333333","1.6666666666666667","136.75","5.166666666666667","1","0","6","Digital"
"CLI001594","postpago","4","True","True","OF009","True","False","True","OF001","40.28","26-35","Lima","True","6.963333333333334","182.16666666666666","10.166666666666666","3.1666666666666665","40.36333333333334","33.666666666666664","4","0","7","Call In"
"CLI001595","prepago","127","True","False","","False","False","False","OF004","99.21","36-45","Lima","True","58.66166666666667","153.5","7.333333333333333","3.3333333333333335","98.74000000000001","2.8333333333333335","1","0","1","Tienda"
"CLI001596","prepago","30","True","False","","False","False","False","OF003","84.81","46-55","Lima","True","33.96","165.66666666666666","8.5","2.0","82.83833333333332","24.666666666666668","4","0","7","Call In"
"CLI001597","prepago","119","True","False","","False","False","False","OF002","57.44","36-45","Lima","True","19.515","202.66666666666666","8.0","2.3333333333333335","57.63333333333333","2.3333333333333335","0","0","7","Call In"
"CLI001598","prepago","131","True","True","OF008","True","False","False","OF004","96.59","36-45","Lima","True","41.25","195.5","10.0","2.5","95.06666666666666","0.0","0","1","1","Tienda"
"CLI001599","postpago","153","True","True","OF005","True","False","True","OF001","39.23","18-25","Lima","True","9.478333333333333","182.83333333333334","8.5","3.0","38.60333333333333","0.0","0","0","8","Call In"
"CLI001600","prepago","128","True","True","OF006","True","False","False","OF001","37.71","26-35","Lambayeque","True","10.155","145.0","8.666666666666666","3.3333333333333335","36.89833333333333","4.333333333333333","1","0","7","Call In"
"CLI001601","postpago","55","True","False","","False","False","False","OF002","57.03","36-45","Lima","False","24.558333333333334","231.16666666666666","7.5","0.0","56.35166666666667","0.0","0","0","7","Call In"
"CLI001602","prepago","133","True","True","OF009","True","False","False","OF001","38.64","36-45","La Libertad","True","8.69","212.66666666666666","7.5","3.8333333333333335","37.82333333333333","1.5","0","0","1","Tienda"
"CLI001603","postpago","149","True","True","OF007","False","False","False","OF004","101.14","26-35","Lima","True","57.15833333333333","162.0","8.333333333333334","3.1666666666666665","100.68333333333334","10.333333333333334","2","0","8","Call Out"
"CLI001604","postpago","58","True","True","OF005","True","True","False","OF020","150.44","26-35","Arequipa","True","19.136666666666667","195.5","9.333333333333334","2.8333333333333335","150.41166666666666","11.166666666666666","1","3","1","Call Out"
"CLI001605","prepago","23","True","False","","False","False","False","OF003","86.99","26-35","Piura","False","39.20666666666667","178.5","7.333333333333333","0.0","86.66166666666668","11.0","2","0","8","Tienda"
"CLI001606","prepago","161","True","True","OF005","True","False","False","OF001","42.19","56-65","Lima","True","8.745","182.5","8.5","2.8333333333333335","41.845","0.0","0","0","8","Tienda"
"CLI001607","prepago","27","True","True","OF006","True","False","False","OF004","85.48","26-35","Lima","False","61.62833333333333","179.0","9.333333333333334","0.0","88.63333333333333","0.8333333333333334","0","0","5","Digital"
"CLI001608","postpago","107","True","True","OF009","True","False","True","OF002","58.51","56-65","Junin","False","17.185","246.0","7.333333333333333","0.0","57.895","4.5","1","0","4","Digital"
"CLI001609","postpago","43","True","False","","False","False","False","OF003","75.51","56-65","Lima","True","28.126666666666665","152.66666666666666","9.166666666666666","3.8333333333333335","76.17833333333333","3.6666666666666665","1","0","1","Digital"
"CLI001610","postpago","23","True","False","","False","False","False","OF002","64.6","36-45","Lambayeque","True","17.69666666666667","151.66666666666666","7.5","1.6666666666666667","63.60166666666667","9.0","1","0","10","Tienda"
"CLI001611","postpago","140","True","False","","False","False","False","OF004","104.9","56-65","Arequipa","True","55.288333333333334","155.0","8.833333333333334","3.3333333333333335","105.54333333333334","7.5","1","0","7","Digital"
"CLI001612","prepago","26","True","True","OF005","True","False","False","OF002","59.27","18-25","Lima","True","23.34166666666667","235.16666666666666","8.0","2.5","60.343333333333334","12.666666666666666","2","0","6","Digital"
"CLI001613","prepago","121","True","True","OF008","True","False","False","OF002","51.71","18-25","Lima","False","19.831666666666667","219.16666666666666","9.333333333333334","0.0","51.91833333333333","2.6666666666666665","1","0","6","Digital"
"CLI001614","postpago","125","True","True","OF008","True","False","True","OF001","39.92","26-35","Arequipa","True","11.633333333333333","136.33333333333334","9.666666666666666","3.3333333333333335","39.96666666666667","0.0","0","0","4","Digital"
"CLI001615","prepago","11","True","True","OF010","True","False","False","OF002","65.14","46-55","Piura","True","18.135","275.6666666666667","9.5","2.5","65.765","18.666666666666668","2","0","3","Digital"
"CLI001616","postpago","32","True","False","","False","False","False","OF002","56.23","65+","Cusco","True","22.755","219.83333333333334","7.5","2.6666666666666665","55.51166666666666","9.166666666666666","1","0","5","Call In"
"CLI001617","postpago","143","True","False","","False","False","False","OF001","45.24","36-45","Lima","False","8.049999999999999","205.33333333333334","7.333333333333333","0.0","45.73","8.0","1","0","4","Digital"
"CLI001618","postpago","92","True","False","","False","False","False","OF003","87.28","18-25","Lima","True","41.74166666666667","164.33333333333334","7.666666666666667","2.6666666666666665","87.15333333333332","0.0","0","0","2","Digital"
"CLI001619","postpago","22","True","False","","False","False","False","OF001","39.07","26-35","Piura","True","9.795","190.66666666666666","6.333333333333333","2.5","39.10333333333333","18.5","3","1","3","Digital"
"CLI001620","postpago","179","True","True","OF008","True","False","True","OF004","103.0","36-45","La Libertad","False","49.544999999999995","161.5","8.333333333333334","0.0","102.19333333333333","5.833333333333333","1","2","2","Tienda"
"CLI001621","postpago","48","True","False","","False","False","False","OF004","99.25","46-55","Otro","True","45.37166666666667","156.33333333333334","7.333333333333333","3.5","99.79166666666667","16.833333333333332","2","1","10","Tienda"
"CLI001622","postpago","1","True","False","","False","False","False","OF001","41.97","36-45","Lambayeque","False","8.838333333333333","180.66666666666666","8.0","0.0","41.20666666666666","20.666666666666668","3","0","3","Call In"
"CLI001623","postpago","167","True","False","","False","False","False","OF002","57.31","56-65","Lima","True","17.298333333333332","178.16666666666666","8.5","3.5","57.26666666666667","17.833333333333332","2","0","3","Digital"
"CLI001624","postpago","3","True","True","OF008","True","False","True","OF002","69.42","26-35","Lambayeque","True","20.043333333333333","161.83333333333334","8.333333333333334","3.1666666666666665","69.43666666666667","16.333333333333332","2","0","3","Digital"
"CLI001625","prepago","100","True","False","","False","False","False","OF004","83.14","36-45","Arequipa","True","49.75333333333333","228.0","6.666666666666667","2.1666666666666665","85.39333333333333","15.0","2","1","3","Digital"
"CLI001626","postpago","179","True","False","","False","False","False","OF002","56.83","18-25","Cusco","True","24.03","185.33333333333334","8.333333333333334","2.6666666666666665","56.01166666666666","8.5","1","0","10","Call Out"
"CLI001627","","105","False","True","OF007","False","False","False","OF007","62.03","36-45","Lima","True","2.11","191.83333333333334","9.166666666666666","2.8333333333333335","62.16166666666667","6.666666666666667","1","0","2","Tienda"
"CLI001628","prepago","106","True","False","","False","False","False","OF001","48.87","46-55","Cusco","True","7.95","209.0","7.666666666666667","2.5","48.89833333333333","0.0","0","0","1","Call In"
"CLI001629","postpago","70","True","False","","False","False","False","OF002","57.11","36-45","Lima","True","20.456666666666667","212.83333333333334","10.166666666666666","2.1666666666666665","57.5","0.8333333333333334","0","0","8","Call Out"
"CLI001630","prepago","23","True","False","","False","False","False","OF004","109.24","36-45","Lima","False","55.093333333333334","191.0","9.0","0.0","109.78333333333335","13.333333333333334","2","2","2","Call In"
"CLI001631","postpago","104","True","False","","False","False","False","OF004","90.94","26-35","Lima","False","57.12833333333333","154.5","7.5","0.0","90.885","0.0","0","0","9","Tienda"
"CLI001632","prepago","162","True","False","","False","False","False","OF004","98.89","56-65","Otro","True","56.754999999999995","195.16666666666666","8.5","3.6666666666666665","98.69833333333334","22.166666666666668","3","0","6","Digital"
"CLI001633","prepago","17","True","False","","False","False","False","OF003","89.31","36-45","Lima","True","29.546666666666667","178.33333333333334","7.166666666666667","3.0","89.08999999999999","27.166666666666668","5","2","3","Digital"
"CLI001634","","159","False","True","OF009","True","False","False","OF009","116.14","46-55","Arequipa","True","2.8166666666666664","219.5","8.333333333333334","2.0","117.58999999999999","0.0","0","0","10","Digital"
"CLI001635","postpago","75","True","False","","False","False","False","OF001","41.63","18-25","Arequipa","True","10.85","131.83333333333334","6.666666666666667","2.8333333333333335","42.11833333333333","7.5","1","0","5","Tienda"
"CLI001636","postpago","97","True","False","","False","False","False","OF003","80.15","26-35","Lima","True","40.324999999999996","211.16666666666666","5.833333333333333","1.6666666666666667","81.425","4.5","1","0","11","Call In"
"CLI001637","postpago","30","True","True","OF007","False","False","False","OF001","39.33","36-45","Junin","True","8.743333333333334","158.66666666666666","8.666666666666666","2.6666666666666665","38.678333333333335","18.666666666666668","3","0","4","Tienda"
"CLI001638","prepago","112","True","False","","False","False","False","OF001","41.09","36-45","Cusco","False","7.963333333333334","209.66666666666666","8.333333333333334","0.0","41.175000000000004","0.0","0","0","5","Digital"
"CLI001639","postpago","33","True","False","","False","False","False","OF004","107.65","26-35","Lima","True","61.835","199.33333333333334","7.5","2.1666666666666665","108.995","9.333333333333334","1","1","6","Digital"
"CLI001640","postpago","50","True","False","","False","False","False","OF003","84.99","26-35","Arequipa","True","30.596666666666664","214.83333333333334","8.333333333333334","2.8333333333333335","84.76833333333333","8.333333333333334","1","0","8","Tienda"
"CLI001641","postpago","130","True","True","OF010","True","False","True","OF002","64.78","36-45","Lima","False","12.911666666666667","203.66666666666666","9.333333333333334","0.0","65.18166666666667","2.1666666666666665","0","0","8","Tienda"
"CLI001642","prepago","10","True","False","","False","False","False","OF003","84.36","26-35","Lima","True","36.37833333333334","159.16666666666666","10.166666666666666","3.8333333333333335","84.08999999999999","1.6666666666666667","0","0","13","Call Out"
"CLI001643","prepago","81","True","False","","False","False","False","OF002","62.33","18-25","Lima","True","20.033333333333335","191.5","7.0","2.6666666666666665","62.721666666666664","8.5","1","0","2","Call In"
"CLI001644","prepago","108","True","True","OF007","False","False","False","OF003","75.43","46-55","Lima","False","27.59","242.33333333333334","8.5","0.0","75.585","4.333333333333333","1","0","5","Call In"
"CLI001645","postpago","24","True","False","","False","False","False","OF003","69.41","46-55","Ica","False","36.440000000000005","189.83333333333334","7.5","0.0","69.46499999999999","29.0","4","0","6","Digital"
"CLI001646","prepago","54","True","True","OF007","False","False","False","OF002","61.83","26-35","Arequipa","False","19.03","175.0","7.833333333333333","0.0","62.324999999999996","7.666666666666667","2","0","3","Digital"
"CLI001647","postpago","62","True","True","OF008","True","True","False","OF022","230.65","65+","Lima","True","71.97500000000001","217.0","6.666666666666667","2.8333333333333335","231.68666666666664","9.833333333333334","1","0","2","Call In"
"CLI001648","prepago","120","True","False","","False","False","False","OF003","81.62","65+","Otro","True","40.13","255.66666666666666","6.333333333333333","3.5","81.89","14.0","2","0","4","Digital"
"CLI001649","prepago","176","True","True","OF005","True","False","False","OF001","35.91","36-45","Lima","False","10.906666666666666","176.83333333333334","8.0","0.0","35.235","7.666666666666667","1","0","3","Tienda"
"CLI001650","postpago","151","True","True","OF005","True","False","True","OF002","58.84","46-55","Lima","True","21.868333333333336","186.66666666666666","7.666666666666667","3.6666666666666665","59.833333333333336","6.666666666666667","1","0","7","Call In"
"CLI001651","postpago","35","True","False","","False","False","False","OF004","109.13","36-45","La Libertad","True","47.22833333333333","186.16666666666666","7.333333333333333","2.8333333333333335","108.13333333333333","1.5","0","0","2","Call In"
"CLI001652","prepago","4","True","True","OF005","True","False","False","OF003","70.89","26-35","La Libertad","True","38.21333333333333","102.83333333333333","7.833333333333333","3.8333333333333335","70.56666666666666","26.833333333333332","5","0","7","Digital"
"CLI001653","prepago","10","True","False","","False","False","False","OF004","79.28","18-25","Lima","True","53.595","182.5","8.833333333333334","2.6666666666666665","79.51666666666667","7.0","1","2","3","Tienda"
"CLI001654","postpago","108","True","False","","False","False","False","OF002","59.52","26-35","Lima","True","17.625","143.5","9.0","1.8333333333333333","60.52166666666667","0.0","0","0","8","Digital"
"CLI001655","postpago","29","True","True","OF010","True","False","True","OF003","86.47","26-35","Lambayeque","True","37.733333333333334","132.0","7.0","4.166666666666667","85.71833333333332","19.5","2","2","8","Call In"
"CLI001656","prepago","42","True","False","","False","False","False","OF002","55.21","56-65","La Libertad","True","20.081666666666667","163.33333333333334","9.5","5.166666666666667","54.15","4.166666666666667","1","0","1","Digital"
"CLI001657","prepago","153","True","True","OF010","True","False","False","OF001","41.12","65+","Arequipa","False","8.508333333333333","158.16666666666666","9.0","0.0","41.71666666666667","11.833333333333334","2","0","9","Digital"
"CLI001658","postpago","158","True","False","","False","False","False","OF001","43.38","36-45","Lima","True","8.473333333333334","195.5","8.333333333333334","3.0","42.88833333333333","0.0","0","0","7","Call Out"
"CLI001659","prepago","152","True","False","","False","False","False","OF003","82.09","36-45","Otro","True","31.47","253.83333333333334","6.333333333333333","3.3333333333333335","82.205","0.0","0","0","11","Tienda"
"CLI001660","prepago","46","True","True","OF006","True","False","False","OF002","63.03","56-65","La Libertad","True","18.915000000000003","126.16666666666667","9.333333333333334","2.5","62.72833333333333","0.0","0","0","6","Digital"
"CLI001661","prepago","112","True","False","","False","False","False","OF004","96.0","46-55","Otro","True","68.74333333333333","173.83333333333334","6.666666666666667","1.8333333333333333","95.38833333333334","4.666666666666667","1","0","2","Call Out"
"CLI001662","prepago","110","True","False","","False","False","False","OF003","79.69","26-35","Arequipa","True","29.895","168.33333333333334","7.666666666666667","3.6666666666666665","78.855","7.333333333333333","2","0","1","Tienda"
"CLI001663","prepago","34","True","True","OF007","False","False","False","OF002","66.25","65+","Lima","True","17.881666666666668","182.5","7.166666666666667","3.8333333333333335","65.35333333333334","6.833333333333333","2","0","7","Digital"
"CLI001664","postpago","100","True","True","OF008","True","False","True","OF002","60.96","36-45","Lima","True","20.341666666666665","155.33333333333334","9.5","3.1666666666666665","61.05833333333334","0.8333333333333334","0","0","6","Digital"
"CLI001665","prepago","95","True","True","OF008","True","False","False","OF001","38.09","18-25","Piura","True","8.903333333333334","243.16666666666666","9.0","3.6666666666666665","37.583333333333336","2.3333333333333335","0","1","7","Call In"
"CLI001666","prepago","72","True","False","","False","False","False","OF004","100.19","26-35","Lima","False","47.06666666666666","193.5","7.833333333333333","0.0","99.79333333333334","0.0","0","0","11","Call Out"
"CLI001667","postpago","136","True","True","OF010","True","False","True","OF002","55.11","46-55","Lima","True","16.308333333333334","167.16666666666666","8.0","3.8333333333333335","55.03","9.166666666666666","1","0","7","Call In"
"CLI001668","postpago","122","True","True","OF007","False","False","False","OF003","76.5","18-25","Arequipa","True","25.88","194.5","9.166666666666666","2.8333333333333335","77.01333333333334","12.666666666666666","2","0","6","Call Out"
"CLI001669","postpago","96","True","False","","False","False","False","OF004","94.59","56-65","Lima","True","63.29333333333333","132.66666666666666","8.666666666666666","3.5","95.19166666666666","2.8333333333333335","1","1","3","Tienda"
"CLI001670","postpago","131","True","False","","False","False","False","OF001","39.42","46-55","Arequipa","True","9.401666666666666","218.5","7.833333333333333","2.5","38.91","0.0","0","0","3","Tienda"
"CLI001671","prepago","138","True","False","","False","False","False","OF004","97.9","18-25","Lima","False","45.47166666666667","193.16666666666666","8.833333333333334","0.0","98.33999999999999","16.666666666666668","3","0","6","Digital"
"CLI001672","postpago","103","True","False","","False","False","False","OF001","36.55","26-35","Lima","True","7.330000000000001","211.66666666666666","8.0","2.8333333333333335","37.07833333333333","9.333333333333334","1","0","2","Call Out"
"CLI001673","postpago","49","True","True","OF006","True","False","True","OF004","88.77","36-45","Lima","True","51.70333333333334","135.16666666666666","7.5","3.1666666666666665","86.69666666666666","1.1666666666666667","0","0","2","Call Out"
"CLI001674","postpago","137","True","True","OF008","True","True","False","OF022","217.23","18-25","Lima","True","58.95666666666667","192.33333333333334","5.666666666666667","4.333333333333333","218.63166666666666","15.5","2","0","7","Call Out"
"CLI001675","postpago","130","True","False","","False","False","False","OF001","45.3","36-45","Lima","True","9.693333333333333","103.33333333333333","9.166666666666666","2.8333333333333335","46.080000000000005","5.833333333333333","1","0","3","Call In"
"CLI001676","postpago","178","True","False","","False","False","False","OF001","41.88","65+","Lima","True","9.121666666666668","161.5","5.0","1.6666666666666667","41.20166666666667","0.0","0","0","3","Tienda"
"CLI001677","prepago","27","True","False","","False","False","False","OF001","39.01","36-45","La Libertad","False","9.091666666666667","212.5","7.333333333333333","0.0","38.678333333333335","20.666666666666668","3","0","9","Tienda"
"CLI001678","","76","False","True","OF005","True","False","False","OF005","88.08","36-45","Lima","False","1.6483333333333334","247.66666666666666","6.833333333333333","0.0","87.80666666666667","0.0","0","2","4","Tienda"
"CLI001679","","167","False","True","OF005","True","False","False","OF005","84.2","56-65","La Libertad","True","1.3733333333333333","204.5","7.833333333333333","2.3333333333333335","84.36333333333333","8.333333333333334","1","0","7","Call In"
"CLI001680","postpago","93","True","False","","False","False","False","OF004","108.49","65+","Lima","True","57.645","114.66666666666667","9.666666666666666","3.0","108.90666666666668","2.6666666666666665","1","0","6","Digital"
"CLI001681","prepago","170","True","False","","False","False","False","OF004","102.22","56-65","Junin","True","63.208333333333336","162.83333333333334","9.166666666666666","2.5","103.78666666666668","14.166666666666666","2","0","1","Digital"
"CLI001682","postpago","3","True","True","OF005","True","False","True","OF003","72.58","18-25","Lima","True","32.625","191.33333333333334","8.833333333333334","3.3333333333333335","71.835","15.0","2","2","5","Digital"
"CLI001683","postpago","7","True","True","OF006","True","False","True","OF004","97.89","18-25","Lima","True","57.435","227.16666666666666","6.166666666666667","3.1666666666666665","98.89166666666667","17.166666666666668","2","0","8","Call In"
"CLI001684","postpago","144","True","True","OF008","True","True","False","OF021","190.51","36-45","Lima","False","46.49166666666667","93.5","7.666666666666667","0.0","189.995","18.166666666666668","2","0","9","Tienda"
"CLI001685","postpago","65","True","False","","False","False","False","OF004","103.21","26-35","Ica","True","65.30666666666666","161.83333333333334","8.333333333333334","2.0","104.02999999999999","9.0","1","0","7","Call Out"
"CLI001686","postpago","94","True","True","OF007","False","False","False","OF004","95.78","36-45","Junin","True","55.125","233.0","7.0","3.0","94.75999999999999","2.3333333333333335","0","0","4","Digital"
"CLI001687","prepago","78","True","True","OF005","True","False","False","OF002","61.24","46-55","Lima","True","20.61","136.83333333333334","7.666666666666667","2.3333333333333335","61.77166666666667","0.0","0","0","5","Tienda"
"CLI001688","postpago","74","True","False","","False","False","False","OF003","74.11","56-65","Lima","True","34.34","152.33333333333334","6.333333333333333","4.5","75.125","4.5","1","0","3","Tienda"
"CLI001689","prepago","170","True","True","OF006","True","False","False","OF004","95.06","26-35","Ica","False","58.34166666666667","163.33333333333334","7.5","0.0","92.01833333333333","14.5","2","1","5","Call In"
"CLI001690","postpago","17","True","False","","False","False","False","OF002","59.35","46-55","Otro","True","18.781666666666666","145.16666666666666","8.166666666666666","4.666666666666667","59.43166666666667","28.666666666666668","4","3","5","Call Out"
"CLI001691","","139","False","True","OF007","False","False","False","OF007","77.52","36-45","Otro","True","1.7283333333333335","182.5","8.333333333333334","1.3333333333333333","78.54333333333334","12.0","1","0","7","Tienda"
"CLI001692","prepago","161","True","False","","False","False","False","OF001","36.6","36-45","Lima","True","9.03","201.33333333333334","5.5","2.1666666666666665","36.800000000000004","11.0","2","0","13","Digital"
"CLI001693","prepago","119","True","False","","False","False","False","OF002","60.27","18-25","Lambayeque","True","18.548333333333332","158.83333333333334","8.5","2.5","59.695","0.0","0","0","10","Digital"
"CLI001694","postpago","72","True","True","OF005","True","False","True","OF002","58.93","18-25","Junin","True","21.935000000000002","225.66666666666666","6.333333333333333","1.8333333333333333","59.120000000000005","8.333333333333334","1","0","7","Call In"
"CLI001695","prepago","29","True","False","","False","False","False","OF001","34.38","46-55","Ica","True","9.61","199.16666666666666","8.166666666666666","3.5","34.86","3.8333333333333335","1","0","7","Tienda"
"CLI001696","postpago","123","True","False","","False","False","False","OF004","99.52","36-45","Lima","False","50.85333333333333","220.5","6.5","0.0","99.43166666666667","21.166666666666668","3","3","7","Call In"
"CLI001697","postpago","85","True","False","","False","False","False","OF004","101.57","46-55","La Libertad","True","49.98166666666666","153.83333333333334","8.833333333333334","2.8333333333333335","101.43166666666667","0.0","0","0","8","Call In"
"CLI001698","postpago","27","True","False","","False","False","False","OF003","79.0","18-25","Junin","True","39.483333333333334","173.83333333333334","7.833333333333333","2.5","77.46333333333334","10.5","2","3","6","Call Out"
"CLI001699","postpago","65","True","False","","False","False","False","OF001","45.29","26-35","Lima","True","8.411666666666667","174.83333333333334","8.333333333333334","2.8333333333333335","44.955000000000005","0.0","0","0","7","Tienda"
"CLI001700","postpago","174","True","True","OF008","True","False","True","OF002","55.89","18-25","Otro","True","14.44","178.16666666666666","6.333333333333333","2.6666666666666665","57.51666666666667","0.0","0","0","7","Digital"
"CLI001701","prepago","48","True","False","","False","False","False","OF002","62.38","36-45","Junin","False","18.768333333333334","120.0","9.5","0.0","63.15833333333333","0.0","0","0","5","Digital"
"CLI001702","postpago","33","True","False","","False","False","False","OF004","100.1","36-45","Lima","True","60.06","181.66666666666666","6.333333333333333","2.8333333333333335","101.20833333333333","12.666666666666666","2","0","2","Call Out"
"CLI001703","","123","False","True","OF008","True","False","False","OF008","127.99","26-35","Lima","True","1.265","189.5","9.333333333333334","2.1666666666666665","129.60166666666666","0.0","0","0","6","Tienda"
"CLI001704","prepago","36","True","True","OF005","True","False","False","OF003","81.63","18-25","Lima","True","38.52","162.5","7.666666666666667","3.6666666666666665","80.045","7.333333333333333","2","0","2","Digital"
"CLI001705","postpago","166","True","False","","False","False","False","OF002","58.56","18-25","Arequipa","True","18.81833333333333","170.5","6.666666666666667","2.3333333333333335","58.796666666666674","8.5","2","0","10","Tienda"
"CLI001706","","155","False","True","OF008","True","False","False","OF008","124.41","26-35","Piura","False","1.4616666666666667","168.0","7.5","0.0","124.00833333333334","0.0","0","0","1","Call Out"
"CLI001707","postpago","178","True","True","OF010","True","True","False","OF022","208.02","18-25","Ica","True","60.66166666666667","168.16666666666666","8.5","2.6666666666666665","209.81166666666664","0.0","0","2","6","Digital"
"CLI001708","","165","False","True","OF009","True","False","False","OF009","114.25","56-65","Otro","False","1.8933333333333333","200.5","6.833333333333333","0.0","113.735","15.0","2","0","6","Call In"
"CLI001709","postpago","44","True","False","","False","False","False","OF004","98.51","26-35","Otro","True","75.46333333333334","206.83333333333334","5.833333333333333","2.8333333333333335","100.27333333333333","6.0","1","0","2","Digital"
"CLI001710","","39","False","True","OF005","True","False","False","OF005","77.35","26-35","Otro","True","2.35","176.16666666666666","7.833333333333333","2.1666666666666665","77.83666666666666","13.5","2","0","4","Digital"
"CLI001711","postpago","62","True","False","","False","False","False","OF004","97.82","46-55","Otro","True","59.089999999999996","197.33333333333334","8.0","4.166666666666667","97.04","3.1666666666666665","1","0","6","Tienda"
"CLI001712","postpago","85","True","True","OF005","True","False","True","OF004","102.41","65+","Lima","True","50.61333333333334","132.66666666666666","10.0","3.0","101.58999999999999","12.333333333333334","2","0","9","Digital"
"CLI001713","postpago","159","True","False","","False","False","False","OF001","39.43","36-45","La Libertad","True","9.446666666666667","208.16666666666666","6.833333333333333","3.1666666666666665","39.15833333333334","9.666666666666666","2","0","10","Digital"
"CLI001714","prepago","133","True","False","","False","False","False","OF001","44.06","26-35","Otro","True","5.945","207.66666666666666","8.5","2.5","45.12166666666667","14.666666666666666","2","0","8","Tienda"
"CLI001715","postpago","116","True","True","OF006","True","True","False","OF020","163.7","36-45","La Libertad","True","24.385","179.16666666666666","8.5","2.5","165.66166666666666","4.166666666666667","1","0","4","Call In"
"CLI001716","prepago","159","True","True","OF008","True","False","False","OF003","84.5","18-25","Lima","True","42.53","212.5","8.0","2.1666666666666665","82.685","4.0","1","0","5","Digital"
"CLI001717","postpago","117","True","True","OF005","True","True","False","OF021","205.68","18-25","Lima","True","38.098333333333336","119.16666666666667","7.0","2.1666666666666665","204.79666666666665","7.833333333333333","1","1","8","Digital"
"CLI001718","prepago","69","True","False","","False","False","False","OF003","78.86","46-55","Arequipa","True","44.46","167.5","9.5","2.1666666666666665","77.26833333333333","0.0","0","0","10","Tienda"
"CLI001719","prepago","75","True","True","OF008","True","False","False","OF003","67.81","46-55","Lima","True","37.455","210.16666666666666","9.333333333333334","2.6666666666666665","68.03666666666668","8.833333333333334","2","2","7","Digital"
"CLI001720","postpago","94","True","True","OF008","True","False","True","OF003","86.91","26-35","Lima","True","36.428333333333335","155.33333333333334","7.333333333333333","2.0","87.47000000000001","0.0","0","1","4","Digital"
"CLI001721","postpago","16","True","False","","False","False","False","OF003","82.04","46-55","Lima","True","31.165000000000003","172.33333333333334","8.0","3.6666666666666665","81.99333333333333","22.5","3","0","6","Call In"
"CLI001722","prepago","134","True","True","OF005","True","False","False","OF002","60.33","36-45","Arequipa","True","22.2","180.0","7.666666666666667","3.3333333333333335","59.76833333333334","10.5","1","0","4","Digital"
"CLI001723","postpago","118","True","True","OF005","True","False","True","OF001","41.97","36-45","Lambayeque","False","8.318333333333333","179.83333333333334","6.5","0.0","41.345","10.166666666666666","2","0","5","Digital"
"CLI001724","prepago","132","True","False","","False","False","False","OF002","57.72","26-35","Otro","True","18.441666666666666","194.16666666666666","7.166666666666667","4.0","57.245000000000005","0.0","0","3","5","Tienda"
"CLI001725","postpago","97","True","True","OF005","True","False","True","OF002","59.97","65+","Lima","False","15.056666666666667","155.0","8.0","0.0","60.07","0.0","0","0","5","Digital"
"CLI001726","postpago","141","True","False","","False","False","False","OF003","78.52","26-35","Cusco","False","35.25666666666667","183.83333333333334","7.5","0.0","79.42666666666668","5.166666666666667","1","0","2","Digital"
"CLI001727","postpago","171","True","False","","False","False","False","OF001","34.15","26-35","Ica","True","9.283333333333333","157.66666666666666","9.833333333333334","3.8333333333333335","33.861666666666665","4.666666666666667","1","0","3","Digital"
"CLI001728","postpago","103","True","False","","False","False","False","OF004","124.16","18-25","Lima","False","60.93333333333334","217.66666666666666","8.166666666666666","0.0","124.42833333333333","0.0","0","0","10","Call In"
"CLI001729","postpago","80","True","False","","False","False","False","OF002","65.11","36-45","Lima","True","17.561666666666667","125.5","8.166666666666666","2.1666666666666665","64.89833333333333","12.0","2","0","2","Call In"
"CLI001730","postpago","19","True","False","","False","False","False","OF003","74.72","56-65","Lima","True","38.11166666666667","187.16666666666666","7.666666666666667","3.6666666666666665","75.94833333333334","21.666666666666668","3","0","4","Tienda"
"CLI001731","postpago","141","True","True","OF005","True","True","False","OF020","181.92","18-25","Lima","True","19.695","164.5","9.333333333333334","2.6666666666666665","180.91","3.3333333333333335","0","0","2","Digital"
"CLI001732","postpago","163","True","False","","False","False","False","OF004","110.18","18-25","Ica","True","67.74666666666667","178.83333333333334","7.0","2.3333333333333335","109.545","8.166666666666666","1","0","10","Call Out"
"CLI001733","prepago","126","True","False","","False","False","False","OF003","66.15","56-65","Lima","True","38.085","220.33333333333334","7.333333333333333","3.3333333333333335","68.07166666666667","9.666666666666666","1","3","6","Digital"
"CLI001734","postpago","156","True","False","","False","False","False","OF002","54.46","36-45","Lima","True","24.034999999999997","219.66666666666666","8.166666666666666","3.5","55.36166666666667","1.8333333333333333","0","0","4","Call In"
"CLI001735","prepago","156","True","True","OF006","True","False","False","OF004","86.99","65+","Lima","True","54.20166666666666","237.16666666666666","8.166666666666666","2.6666666666666665","87.72333333333334","6.333333333333333","1","0","2","Tienda"
"CLI001736","prepago","144","True","False","","False","False","False","OF001","36.4","46-55","Otro","True","7.734999999999999","143.5","6.5","4.0","36.99666666666666","0.0","0","0","5","Call In"
"CLI001737","","91","False","True","OF005","True","False","False","OF005","90.06","46-55","Lima","False","1.5033333333333332","223.33333333333334","7.166666666666667","0.0","90.575","9.333333333333334","1","0","7","Tienda"
"CLI001738","postpago","18","True","True","OF008","True","True","False","OF021","176.43","36-45","Lima","False","37.79833333333333","146.33333333333334","7.0","0.0","174.27166666666668","22.5","4","0","2","Call In"
"CLI001739","prepago","1","True","True","OF008","True","False","False","OF002","62.91","26-35","Piura","False","18.37666666666667","145.0","8.5","0.0","61.501666666666665","15.666666666666666","2","0","4","Call Out"
"CLI001740","prepago","37","True","False","","False","False","False","OF004","110.04","36-45","Lambayeque","True","50.41833333333333","190.16666666666666","8.666666666666666","4.0","110.82833333333333","10.0","2","3","0",""
"CLI001741","prepago","78","True","True","OF005","True","False","False","OF002","61.74","26-35","Junin","True","17.878333333333334","136.16666666666666","7.833333333333333","2.1666666666666665","62.745000000000005","4.166666666666667","1","0","10","Digital"
"CLI001742","postpago","134","True","False","","False","False","False","OF002","56.19","36-45","Lima","False","22.785","161.16666666666666","7.666666666666667","0.0","55.830000000000005","7.333333333333333","1","0","3","Digital"
"CLI001743","postpago","83","True","False","","False","False","False","OF003","76.01","36-45","Piura","False","29.88","179.66666666666666","9.666666666666666","0.0","75.75333333333333","6.0","1","1","8","Call Out"
"CLI001744","prepago","5","True","False","","False","False","False","OF003","82.45","18-25","Lima","True","32.574999999999996","150.66666666666666","10.0","2.5","81.22500000000001","17.0","3","0","4","Digital"
"CLI001745","prepago","38","True","True","OF009","True","False","False","OF001","41.52","36-45","Otro","True","9.575000000000001","201.16666666666666","7.5","2.8333333333333335","40.97833333333333","15.666666666666666","3","0","3","Call In"
"CLI001746","prepago","177","True","False","","False","False","False","OF003","77.43","26-35","Cusco","False","42.1","153.66666666666666","6.5","0.0","77.39","8.0","1","0","4","Call In"
"CLI001747","postpago","178","True","True","OF005","True","True","False","OF022","240.39","46-55","Lima","False","68.76166666666667","173.83333333333334","9.333333333333334","0.0","241.385","6.833333333333333","1","2","4","Call Out"
"CLI001748","postpago","68","True","True","OF007","False","False","False","OF001","37.43","18-25","Piura","True","8.205","246.33333333333334","8.833333333333334","3.1666666666666665","36.775","8.166666666666666","1","0","5","Digital"
"CLI001749","postpago","145","True","False","","False","False","False","OF002","62.02","36-45","Otro","True","17.281666666666666","285.8333333333333","7.0","2.8333333333333335","62.665","13.166666666666666","2","0","4","Digital"
"CLI001750","postpago","130","True","False","","False","False","False","OF001","44.7","26-35","Otro","True","8.553333333333333","155.83333333333334","8.166666666666666","2.8333333333333335","44.550000000000004","0.0","0","3","6","Digital"
"CLI001751","prepago","168","True","True","OF006","True","False","False","OF001","41.8","18-25","Junin","True","10.486666666666666","210.66666666666666","9.0","2.3333333333333335","42.235","4.0","1","0","6","Call Out"
"CLI001752","prepago","160","True","True","OF005","True","False","False","OF002","59.09","26-35","Lima","True","21.653333333333332","199.5","7.333333333333333","3.3333333333333335","58.475","8.333333333333334","1","0","9","Tienda"
"CLI001753","postpago","114","True","False","","False","False","False","OF002","60.96","26-35","Lima","True","18.313333333333333","149.16666666666666","7.5","3.8333333333333335","61.245000000000005","13.833333333333334","2","0","6","Tienda"
"CLI001754","postpago","72","True","True","OF005","True","False","True","OF001","40.12","46-55","Lima","True","10.85","132.5","9.5","3.6666666666666665","40.214999999999996","0.0","0","0","2","Call In"
"CLI001755","postpago","113","True","False","","False","False","False","OF002","67.86","26-35","Lima","True","19.849999999999998","195.16666666666666","7.0","3.3333333333333335","66.80833333333334","18.0","2","1","11","Tienda"
"CLI001756","prepago","58","True","True","OF006","True","False","False","OF004","87.8","46-55","La Libertad","True","55.538333333333334","126.33333333333333","6.833333333333333","2.3333333333333335","87.99666666666667","9.666666666666666","1","0","4","Call In"
"CLI001757","prepago","63","True","True","OF006","True","False","False","OF002","57.34","18-25","Cusco","True","20.819999999999997","122.5","8.0","2.5","56.51","3.5","1","0","5","Call In"
"CLI001758","postpago","110","True","True","OF008","True","False","True","OF002","64.16","36-45","Lima","False","19.116666666666667","182.83333333333334","8.0","0.0","63.43666666666667","5.5","1","0","3","Tienda"
"CLI001759","","103","False","True","OF007","False","False","False","OF007","56.95","36-45","Otro","True","1.71","172.5","7.333333333333333","2.5","57.43833333333333","10.166666666666666","2","0","6","Call Out"
"CLI001760","prepago","105","True","True","OF009","True","False","False","OF004","102.51","18-25","Arequipa","True","57.98500000000001","129.33333333333334","7.5","2.1666666666666665","101.58166666666666","2.3333333333333335","0","0","3","Call In"
"CLI001761","prepago","70","True","False","","False","False","False","OF002","69.25","18-25","Cusco","False","18.24","166.0","7.833333333333333","0.0","69.32333333333334","0.0","0","0","6","Digital"
"CLI001762","prepago","74","True","False","","False","False","False","OF004","103.65","26-35","Lima","False","58.589999999999996","153.66666666666666","7.0","0.0","104.89","9.833333333333334","1","0","5","Call In"
"CLI001763","","2","False","True","OF010","True","False","False","OF010","157.24","26-35","Arequipa","True","2.1416666666666666","161.83333333333334","8.5","2.3333333333333335","160.54333333333332","20.333333333333332","3","0","9","Digital"
"CLI001764","prepago","109","True","True","OF008","True","False","False","OF004","90.78","26-35","Lima","False","56.84833333333333","195.16666666666666","7.333333333333333","0.0","93.06","4.833333333333333","1","0","3","Call In"
"CLI001765","prepago","104","True","False","","False","False","False","OF004","91.05","65+","Lima","True","55.73666666666667","231.5","8.666666666666666","3.0","90.53333333333335","4.666666666666667","1","0","5","Digital"
"CLI001766","postpago","169","True","False","","False","False","False","OF001","42.66","26-35","Junin","True","12.231666666666667","133.83333333333334","7.666666666666667","3.6666666666666665","43.61333333333334","8.166666666666666","1","0","11","Digital"
"CLI001767","postpago","91","True","True","OF009","True","True","False","OF022","230.45","56-65","Lima","False","51.16833333333333","224.83333333333334","7.666666666666667","0.0","231.07000000000002","5.333333333333333","1","3","7","Call Out"
"CLI001768","postpago","85","True","True","OF006","True","False","True","OF002","65.17","56-65","Junin","True","22.72","153.66666666666666","7.0","2.6666666666666665","64.77","7.0","1","0","4","Digital"
"CLI001769","prepago","13","True","True","OF005","True","False","False","OF001","38.5","26-35","Ica","True","7.52","185.16666666666666","8.166666666666666","2.1666666666666665","38.27833333333333","22.0","3","0","8","Call Out"
"CLI001770","prepago","36","True","True","OF006","True","False","False","OF003","85.68","46-55","Lima","True","38.943333333333335","150.66666666666666","7.0","4.166666666666667","86.58166666666666","9.833333333333334","1","0","4","Digital"
"CLI001771","prepago","61","True","True","OF006","True","False","False","OF002","55.24","65+","Arequipa","True","16.169999999999998","139.66666666666666","8.0","1.6666666666666667","54.75","6.5","1","0","6","Call In"
"CLI001772","prepago","68","True","True","OF005","True","False","False","OF002","56.56","26-35","Arequipa","True","18.105","150.0","7.833333333333333","3.3333333333333335","57.74333333333334","8.166666666666666","1","0","4","Digital"
"CLI001773","prepago","66","True","True","OF008","True","False","False","OF003","76.07","36-45","Lima","False","28.865","197.83333333333334","9.166666666666666","0.0","76.50666666666667","5.833333333333333","1","0","2","Call Out"
"CLI001774","prepago","71","True","False","","False","False","False","OF001","41.66","46-55","Otro","False","10.338333333333333","176.5","7.166666666666667","0.0","41.95666666666667","3.5","1","0","3","Call In"
"CLI001775","","139","False","True","OF010","True","False","False","OF010","186.53","46-55","Piura","True","1.4666666666666668","222.16666666666666","7.5","2.6666666666666665","185.89499999999998","0.0","0","0","4","Call Out"
"CLI001776","","24","False","True","OF007","False","False","False","OF007","78.1","46-55","Piura","False","2.3983333333333334","176.33333333333334","7.166666666666667","0.0","77.83999999999999","25.666666666666668","3","0","7","Digital"
"CLI001777","prepago","60","True","False","","False","False","False","OF004","99.39","26-35","Cusco","False","54.708333333333336","157.5","8.166666666666666","0.0","98.54166666666667","10.5","2","2","4","Tienda"
"CLI001778","postpago","30","True","True","OF005","True","True","False","OF022","227.48","18-25","Lima","True","48.51","137.5","11.333333333333334","2.1666666666666665","223.80666666666664","17.0","2","0","7","Call Out"
"CLI001779","prepago","56","True","False","","False","False","False","OF004","101.09","46-55","Lambayeque","True","34.04333333333333","143.83333333333334","7.666666666666667","4.166666666666667","98.32166666666666","14.0","2","0","8","Tienda"
"CLI001780","postpago","124","True","False","","False","False","False","OF001","42.45","26-35","Lima","True","7.853333333333333","152.16666666666666","8.666666666666666","3.5","42.45166666666666","14.833333333333334","2","0","5","Call In"
"CLI001781","postpago","9","True","False","","False","False","False","OF004","94.88","36-45","Ica","True","62.35333333333333","166.33333333333334","8.666666666666666","4.0","94.05166666666666","27.5","4","3","5","Tienda"
"CLI001782","prepago","62","True","True","OF005","True","False","False","OF002","60.98","36-45","Lima","True","17.031666666666666","242.0","5.5","3.0","61.23","12.0","2","0","8","Tienda"
"CLI001783","postpago","5","True","False","","False","False","False","OF001","41.22","36-45","Ica","False","7.614999999999999","219.16666666666666","6.666666666666667","0.0","41.43833333333333","24.5","4","0","5","Digital"
"CLI001784","prepago","172","True","False","","False","False","False","OF004","104.43","56-65","Piura","True","69.40833333333333","223.16666666666666","8.0","3.8333333333333335","103.64999999999999","14.333333333333334","2","0","8","Tienda"
"CLI001785","prepago","131","True","True","OF008","True","False","False","OF004","104.71","36-45","Lima","True","70.465","134.33333333333334","9.166666666666666","4.333333333333333","104.80833333333334","0.0","0","0","6","Tienda"
"CLI001786","postpago","44","True","True","OF005","True","True","False","OF022","234.9","36-45","Arequipa","True","51.19","164.83333333333334","6.5","3.0","232.77166666666668","8.166666666666666","1","1","5","Call Out"
"CLI001787","prepago","36","True","True","OF007","False","False","False","OF004","86.57","65+","La Libertad","True","59.105","115.5","9.666666666666666","2.1666666666666665","85.22166666666668","14.0","2","0","3","Call In"
"CLI001788","prepago","18","True","False","","False","False","False","OF002","55.3","26-35","Lima","True","18.565","226.0","5.666666666666667","3.0","55.78","11.0","2","3","5","Call In"
"CLI001789","postpago","86","True","False","","False","False","False","OF001","39.79","46-55","Lima","True","9.225","210.83333333333334","6.0","3.6666666666666665","39.71","6.5","1","0","5","Call In"
"CLI001790","prepago","136","True","True","OF005","True","False","False","OF002","62.85","26-35","Cusco","False","20.53","152.83333333333334","8.0","0.0","63.37166666666667","15.5","2","0","5","Call Out"
"CLI001791","postpago","106","True","False","","False","False","False","OF004","89.45","36-45","Arequipa","True","70.15333333333332","169.83333333333334","7.833333333333333","2.6666666666666665","88.49000000000001","7.333333333333333","1","3","10","Tienda"
"CLI001792","","159","False","True","OF007","False","False","False","OF007","66.83","46-55","La Libertad","True","2.2866666666666666","137.0","7.5","4.0","66.555","0.0","0","0","5","Tienda"
"CLI001793","prepago","62","True","False","","False","False","False","OF004","98.92","56-65","Arequipa","True","55.38666666666666","224.66666666666666","9.666666666666666","2.8333333333333335","97.57333333333334","10.833333333333334","1","0","4","Tienda"
"CLI001794","prepago","51","True","True","OF008","True","False","False","OF004","98.67","26-35","Otro","False","69.31","207.16666666666666","7.333333333333333","0.0","97.35833333333333","11.333333333333334","3","0","4","Digital"
"CLI001795","postpago","87","True","False","","False","False","False","OF001","44.15","46-55","Arequipa","True","9.693333333333333","194.33333333333334","10.166666666666666","4.0","44.32833333333334","2.8333333333333335","1","0","8","Tienda"
"CLI001796","","37","False","True","OF005","True","False","False","OF005","87.97","26-35","Ica","False","2.0500000000000003","180.33333333333334","7.166666666666667","0.0","87.28666666666668","0.0","0","0","1","Call Out"
"CLI001797","postpago","176","True","False","","False","False","False","OF003","77.64","36-45","Lima","False","40.66","142.16666666666666","6.166666666666667","0.0","76.56166666666667","0.0","0","0","7","Tienda"
"CLI001798","prepago","34","True","False","","False","False","False","OF004","107.26","56-65","Lima","True","49.51333333333333","213.33333333333334","7.0","4.666666666666667","108.16166666666668","14.166666666666666","2","3","5","Digital"
"CLI001799","prepago","87","True","True","OF005","True","False","False","OF004","104.11","46-55","Lima","False","63.01","203.33333333333334","7.166666666666667","0.0","102.49166666666667","15.833333333333334","3","0","0",""
"CLI001800","prepago","94","True","False","","False","False","False","OF001","42.91","46-55","Lima","True","9.950000000000001","147.66666666666666","7.833333333333333","3.5","43.074999999999996","1.3333333333333333","0","0","3","Call In"
"CLI001801","postpago","11","True","False","","False","False","False","OF003","78.9","46-55","La Libertad","True","33.67666666666667","138.83333333333334","8.666666666666666","2.5","80.04","23.333333333333332","4","0","5","Tienda"
"CLI001802","postpago","85","True","True","OF008","True","True","False","OF020","123.69","26-35","Arequipa","True","22.22","171.5","9.666666666666666","2.3333333333333335","121.83","3.1666666666666665","1","0","7","Call In"
"CLI001803","postpago","82","True","False","","False","False","False","OF001","41.2","46-55","Arequipa","True","9.488333333333333","136.66666666666666","8.166666666666666","2.0","40.86833333333333","7.666666666666667","2","0","4","Tienda"
"CLI001804","postpago","47","True","True","OF007","False","False","False","OF001","39.58","36-45","Lima","True","8.755","219.5","7.833333333333333","3.1666666666666665","39.50666666666667","17.166666666666668","2","0","6","Tienda"
"CLI001805","","24","False","True","OF007","False","False","False","OF007","65.49","36-45","Lima","True","2.1983333333333337","202.5","7.0","2.5","66.795","6.833333333333333","1","2","2","Call Out"
"CLI001806","prepago","9","True","False","","False","False","False","OF001","43.02","65+","Piura","True","8.218333333333334","116.0","8.5","3.6666666666666665","43.401666666666664","10.166666666666666","1","0","4","Tienda"
"CLI001807","postpago","2","True","False","","False","False","False","OF002","58.01","26-35","Lima","True","16.311666666666667","163.16666666666666","7.333333333333333","3.1666666666666665","58.41166666666667","7.5","1","3","6","Digital"
"CLI001808","prepago","87","True","True","OF006","True","False","False","OF001","39.7","26-35","Lima","True","7.453333333333333","161.5","8.166666666666666","2.6666666666666665","39.88166666666667","0.0","0","0","5","Call In"
"CLI001809","postpago","17","True","False","","False","False","False","OF001","39.78","46-55","La Libertad","True","9.233333333333333","188.66666666666666","7.666666666666667","3.3333333333333335","39.25333333333333","10.333333333333334","1","3","4","Digital"
"CLI001810","prepago","173","True","True","OF009","True","False","False","OF003","80.13","26-35","Arequipa","True","37.56","195.0","7.166666666666667","1.6666666666666667","79.94","0.0","0","0","7","Tienda"
"CLI001811","prepago","45","True","False","","False","False","False","OF002","51.54","46-55","Arequipa","False","22.69666666666667","149.83333333333334","9.5","0.0","51.965","12.0","1","0","5","Digital"
"CLI001812","prepago","118","True","False","","False","False","False","OF001","39.69","56-65","La Libertad","False","10.541666666666666","144.5","8.0","0.0","39.711666666666666","6.666666666666667","1","0","3","Call In"
"CLI001813","postpago","122","True","False","","False","False","False","OF003","90.28","46-55","Lima","True","33.281666666666666","141.16666666666666","8.5","2.5","90.105","0.0","0","2","4","Digital"
"CLI001814","prepago","90","True","False","","False","False","False","OF001","40.35","36-45","La Libertad","True","8.743333333333334","164.83333333333334","7.333333333333333","4.0","40.04833333333333","24.5","3","0","1","Call In"
"CLI001815","postpago","160","True","False","","False","False","False","OF001","34.4","56-65","Piura","True","10.365","206.83333333333334","7.166666666666667","3.0","34.321666666666665","10.166666666666666","1","0","2","Call In"
"CLI001816","postpago","20","True","False","","False","False","False","OF001","39.68","36-45","Cusco","True","7.868333333333333","166.5","7.166666666666667","3.0","39.568333333333335","3.3333333333333335","1","0","5","Digital"
"CLI001817","prepago","43","True","True","OF005","True","False","False","OF002","65.95","18-25","Ica","True","18.185","157.33333333333334","7.0","4.333333333333333","65.33666666666666","14.5","2","0","2","Call In"
"CLI001818","","46","False","True","OF008","True","False","False","OF008","153.02","46-55","Piura","True","2.603333333333333","165.33333333333334","7.666666666666667","2.3333333333333335","153.54","0.0","0","3","5","Call Out"
"CLI001819","postpago","25","True","True","OF005","True","True","False","OF020","174.17","46-55","Arequipa","True","20.830000000000002","168.33333333333334","8.5","2.6666666666666665","173.29","16.333333333333332","2","0","4","Tienda"
"CLI001820","prepago","54","True","False","","False","False","False","OF004","102.88","56-65","Lima","False","50.703333333333326","205.33333333333334","8.833333333333334","0.0","101.415","8.833333333333334","1","0","6","Call Out"
"CLI001821","prepago","57","True","False","","False","False","False","OF004","92.15","26-35","Lima","True","63.47666666666667","197.66666666666666","7.666666666666667","2.6666666666666665","91.69833333333334","19.0","2","3","5","Digital"
"CLI001822","prepago","138","True","False","","False","False","False","OF001","40.22","18-25","Lima","False","9.488333333333333","133.83333333333334","10.0","0.0","40.745","17.833333333333332","2","0","10","Tienda"
"CLI001823","postpago","55","True","False","","False","False","False","OF002","56.62","18-25","Otro","False","21.133333333333333","162.0","8.666666666666666","0.0","55.445","5.666666666666667","1","0","10","Tienda"
"CLI001824","postpago","158","True","False","","False","False","False","OF003","82.71","26-35","La Libertad","True","45.94166666666666","199.5","8.333333333333334","3.0","83.35166666666667","15.666666666666666","2","1","5","Call In"
"CLI001825","","140","False","True","OF006","True","False","False","OF006","106.46","46-55","Ica","True","2.0383333333333336","138.33333333333334","9.0","1.8333333333333333","104.90333333333332","0.0","0","0","4","Call Out"
"CLI001826","postpago","163","True","False","","False","False","False","OF001","38.08","36-45","Lima","True","8.299999999999999","216.0","8.0","2.6666666666666665","37.093333333333334","18.166666666666668","2","3","5","Call In"
"CLI001827","postpago","19","True","False","","False","False","False","OF004","108.48","26-35","Lima","True","65.60166666666667","222.0","6.166666666666667","1.8333333333333333","108.15333333333332","3.5","1","0","8","Digital"
"CLI001828","prepago","178","True","True","OF008","True","False","False","OF001","38.57","26-35","Lima","True","10.75","206.66666666666666","7.333333333333333","3.0","37.73166666666666","5.5","1","0","8","Tienda"
"CLI001829","prepago","111","True","True","OF005","True","False","False","OF001","37.33","26-35","Arequipa","True","9.271666666666667","181.33333333333334","10.333333333333334","4.0","37.51","10.5","1","0","2","Digital"
"CLI001830","postpago","177","True","False","","False","False","False","OF001","38.29","36-45","Piura","True","9.888333333333334","136.16666666666666","8.833333333333334","3.0","37.70666666666667","9.833333333333334","1","2","4","Tienda"
"CLI001831","prepago","64","True","False","","False","False","False","OF001","40.66","46-55","Cusco","True","7.953333333333333","152.66666666666666","8.166666666666666","4.166666666666667","40.23833333333334","6.0","1","0","7","Tienda"
"CLI001832","prepago","172","True","False","","False","False","False","OF002","53.66","65+","Lima","True","18.971666666666668","113.33333333333333","6.666666666666667","3.6666666666666665","54.14000000000001","0.0","0","0","7","Digital"
"CLI001833","prepago","106","True","False","","False","False","False","OF001","37.31","36-45","Cusco","False","7.6066666666666665","160.66666666666666","8.5","0.0","37.71666666666667","8.0","1","0","9","Tienda"
"CLI001834","postpago","13","True","True","OF006","True","False","True","OF003","81.76","26-35","Lima","True","43.31666666666666","144.16666666666666","7.166666666666667","3.0","82.955","17.666666666666668","3","0","6","Call Out"
"CLI001835","postpago","74","True","False","","False","False","False","OF003","81.76","26-35","Arequipa","True","32.905","118.5","7.333333333333333","2.8333333333333335","81.19833333333334","19.833333333333332","3","2","5","Digital"
"CLI001836","prepago","25","True","False","","False","False","False","OF002","57.33","36-45","Lima","True","21.765","232.83333333333334","7.833333333333333","3.3333333333333335","57.833333333333336","35.833333333333336","5","0","5","Tienda"
"CLI001837","prepago","170","True","True","OF005","True","False","False","OF003","90.91","36-45","Lambayeque","True","38.62833333333334","177.5","6.5","3.1666666666666665","90.48333333333333","1.6666666666666667","0","0","9","Call In"
"CLI001838","postpago","55","True","False","","False","False","False","OF003","81.9","26-35","Arequipa","True","30.816666666666666","167.33333333333334","6.333333333333333","3.3333333333333335","80.995","9.666666666666666","1","0","4","Digital"
"CLI001839","postpago","41","True","True","OF008","True","False","True","OF002","47.94","26-35","Otro","False","19.976666666666667","182.0","10.5","0.0","48.906666666666666","13.0","2","2","7","Call In"
"CLI001840","prepago","100","True","False","","False","False","False","OF004","103.94","46-55","Cusco","False","65.04333333333334","116.66666666666667","7.833333333333333","0.0","103.64666666666666","6.333333333333333","1","1","4","Call In"
"CLI001841","postpago","77","True","False","","False","False","False","OF001","37.91","36-45","Lambayeque","True","11.33","154.0","6.166666666666667","2.6666666666666665","37.74","7.333333333333333","1","0","4","Tienda"
"CLI001842","prepago","18","True","False","","False","False","False","OF002","65.26","36-45","Otro","True","19.021666666666665","196.33333333333334","8.0","2.6666666666666665","66.31333333333333","19.0","2","1","5","Digital"
"CLI001843","postpago","147","True","False","","False","False","False","OF003","64.55","36-45","Lima","True","38.00333333333334","201.5","7.5","3.5","63.833333333333336","0.0","0","0","6","Digital"
"CLI001844","prepago","153","True","True","OF006","True","False","False","OF004","91.24","36-45","Lima","True","63.675000000000004","157.5","9.666666666666666","4.0","92.12333333333333","0.0","0","0","4","Call Out"
"CLI001845","prepago","134","True","True","OF005","True","False","False","OF004","106.01","26-35","Piura","True","57.59166666666667","235.83333333333334","7.833333333333333","3.1666666666666665","106.12666666666667","3.5","1","0","3","Digital"
"CLI001846","postpago","112","True","True","OF006","True","False","True","OF003","73.58","56-65","Lima","True","32.82833333333333","196.5","7.5","3.6666666666666665","71.97333333333334","24.166666666666668","4","0","7","Call Out"
"CLI001847","postpago","73","True","False","","False","False","False","OF004","83.57","18-25","Lima","True","53.50333333333333","173.16666666666666","6.333333333333333","3.3333333333333335","84.26","16.333333333333332","2","0","6","Digital"
"CLI001848","postpago","98","True","False","","False","False","False","OF001","37.65","26-35","Lima","True","8.168333333333335","228.83333333333334","6.833333333333333","1.1666666666666667","37.885","1.5","0","1","3","Call In"
"CLI001849","postpago","94","True","False","","False","False","False","OF003","75.48","36-45","Lima","False","40.50833333333333","158.5","9.666666666666666","0.0","76.37","0.0","0","0","5","Call In"
"CLI001850","postpago","30","True","True","OF005","True","False","True","OF001","42.68","36-45","Lima","True","10.928333333333333","144.5","8.333333333333334","2.8333333333333335","42.42666666666667","16.0","3","0","4","Call Out"
"CLI001851","prepago","15","True","True","OF005","True","False","False","OF003","85.41","36-45","Junin","True","39.733333333333334","185.16666666666666","7.5","2.8333333333333335","84.21666666666667","23.666666666666668","3","0","12","Tienda"
"CLI001852","postpago","46","True","False","","False","False","False","OF003","72.38","56-65","Lima","False","33.276666666666664","146.33333333333334","9.166666666666666","0.0","72.82666666666667","9.166666666666666","1","0","6","Digital"
"CLI001853","","82","False","True","OF005","True","False","False","OF005","96.49","26-35","Arequipa","True","1.5650000000000002","181.66666666666666","7.333333333333333","2.6666666666666665","95.045","4.833333333333333","1","0","8","Digital"
"CLI001854","postpago","29","True","True","OF007","False","False","False","OF002","60.88","26-35","Lima","True","12.161666666666667","228.33333333333334","6.833333333333333","2.5","59.745000000000005","7.333333333333333","1","0","5","Digital"
"CLI001855","prepago","20","True","False","","False","False","False","OF002","61.95","18-25","La Libertad","True","21.706666666666667","120.5","7.5","3.8333333333333335","61.324999999999996","14.666666666666666","2","0","5","Digital"
"CLI001856","prepago","154","True","False","","False","False","False","OF001","39.04","18-25","Otro","True","9.036666666666667","186.5","7.333333333333333","3.3333333333333335","39.42","14.333333333333334","2","0","7","Tienda"
"CLI001857","postpago","68","True","True","OF008","True","False","True","OF003","85.63","46-55","Cusco","True","33.45166666666667","158.5","7.333333333333333","3.1666666666666665","83.84833333333333","16.833333333333332","2","0","7","Digital"
"CLI001858","postpago","106","True","True","OF006","True","True","False","OF022","225.67","36-45","Lima","False","57.721666666666664","125.83333333333333","9.333333333333334","0.0","226.16666666666666","4.5","1","0","8","Tienda"
"CLI001859","postpago","95","True","False","","False","False","False","OF004","103.53","26-35","La Libertad","False","53.318333333333335","184.83333333333334","6.833333333333333","0.0","102.83166666666666","0.0","0","0","3","Call In"
"CLI001860","postpago","133","True","False","","False","False","False","OF003","73.5","46-55","Lima","True","40.693333333333335","123.83333333333333","9.666666666666666","3.5","73.17999999999999","13.833333333333334","2","0","8","Digital"
"CLI001861","postpago","134","True","True","OF005","True","False","True","OF004","106.22","46-55","Otro","False","66.55666666666666","174.0","9.333333333333334","0.0","105.41833333333334","0.0","0","0","4","Tienda"
"CLI001862","prepago","54","True","True","OF006","True","False","False","OF004","85.68","56-65","Lima","True","56.495000000000005","240.5","10.0","2.8333333333333335","85.49000000000001","8.0","1","3","5","Digital"
"CLI001863","postpago","153","True","True","OF005","True","False","True","OF002","58.49","26-35","La Libertad","True","18.985","134.33333333333334","10.0","2.6666666666666665","57.43","1.5","0","0","4","Tienda"
"CLI001864","postpago","67","True","False","","False","False","False","OF004","96.25","46-55","Lima","True","58.38666666666666","178.16666666666666","7.5","3.0","97.8","0.0","0","0","4","Digital"
"CLI001865","postpago","151","True","False","","False","False","False","OF004","86.43","26-35","Lima","True","54.654999999999994","225.5","7.0","2.8333333333333335","87.06666666666666","5.333333333333333","1","0","5","Digital"
"CLI001866","postpago","73","True","True","OF007","False","False","False","OF002","59.61","56-65","Ica","True","21.813333333333333","145.16666666666666","7.666666666666667","2.6666666666666665","59.655","3.1666666666666665","1","0","7","Tienda"
"CLI001867","postpago","20","True","True","OF007","False","False","False","OF003","84.58","56-65","Piura","True","38.31166666666667","215.5","8.333333333333334","2.3333333333333335","83.21833333333333","12.166666666666666","2","0","5","Digital"
"CLI001868","prepago","137","True","False","","False","False","False","OF002","49.47","36-45","Lima","True","20.419999999999998","137.83333333333334","6.333333333333333","2.8333333333333335","49.37","9.0","1","0","3","Tienda"
"CLI001869","postpago","6","True","False","","False","False","False","OF003","87.08","36-45","Lambayeque","True","32.833333333333336","191.5","10.0","1.8333333333333333","86.19","14.833333333333334","2","0","6","Tienda"
"CLI001870","postpago","140","True","True","OF007","False","False","False","OF002","61.74","36-45","Cusco","True","14.696666666666667","203.16666666666666","7.833333333333333","3.3333333333333335","62.44166666666666","6.166666666666667","1","0","2","Digital"
"CLI001871","postpago","8","True","True","OF005","True","True","False","OF022","225.21","36-45","Arequipa","True","56.826666666666675","150.66666666666666","9.833333333333334","3.3333333333333335","223.08666666666667","19.166666666666668","3","2","4","Digital"
"CLI001872","postpago","38","True","True","OF007","False","False","False","OF001","38.36","36-45","Junin","True","9.455","140.33333333333334","7.5","3.3333333333333335","38.181666666666665","6.333333333333333","1","0","3","Tienda"
"CLI001873","","109","False","True","OF008","True","False","False","OF008","131.66","46-55","Arequipa","False","1.9133333333333333","195.16666666666666","5.166666666666667","0.0","132.8166666666667","18.833333333333332","2","0","10","Call In"
"CLI001874","prepago","170","True","False","","False","False","False","OF003","78.25","65+","Lima","True","34.208333333333336","103.0","9.166666666666666","3.6666666666666665","79.38333333333334","0.0","0","0","7","Call In"
"CLI001875","postpago","74","True","False","","False","False","False","OF003","86.6","46-55","Lima","True","38.99333333333333","158.5","9.333333333333334","2.3333333333333335","87.46999999999998","16.833333333333332","2","0","4","Tienda"
"CLI001876","postpago","22","True","False","","False","False","False","OF002","54.28","26-35","Lima","False","21.346666666666664","118.66666666666667","7.333333333333333","0.0","54.593333333333334","30.666666666666668","4","0","6","Digital"
"CLI001877","postpago","42","True","False","","False","False","False","OF004","91.82","36-45","Lima","True","61.821666666666665","139.5","8.166666666666666","1.8333333333333333","90.55833333333334","13.333333333333334","2","0","3","Call In"
"CLI001878","postpago","162","True","True","OF006","True","False","True","OF003","79.22","36-45","Arequipa","True","33.45333333333333","205.83333333333334","7.833333333333333","4.333333333333333","80.31833333333333","9.0","1","0","4","Digital"
"CLI001879","prepago","131","True","True","OF005","True","False","False","OF001","42.49","18-25","Lambayeque","False","7.935","186.16666666666666","9.5","0.0","43.074999999999996","8.0","2","0","6","Tienda"
"CLI001880","","19","False","True","OF006","True","False","False","OF006","119.16","36-45","Lima","True","1.915","150.33333333333334","6.666666666666667","3.5","119.16000000000001","17.833333333333332","2","0","8","Call In"
"CLI001881","prepago","70","True","True","OF005","True","False","False","OF002","69.03","18-25","Otro","True","17.663333333333334","200.16666666666666","8.666666666666666","2.3333333333333335","69.45333333333333","0.0","0","0","1","Digital"
"CLI001882","prepago","48","True","False","","False","False","False","OF002","61.87","36-45","Otro","True","15.476666666666667","180.5","7.333333333333333","1.8333333333333333","61.335","10.833333333333334","2","0","4","Call In"
"CLI001883","prepago","33","True","True","OF008","True","False","False","OF003","84.31","18-25","Junin","False","30.406666666666666","225.5","9.0","0.0","84.80499999999999","11.666666666666666","2","0","2","Call In"
"CLI001884","postpago","153","True","False","","False","False","False","OF003","80.83","26-35","Lima","True","36.928333333333335","98.66666666666667","6.166666666666667","3.3333333333333335","81.325","0.0","0","0","8","Tienda"
"CLI001885","prepago","112","True","False","","False","False","False","OF003","81.14","65+","La Libertad","False","40.54666666666667","126.16666666666667","7.333333333333333","0.0","78.905","2.0","0","0","9","Tienda"
"CLI001886","postpago","33","True","False","","False","False","False","OF003","71.68","18-25","Otro","True","45.07333333333333","165.0","10.333333333333334","2.5","71.68833333333333","13.833333333333334","2","0","9","Digital"
"CLI001887","prepago","118","True","True","OF005","True","False","False","OF001","42.63","26-35","Lima","True","7.621666666666666","184.33333333333334","7.0","3.6666666666666665","42.71666666666667","6.5","1","0","8","Call Out"
"CLI001888","postpago","75","True","True","OF008","True","True","False","OF020","141.72","26-35","Cusco","True","14.660000000000002","177.66666666666666","7.333333333333333","2.1666666666666665","140.655","0.0","0","0","8","Tienda"
"CLI001889","prepago","12","True","True","OF008","True","False","False","OF001","41.26","36-45","Otro","True","8.321666666666667","149.33333333333334","9.0","3.8333333333333335","40.945","18.166666666666668","3","0","4","Call In"
"CLI001890","","81","False","True","OF010","True","False","False","OF010","158.99","65+","Lima","False","1.9483333333333333","220.0","7.833333333333333","0.0","158.70833333333334","9.166666666666666","1","0","5","Digital"
"CLI001891","postpago","34","True","False","","False","False","False","OF001","43.28","36-45","Piura","True","11.338333333333333","178.0","9.0","3.0","43.74666666666667","12.666666666666666","2","0","3","Call In"
"CLI001892","postpago","45","True","True","OF007","False","False","False","OF001","41.61","56-65","Otro","True","9.145","143.83333333333334","8.833333333333334","3.8333333333333335","41.961666666666666","19.5","3","0","3","Call In"
"CLI001893","prepago","159","True","True","OF008","True","False","False","OF001","40.84","26-35","Lima","False","8.128333333333332","193.16666666666666","8.0","0.0","40.93","8.5","2","0","5","Call In"
"CLI001894","postpago","128","True","True","OF008","True","False","True","OF001","39.68","26-35","Lima","True","8.178333333333333","186.16666666666666","5.833333333333333","1.8333333333333333","40.163333333333334","2.0","0","0","4","Digital"
"CLI001895","prepago","25","True","False","","False","False","False","OF004","105.33","56-65","Otro","False","73.30666666666666","200.33333333333334","6.166666666666667","0.0","107.00666666666666","12.5","2","0","9","Call In"
"CLI001896","prepago","154","True","False","","False","False","False","OF001","36.6","18-25","Lima","False","11.293333333333331","172.33333333333334","9.5","0.0","36.22","0.0","0","0","3","Call In"
"CLI001897","prepago","104","True","True","OF005","True","False","False","OF003","89.62","36-45","Lima","True","36.135","199.33333333333334","7.5","2.5","89.98833333333334","3.5","1","0","3","Tienda"
"CLI001898","postpago","158","True","True","OF005","True","True","False","OF020","159.9","36-45","Lima","True","24.926666666666666","212.5","9.0","2.1666666666666665","156.84166666666667","0.0","0","0","5","Tienda"
"CLI001899","prepago","135","True","False","","False","False","False","OF004","87.96","56-65","Lima","True","56.74666666666667","153.5","7.5","2.0","88.58666666666666","0.0","0","0","4","Call Out"
"CLI001900","postpago","62","True","True","OF006","True","False","True","OF002","65.33","36-45","Arequipa","False","16.811666666666667","148.0","6.5","0.0","65.50333333333333","2.5","0","0","7","Call In"
"CLI001901","prepago","97","True","True","OF006","True","False","False","OF003","70.85","56-65","Lima","True","42.14666666666667","153.5","8.833333333333334","3.0","72.29333333333334","11.166666666666666","1","0","4","Call In"
"CLI001902","postpago","96","True","True","OF005","True","False","True","OF003","86.22","36-45","Lima","True","34.68833333333333","205.33333333333334","7.833333333333333","3.1666666666666665","86.59500000000001","15.833333333333334","2","0","4","Call Out"
"CLI001903","prepago","130","True","False","","False","False","False","OF001","37.24","26-35","Lima","True","7.9383333333333335","168.33333333333334","7.666666666666667","3.1666666666666665","37.315","7.166666666666667","1","0","3","Call Out"
"CLI001904","","45","False","True","OF010","True","False","False","OF010","175.09","18-25","Arequipa","True","1.5216666666666665","244.83333333333334","8.333333333333334","3.3333333333333335","175.26833333333332","14.0","2","0","7","Call In"
"CLI001905","postpago","60","True","False","","False","False","False","OF004","127.92","36-45","Lima","True","52.824999999999996","187.83333333333334","9.5","2.8333333333333335","128.545","14.666666666666666","3","0","6","Tienda"
"CLI001906","prepago","45","True","True","OF005","True","False","False","OF003","75.12","18-25","Lima","True","39.419999999999995","149.5","7.666666666666667","2.8333333333333335","75.55666666666666","30.666666666666668","4","0","10","Tienda"
"CLI001907","prepago","54","True","False","","False","False","False","OF001","38.69","26-35","Arequipa","True","7.855","208.16666666666666","7.5","3.1666666666666665","39.195","4.666666666666667","1","0","6","Call Out"
"CLI001908","postpago","30","True","False","","False","False","False","OF002","60.47","36-45","Otro","True","20.521666666666665","135.16666666666666","7.166666666666667","1.5","59.635","6.5","1","0","8","Digital"
"CLI001909","prepago","7","True","True","OF008","True","False","False","OF003","89.37","36-45","Lima","True","38.665","107.16666666666667","7.0","3.5","89.43333333333334","16.166666666666668","3","1","1","Digital"
"CLI001910","","170","False","True","OF005","True","False","False","OF005","89.97","36-45","Piura","True","2.313333333333333","200.0","6.666666666666667","2.6666666666666665","87.77499999999999","4.166666666666667","1","0","4","Tienda"
"CLI001911","postpago","14","True","False","","False","False","False","OF001","41.9","65+","Lima","False","9.415","226.16666666666666","7.166666666666667","0.0","42.515","24.0","4","0","6","Call Out"
"CLI001912","postpago","160","True","False","","False","False","False","OF001","43.53","18-25","Junin","True","9.12","123.16666666666667","6.666666666666667","2.6666666666666665","43.36833333333334","4.0","1","0","10","Digital"
"CLI001913","prepago","1","True","True","OF005","True","False","False","OF003","81.35","65+","Arequipa","True","37.73166666666666","239.16666666666666","8.166666666666666","1.8333333333333333","80.17166666666667","18.0","3","0","1","Digital"
"CLI001914","postpago","140","True","False","","False","False","False","OF003","80.35","46-55","Otro","False","35.64666666666667","194.16666666666666","8.166666666666666","0.0","79.3","1.1666666666666667","0","0","7","Digital"
"CLI001915","","60","False","True","OF005","True","False","False","OF005","99.21","46-55","Lima","False","2.44","192.33333333333334","7.0","0.0","99.27833333333332","1.5","0","0","3","Digital"
"CLI001916","postpago","94","True","True","OF005","True","False","True","OF001","42.24","36-45","Lima","False","10.308333333333334","137.66666666666666","10.333333333333334","0.0","42.656666666666666","1.6666666666666667","0","0","5","Digital"
"CLI001917","prepago","51","True","True","OF005","True","False","False","OF004","99.25","26-35","Lima","True","63.19333333333333","171.16666666666666","7.0","2.5","100.73666666666666","0.0","0","2","9","Digital"
"CLI001918","prepago","89","True","True","OF005","True","False","False","OF004","111.62","46-55","Lima","True","60.79333333333333","185.16666666666666","7.5","3.1666666666666665","109.21166666666666","0.0","0","2","4","Call Out"
"CLI001919","prepago","82","True","False","","False","False","False","OF002","60.5","46-55","Lima","False","18.89166666666667","140.16666666666666","8.333333333333334","0.0","61.221666666666664","14.5","2","0","6","Digital"
"CLI001920","postpago","96","True","False","","False","False","False","OF003","83.25","46-55","Lima","True","26.723333333333333","218.66666666666666","6.166666666666667","2.1666666666666665","82.00833333333334","0.0","0","0","8","Digital"
"CLI001921","prepago","71","True","False","","False","False","False","OF001","35.14","56-65","Arequipa","False","9.450000000000001","169.5","8.5","0.0","35.28666666666667","12.833333333333334","2","0","1","Call In"
"CLI001922","postpago","97","True","True","OF009","True","True","False","OF020","164.6","18-25","Lima","True","22.826666666666668","245.0","7.5","3.6666666666666665","168.5","2.1666666666666665","0","0","4","Tienda"
"CLI001923","postpago","149","True","False","","False","False","False","OF001","41.63","65+","Lima","True","10.068333333333333","186.66666666666666","8.5","4.166666666666667","42.19166666666667","8.333333333333334","1","0","5","Tienda"
"CLI001924","postpago","79","True","False","","False","False","False","OF002","62.41","56-65","Otro","True","18.111666666666668","163.33333333333334","9.0","2.6666666666666665","62.035","0.0","0","0","5","Digital"
"CLI001925","prepago","66","True","True","OF005","True","False","False","OF003","78.27","56-65","Lima","True","47.050000000000004","132.16666666666666","7.5","2.8333333333333335","80.35333333333334","0.0","0","1","6","Tienda"
"CLI001926","prepago","24","True","False","","False","False","False","OF004","109.86","36-45","Lima","False","55.51666666666667","179.83333333333334","8.0","0.0","111.20666666666666","13.0","2","2","6","Digital"
"CLI001927","postpago","65","True","False","","False","False","False","OF001","40.63","46-55","La Libertad","True","10.014999999999999","213.5","9.5","3.6666666666666665","41.196666666666665","0.0","0","0","7","Digital"
"CLI001928","postpago","23","True","False","","False","False","False","OF001","44.43","36-45","Lima","False","7.96","214.16666666666666","8.5","0.0","43.215","18.833333333333332","3","0","2","Call In"
"CLI001929","prepago","33","True","True","OF007","False","False","False","OF004","104.51","36-45","Lambayeque","True","56.21333333333334","212.0","8.166666666666666","2.6666666666666665","104.33333333333333","14.333333333333334","2","2","4","Call In"
"CLI001930","postpago","172","True","False","","False","False","False","OF004","103.11","56-65","Lima","True","58.05500000000001","247.33333333333334","8.666666666666666","2.8333333333333335","103.73666666666668","0.0","0","0","5","Digital"
"CLI001931","prepago","17","True","False","","False","False","False","OF003","84.52","26-35","Lima","True","38.778333333333336","211.5","6.166666666666667","3.6666666666666665","85.39333333333333","29.166666666666668","5","2","10","Call In"
"CLI001932","postpago","87","True","True","OF007","False","False","False","OF002","57.1","56-65","Otro","True","18.805","201.83333333333334","7.166666666666667","2.5","57.68833333333333","1.5","0","0","4","Call In"
"CLI001933","prepago","151","True","True","OF010","True","False","False","OF002","64.8","36-45","Piura","False","13.841666666666667","230.16666666666666","7.0","0.0","65.21333333333332","0.0","0","0","4","Digital"
"CLI001934","prepago","172","True","False","","False","False","False","OF002","53.97","26-35","Lima","False","18.80333333333333","178.0","7.666666666666667","0.0","54.94166666666666","0.0","0","0","4","Digital"
"CLI001935","postpago","27","True","True","OF009","True","True","False","OF021","188.57","36-45","Lima","True","38.391666666666666","204.5","6.0","2.6666666666666665","189.36333333333334","8.833333333333334","2","3","5","Tienda"
"CLI001936","postpago","30","True","False","","False","False","False","OF002","62.82","36-45","Ica","True","19.540000000000003","230.83333333333334","7.166666666666667","3.6666666666666665","63.73","25.0","3","0","11","Digital"
"CLI001937","postpago","68","True","False","","False","False","False","OF003","76.18","26-35","Cusco","True","36.931666666666665","152.16666666666666","7.666666666666667","3.1666666666666665","75.945","1.3333333333333333","0","0","10","Call Out"
"CLI001938","prepago","100","True","False","","False","False","False","OF003","75.01","46-55","Cusco","True","35.54","190.16666666666666","8.333333333333334","2.1666666666666665","75.43333333333334","10.833333333333334","1","0","6","Digital"
"CLI001939","postpago","173","True","True","OF005","True","False","True","OF003","76.21","26-35","Junin","True","31.878333333333334","230.66666666666666","10.5","2.1666666666666665","76.015","9.833333333333334","2","0","9","Tienda"
"CLI001940","","38","False","True","OF006","True","False","False","OF006","112.23","46-55","Lima","False","1.5533333333333335","179.16666666666666","7.666666666666667","0.0","112.78000000000002","7.0","2","0","2","Call In"
"CLI001941","postpago","30","True","True","OF005","True","True","False","OF020","136.19","26-35","Arequipa","True","23.768333333333334","230.66666666666666","11.333333333333334","2.3333333333333335","138.795","9.833333333333334","2","0","2","Call In"
"CLI001942","prepago","46","True","False","","False","False","False","OF003","74.74","18-25","Cusco","True","37.901666666666664","178.66666666666666","8.5","3.1666666666666665","74.405","5.5","1","2","10","Call Out"
"CLI001943","postpago","158","True","False","","False","False","False","OF002","70.23","26-35","Lima","True","18.351666666666667","175.83333333333334","6.833333333333333","3.6666666666666665","71.03","8.0","1","0","3","Call In"
"CLI001944","postpago","6","True","False","","False","False","False","OF001","34.71","26-35","Otro","True","9.641666666666667","183.33333333333334","7.0","3.6666666666666665","34.64333333333334","13.5","2","0","5","Digital"
"CLI001945","postpago","69","True","False","","False","False","False","OF001","38.47","46-55","Ica","False","9.325000000000001","185.33333333333334","10.0","0.0","37.99333333333333","0.0","0","0","7","Digital"
"CLI001946","postpago","22","True","False","","False","False","False","OF002","57.94","36-45","Lima","True","19.351666666666667","196.66666666666666","6.0","2.3333333333333335","58.01","19.0","3","0","3","Call In"
"CLI001947","postpago","29","True","False","","False","False","False","OF004","101.28","46-55","Otro","True","51.625","188.16666666666666","7.666666666666667","3.3333333333333335","102.57333333333334","11.166666666666666","1","1","4","Call In"
"CLI001948","prepago","166","True","False","","False","False","False","OF001","42.6","46-55","Lambayeque","False","8.786666666666667","167.83333333333334","6.833333333333333","0.0","41.60666666666666","0.0","0","0","4","Tienda"
"CLI001949","prepago","1","True","True","OF008","True","False","False","OF004","100.71","26-35","Lima","True","69.395","173.33333333333334","8.166666666666666","2.6666666666666665","98.54","4.5","1","1","5","Digital"
"CLI001950","postpago","58","True","False","","False","False","False","OF002","69.63","56-65","Arequipa","True","20.468333333333334","99.33333333333333","8.833333333333334","3.3333333333333335","69.47","7.666666666666667","1","0","1","Digital"
"CLI001951","prepago","165","True","False","","False","False","False","OF003","68.87","46-55","Junin","False","36.04333333333333","178.33333333333334","8.5","0.0","67.32833333333333","0.0","0","0","7","Call In"
"CLI001952","postpago","110","True","False","","False","False","False","OF002","65.23","18-25","Otro","True","17.145","163.33333333333334","6.166666666666667","1.8333333333333333","65.995","0.0","0","0","8","Digital"
"CLI001953","postpago","13","True","False","","False","False","False","OF001","39.54","36-45","Lima","True","6.884999999999999","144.66666666666666","8.166666666666666","2.1666666666666665","39.70333333333333","16.833333333333332","4","0","4","Digital"
"CLI001954","","84","False","True","OF008","True","False","False","OF008","136.33","26-35","La Libertad","False","1.875","213.16666666666666","8.0","0.0","135.92166666666665","1.6666666666666667","0","0","6","Call In"
"CLI001955","prepago","175","True","False","","False","False","False","OF003","90.19","36-45","Lambayeque","True","33.90333333333333","195.0","8.666666666666666","3.6666666666666665","90.2","17.833333333333332","3","0","2","Digital"
"CLI001956","prepago","73","True","True","OF008","True","False","False","OF004","102.0","26-35","Piura","False","47.88833333333333","189.66666666666666","6.833333333333333","0.0","101.105","7.333333333333333","1","0","4","Call In"
"CLI001957","prepago","96","True","False","","False","False","False","OF004","101.75","36-45","Junin","True","57.225","160.16666666666666","8.333333333333334","2.1666666666666665","103.03666666666668","11.0","2","0","7","Tienda"
"CLI001958","","96","False","True","OF005","True","False","False","OF005","101.43","26-35","Lambayeque","True","1.9666666666666668","185.33333333333334","9.0","3.0","101.25999999999999","11.666666666666666","2","0","3","Tienda"
"CLI001959","postpago","119","True","False","","False","False","False","OF004","105.06","36-45","Piura","False","55.04333333333333","142.66666666666666","8.166666666666666","0.0","104.5","0.0","0","0","4","Digital"
"CLI001960","prepago","34","True","False","","False","False","False","OF004","106.5","36-45","Junin","False","54.723333333333336","178.0","7.0","0.0","106.355","19.5","3","2","10","Digital"
"CLI001961","","152","False","True","OF005","True","False","False","OF005","89.85","46-55","Lima","True","1.3016666666666667","155.33333333333334","6.833333333333333","1.8333333333333333","90.36500000000001","11.5","2","0","9","Digital"
"CLI001962","postpago","178","True","True","OF005","True","False","True","OF001","38.76","26-35","La Libertad","True","9.331666666666667","170.5","8.166666666666666","3.3333333333333335","38.86166666666667","6.833333333333333","1","0","6","Digital"
"CLI001963","prepago","26","True","False","","False","False","False","OF004","102.24","18-25","La Libertad","False","60.59833333333333","227.83333333333334","8.833333333333334","0.0","102.36833333333334","18.0","2","0","2","Call In"
"CLI001964","","148","False","True","OF010","True","False","False","OF010","157.77","36-45","Arequipa","True","1.4133333333333333","211.83333333333334","8.0","2.8333333333333335","155.48499999999999","7.833333333333333","1","0","1","Digital"
"CLI001965","prepago","148","True","False","","False","False","False","OF003","79.08","36-45","Lima","False","32.86833333333333","173.83333333333334","6.666666666666667","0.0","79.80499999999999","8.333333333333334","1","2","4","Call In"
"CLI001966","postpago","134","True","True","OF008","True","False","True","OF002","63.76","36-45","Arequipa","True","22.18166666666667","113.66666666666667","9.0","2.3333333333333335","64.04833333333333","3.6666666666666665","1","0","7","Digital"
"CLI001967","postpago","67","True","False","","False","False","False","OF004","85.86","36-45","Arequipa","True","65.28333333333333","167.66666666666666","8.666666666666666","4.166666666666667","85.49166666666667","7.666666666666667","2","0","3","Digital"
"CLI001968","postpago","85","True","True","OF010","True","True","False","OF020","139.58","26-35","Lima","True","22.133333333333336","189.83333333333334","8.5","2.6666666666666665","139.79166666666666","15.333333333333334","2","0","12","Call Out"
"CLI001969","postpago","152","True","False","","False","False","False","OF002","59.18","36-45","Lima","False","21.266666666666666","188.5","6.666666666666667","0.0","58.60333333333333","6.166666666666667","1","0","7","Digital"
"CLI001970","prepago","28","True","True","OF008","True","False","False","OF002","60.91","36-45","Ica","False","19.955","224.0","6.833333333333333","0.0","60.465","11.833333333333334","2","0","10","Tienda"
"CLI001971","postpago","150","True","False","","False","False","False","OF003","84.33","36-45","Lima","True","31.328333333333333","159.5","6.166666666666667","2.0","84.54666666666667","0.0","0","0","6","Tienda"
"CLI001972","prepago","166","True","True","OF007","False","False","False","OF003","89.54","36-45","Arequipa","True","41.86666666666667","113.83333333333333","10.333333333333334","3.0","88.86","9.666666666666666","2","0","4","Digital"
"CLI001973","prepago","123","True","False","","False","False","False","OF002","60.56","36-45","Arequipa","False","21.02","110.16666666666667","10.5","0.0","61.95333333333334","0.0","0","0","6","Digital"
"CLI001974","postpago","62","True","False","","False","False","False","OF004","104.15","36-45","Lima","False","51.97833333333333","221.83333333333334","7.166666666666667","0.0","103.49833333333333","14.333333333333334","3","0","6","Digital"
"CLI001975","postpago","101","True","False","","False","False","False","OF002","65.11","46-55","Arequipa","True","21.161666666666665","165.0","6.666666666666667","2.0","66.02666666666667","12.666666666666666","3","2","5","Tienda"
"CLI001976","postpago","10","True","True","OF006","True","True","False","OF021","179.1","36-45","Lima","False","42.475","240.83333333333334","9.0","0.0","180.21166666666667","15.833333333333334","3","0","4","Call Out"
"CLI001977","postpago","168","True","False","","False","False","False","OF001","41.8","56-65","Lima","True","8.575000000000001","222.16666666666666","7.0","3.6666666666666665","42.03666666666667","12.666666666666666","2","2","5","Tienda"
"CLI001978","postpago","62","True","True","OF008","True","False","True","OF002","62.84","56-65","Lima","False","21.395","172.33333333333334","6.166666666666667","0.0","61.748333333333335","0.8333333333333334","0","0","4","Tienda"
"CLI001979","postpago","11","True","True","OF010","True","True","False","OF020","153.96","26-35","Junin","False","27.661666666666665","126.33333333333333","7.0","0.0","156.28666666666666","16.666666666666668","3","1","1","Tienda"
"CLI001980","postpago","144","True","False","","False","False","False","OF002","62.15","56-65","Lima","True","19.213333333333335","140.5","7.5","4.0","61.975","17.333333333333332","3","0","6","Digital"
"CLI001981","postpago","119","True","False","","False","False","False","OF002","57.21","26-35","Cusco","True","20.025000000000002","267.3333333333333","6.833333333333333","1.8333333333333333","55.553333333333335","2.1666666666666665","0","0","8","Digital"
"CLI001982","prepago","113","True","False","","False","False","False","OF001","32.91","65+","Lima","True","9.233333333333333","196.0","8.166666666666666","2.0","32.39666666666667","8.0","1","0","4","Digital"
"CLI001983","postpago","10","True","False","","False","False","False","OF004","98.41","56-65","Ica","True","62.64000000000001","197.33333333333334","7.833333333333333","2.8333333333333335","100.04333333333334","32.5","5","0","7","Digital"
"CLI001984","postpago","136","True","True","OF009","True","False","True","OF001","48.05","36-45","Arequipa","False","8.215","201.0","8.666666666666666","0.0","48.60666666666666","0.0","0","0","3","Call In"
"CLI001985","prepago","115","True","True","OF006","True","False","False","OF002","54.71","26-35","La Libertad","True","18.633333333333333","223.5","8.5","4.5","54.343333333333334","0.0","0","0","6","Digital"
"CLI001986","postpago","143","True","False","","False","False","False","OF002","56.91","46-55","Arequipa","False","22.878333333333334","140.33333333333334","6.5","0.0","56.86166666666667","1.3333333333333333","0","0","5","Call In"
"CLI001987","postpago","149","True","True","OF005","True","False","True","OF001","40.21","26-35","Lima","False","8.195","171.0","7.333333333333333","0.0","40.29666666666666","0.0","0","0","6","Tienda"
"CLI001988","prepago","39","True","False","","False","False","False","OF001","42.92","36-45","Junin","True","8.446666666666667","184.66666666666666","8.0","2.8333333333333335","42.51833333333334","14.833333333333334","2","0","1","Tienda"
"CLI001989","postpago","38","True","False","","False","False","False","OF002","56.34","26-35","Otro","False","17.718333333333334","135.33333333333334","5.5","0.0","55.76833333333334","0.8333333333333334","0","0","5","Digital"
"CLI001990","postpago","167","True","False","","False","False","False","OF004","97.22","36-45","Arequipa","True","72.20166666666667","183.33333333333334","8.166666666666666","2.3333333333333335","95.81166666666667","3.0","1","3","4","Call Out"
"CLI001991","postpago","96","True","False","","False","False","False","OF004","82.96","26-35","Lambayeque","True","42.20166666666666","197.66666666666666","7.166666666666667","2.3333333333333335","84.655","3.6666666666666665","1","0","11","Tienda"
"CLI001992","postpago","79","True","False","","False","False","False","OF001","39.93","46-55","La Libertad","False","7.875","160.83333333333334","6.333333333333333","0.0","39.833333333333336","7.0","1","0","9","Digital"
"CLI001993","postpago","52","True","False","","False","False","False","OF002","60.83","36-45","Lambayeque","True","17.87","218.0","9.0","3.5","60.35333333333333","0.0","0","0","7","Digital"
"CLI001994","postpago","116","True","False","","False","False","False","OF003","76.06","46-55","Lima","True","32.25833333333333","152.5","7.0","2.6666666666666665","75.95166666666667","2.5","0","0","7","Digital"
"CLI001995","postpago","136","True","False","","False","False","False","OF004","95.51","46-55","Junin","True","61.26166666666666","168.5","9.833333333333334","3.1666666666666665","96.18166666666667","8.166666666666666","1","0","7","Digital"
"CLI001996","postpago","1","True","False","","False","False","False","OF004","93.27","46-55","Otro","True","45.254999999999995","158.5","10.166666666666666","3.0","92.12833333333333","30.0","4","0","9","Digital"
"CLI001997","postpago","100","True","False","","False","False","False","OF003","84.17","36-45","Lima","True","39.99","145.83333333333334","8.5","2.3333333333333335","84.58666666666666","0.0","0","0","8","Call In"
"CLI001998","postpago","179","True","False","","False","False","False","OF002","64.25","26-35","La Libertad","True","20.535","111.5","7.0","2.6666666666666665","64.40333333333332","23.666666666666668","3","0","0",""
"CLI001999","","51","False","True","OF005","True","False","False","OF005","97.84","26-35","Lima","True","1.9166666666666667","145.0","10.0","3.0","98.16833333333334","4.333333333333333","1","0","6","Call Out"
"CLI002000","postpago","51","True","False","","False","False","False","OF001","35.9","36-45","La Libertad","True","8.498333333333333","233.5","7.666666666666667","2.5","34.96","9.333333333333334","1","3","4","Digital"
